1.484375000000000000e+01,1.838085900000000095e+01,1.600000000000000000e+01,nan,2.400000000000000000e+01,2.100000000000000000e+01,1.875000000000000000e+01,2.460937500000000000e+01,2.500000000000000000e+01,2.500000000000000000e+01,3.095703100000000063e+01,3.400000000000000000e+01,3.073437500000000000e+01,nan,2.628125000000000000e+01,2.700000000000000000e+01,nan,nan,nan,2.579296899999999937e+01,3.493164099999999905e+01,3.300000000000000000e+01,nan,2.949218799999999874e+01,nan,nan,2.600000000000000000e+01,nan,nan,nan,nan,nan,nan,nan,nan,nan,nan,nan,nan,nan,nan,nan,nan,2.200000000000000000e+01,nan,2.300000000000000000e+01,1.900000000000000000e+01,2.600000000000000000e+01,3.000000000000000000e+01,3.100000000000000000e+01,3.000000000000000000e+01,nan,3.000000000000000000e+01,2.700000000000000000e+01,nan,3.000000000000000000e+01,2.300000000000000000e+01,nan,nan,nan,nan,nan,2.265625000000000000e+01,3.150000000000000000e+01,3.400000000000000000e+01,2.851562500000000000e+01,nan,nan,nan,3.046875000000000000e+01,nan,nan,nan,nan,nan,nan,nan,nan,nan,nan,nan,nan,nan,3.418750000000000000e+01,nan,nan,nan,nan,nan,nan,nan,nan,nan,nan,nan,nan,nan,nan,nan,nan,nan,nan,nan,nan,nan,nan,nan,nan,nan,nan,nan,nan,nan,nan,nan,nan,nan,nan,nan,nan,3.437500000000000000e+01,nan,nan,nan,nan,nan,nan,nan,nan
1.700000000000000000e+01,1.679687500000000000e+01,1.679687500000000000e+01,nan,1.875000000000000000e+01,2.000000000000000000e+01,2.070312500000000000e+01,2.600000000000000000e+01,2.400000000000000000e+01,2.200000000000000000e+01,2.257812500000000000e+01,3.437500000000000000e+01,nan,nan,2.232812500000000000e+01,3.200000000000000000e+01,nan,nan,nan,1.972656200000000126e+01,2.656250000000000000e+01,nan,nan,nan,nan,nan,nan,nan,nan,nan,nan,nan,nan,nan,nan,nan,nan,nan,nan,nan,nan,nan,nan,2.800000000000000000e+01,nan,nan,2.656250000000000000e+01,2.950000000000000000e+01,3.023437500000000000e+01,3.100000000000000000e+01,2.900000000000000000e+01,nan,3.000000000000000000e+01,2.700000000000000000e+01,nan,3.200000000000000000e+01,2.500000000000000000e+01,nan,nan,nan,nan,nan,2.460937500000000000e+01,nan,nan,2.656250000000000000e+01,nan,nan,2.000000000000000000e+01,nan,nan,nan,nan,nan,nan,nan,nan,nan,nan,nan,nan,nan,nan,nan,nan,nan,nan,nan,nan,nan,nan,nan,nan,nan,nan,nan,nan,nan,nan,nan,nan,nan,nan,nan,nan,nan,nan,nan,nan,nan,nan,nan,nan,nan,nan,nan,nan,nan,nan,nan,nan,nan,nan,nan,nan,nan,nan,nan,nan
1.484375000000000000e+01,1.600000000000000000e+01,1.289062500000000000e+01,nan,2.480468799999999874e+01,2.300000000000000000e+01,1.679687500000000000e+01,2.100000000000000000e+01,1.972656200000000126e+01,2.070312500000000000e+01,2.265625000000000000e+01,2.600000000000000000e+01,nan,nan,2.400000000000000000e+01,2.000000000000000000e+01,nan,nan,nan,1.900000000000000000e+01,nan,nan,nan,nan,nan,nan,nan,nan,nan,nan,nan,nan,nan,nan,nan,nan,nan,nan,nan,nan,nan,nan,nan,nan,nan,nan,nan,nan,nan,2.900000000000000000e+01,1.679693800000000081e+01,nan,2.070312500000000000e+01,1.700000000000000000e+01,nan,2.265625000000000000e+01,1.875000000000000000e+01,nan,nan,nan,nan,nan,1.887500000000000000e+01,nan,nan,nan,nan,nan,nan,nan,nan,nan,nan,nan,nan,nan,nan,nan,nan,nan,nan,nan,nan,nan,nan,nan,nan,nan,nan,nan,nan,nan,nan,nan,nan,nan,nan,nan,nan,nan,nan,nan,nan,nan,nan,nan,nan,nan,nan,nan,nan,nan,nan,nan,nan,nan,nan,nan,nan,nan,nan,nan,nan,nan,nan,nan,nan,nan,nan
nan,nan,nan,nan,nan,nan,nan,nan,nan,nan,nan,nan,nan,nan,nan,nan,nan,nan,nan,nan,nan,nan,nan,nan,nan,nan,nan,nan,nan,nan,nan,nan,nan,nan,nan,nan,nan,nan,nan,nan,nan,nan,nan,nan,nan,nan,nan,nan,nan,nan,nan,nan,nan,nan,nan,nan,nan,nan,nan,nan,nan,nan,nan,nan,nan,nan,nan,nan,nan,nan,nan,nan,nan,nan,nan,nan,nan,nan,nan,nan,nan,nan,nan,nan,nan,nan,nan,nan,nan,nan,nan,nan,nan,nan,nan,nan,nan,nan,nan,nan,nan,nan,nan,nan,nan,nan,nan,nan,nan,nan,nan,nan,nan,nan,nan,nan,nan,nan,nan,nan,nan,nan,nan,nan,nan,nan,nan,nan,nan
2.265625000000000000e+01,2.000000000000000000e+01,2.400000000000000000e+01,nan,1.800000000000000000e+01,1.900000000000000000e+01,2.265625000000000000e+01,nan,2.460937500000000000e+01,2.100000000000000000e+01,2.200000000000000000e+01,3.100000000000000000e+01,nan,nan,nan,nan,nan,nan,nan,2.100000000000000000e+01,2.800000000000000000e+01,nan,nan,nan,nan,nan,nan,nan,nan,nan,nan,nan,nan,nan,nan,nan,nan,nan,nan,nan,nan,nan,nan,nan,nan,nan,nan,1.484375000000000000e+01,nan,nan,3.300000000000000000e+01,nan,nan,1.582031199999999949e+01,nan,nan,2.412109399999999937e+01,nan,nan,nan,nan,nan,nan,nan,nan,nan,nan,nan,2.232812500000000000e+01,nan,nan,nan,nan,nan,3.400000000000000000e+01,nan,nan,nan,nan,nan,nan,nan,nan,2.300000000000000000e+01,nan,nan,nan,nan,nan,nan,nan,nan,nan,nan,nan,nan,nan,nan,nan,nan,nan,nan,nan,nan,nan,nan,nan,nan,nan,nan,nan,nan,nan,nan,nan,nan,nan,nan,nan,nan,nan,nan,nan,nan,nan,nan,nan,nan,nan
2.200000000000000000e+01,2.100000000000000000e+01,2.656250000000000000e+01,nan,2.000000000000000000e+01,1.679687500000000000e+01,2.460937500000000000e+01,nan,2.656250000000000000e+01,2.600000000000000000e+01,3.000000000000000000e+01,3.500000000000000000e+01,nan,nan,nan,nan,nan,nan,nan,2.265625000000000000e+01,2.900000000000000000e+01,nan,nan,nan,nan,nan,nan,nan,nan,nan,nan,nan,nan,nan,nan,nan,nan,nan,nan,nan,nan,nan,nan,3.200000000000000000e+01,nan,2.950000000000000000e+01,3.046875000000000000e+01,3.291015600000000063e+01,3.250000000000000000e+01,3.300000000000000000e+01,3.437500000000000000e+01,nan,3.100000000000000000e+01,2.950000000000000000e+01,nan,nan,3.242187500000000000e+01,nan,nan,nan,nan,nan,2.700000000000000000e+01,2.900000000000000000e+01,nan,2.265625000000000000e+01,nan,nan,nan,2.100000000000000000e+01,nan,nan,nan,nan,nan,nan,nan,nan,nan,nan,nan,nan,nan,2.200000000000000000e+01,nan,nan,nan,nan,nan,nan,nan,nan,nan,nan,nan,nan,nan,nan,nan,nan,nan,nan,nan,nan,nan,nan,nan,nan,nan,nan,nan,nan,nan,nan,nan,nan,nan,nan,nan,nan,nan,nan,nan,nan,nan,nan,nan,nan,nan
1.700000000000000000e+01,2.000000000000000000e+01,1.600000000000000000e+01,nan,2.265625000000000000e+01,2.265625000000000000e+01,1.484375000000000000e+01,1.777343799999999874e+01,1.700000000000000000e+01,1.700000000000000000e+01,1.900000000000000000e+01,2.656250000000000000e+01,2.700000000000000000e+01,2.579296899999999937e+01,2.167968799999999874e+01,2.000000000000000000e+01,1.948242199999999968e+01,nan,nan,1.950000000000000000e+01,2.265625000000000000e+01,2.850000000000000000e+01,nan,2.100000000000000000e+01,nan,3.023437500000000000e+01,2.400000000000000000e+01,nan,nan,nan,2.700000000000000000e+01,nan,nan,nan,nan,nan,nan,nan,nan,nan,nan,nan,nan,1.986328100000000063e+01,nan,1.900000000000000000e+01,1.800000000000000000e+01,1.875012600000000162e+01,3.600000000000000000e+01,2.998046899999999937e+01,2.200000000000000000e+01,2.750000000000000000e+01,2.363281200000000126e+01,2.000000000000000000e+01,nan,2.265625000000000000e+01,1.700000000000000000e+01,nan,nan,nan,nan,nan,1.900000000000000000e+01,2.100000000000000000e+01,nan,nan,nan,nan,nan,nan,2.631835900000000095e+01,2.900000000000000000e+01,3.242187500000000000e+01,nan,nan,nan,nan,nan,nan,nan,nan,nan,nan,nan,nan,nan,nan,nan,nan,nan,nan,nan,nan,nan,nan,nan,nan,nan,nan,nan,nan,nan,nan,nan,nan,nan,nan,nan,nan,nan,nan,nan,nan,nan,nan,nan,nan,nan,nan,nan,3.000000000000000000e+01,nan,nan,nan,nan,nan,nan,nan,nan
2.000000000000000000e+01,2.800000000000000000e+01,2.100000000000000000e+01,nan,2.900000000000000000e+01,2.900000000000000000e+01,1.679687500000000000e+01,1.500000000000000000e+01,1.875000000000000000e+01,2.900000000000000000e+01,2.208398400000000095e+01,2.900000000000000000e+01,2.600000000000000000e+01,3.000000000000000000e+01,1.875000000000000000e+01,1.700000000000000000e+01,1.972656200000000126e+01,2.460937500000000000e+01,nan,2.700000000000000000e+01,2.800000000000000000e+01,3.200000000000000000e+01,nan,1.875000000000000000e+01,2.600000000000000000e+01,3.046875000000000000e+01,2.800000000000000000e+01,nan,nan,nan,3.369921899999999937e+01,nan,nan,nan,nan,nan,nan,nan,nan,nan,nan,nan,nan,1.875000000000000000e+01,nan,1.700000000000000000e+01,1.700000000000000000e+01,2.000000000000000000e+01,2.900000000000000000e+01,3.000000000000000000e+01,2.025000000000000000e+01,2.850000000000000000e+01,2.200000000000000000e+01,1.700000000000000000e+01,2.500000000000000000e+01,2.100000000000000000e+01,1.700000000000000000e+01,nan,nan,nan,nan,nan,1.800000000000000000e+01,2.300000000000000000e+01,nan,nan,nan,nan,nan,nan,3.400000000000000000e+01,3.046875000000000000e+01,nan,nan,nan,nan,nan,nan,nan,3.221093799999999874e+01,nan,nan,nan,nan,nan,nan,nan,nan,nan,nan,nan,nan,nan,nan,nan,nan,nan,nan,nan,nan,nan,nan,nan,nan,nan,nan,nan,nan,nan,nan,nan,nan,nan,nan,nan,nan,nan,nan,nan,nan,2.998046899999999937e+01,nan,nan,nan,nan,nan,nan,nan,nan
2.167968799999999874e+01,2.200000000000000000e+01,2.100000000000000000e+01,nan,2.363281200000000126e+01,3.100000000000000000e+01,1.800000000000000000e+01,1.800000000000000000e+01,1.600000000000000000e+01,1.875000000000000000e+01,1.700000000000000000e+01,1.777343799999999874e+01,2.100000000000000000e+01,2.100000000000000000e+01,1.800000000000000000e+01,2.000000000000000000e+01,1.900000000000000000e+01,2.000000000000000000e+01,2.265625000000000000e+01,1.800000000000000000e+01,1.800000000000000000e+01,2.265625000000000000e+01,nan,1.900000000000000000e+01,1.289062500000000000e+01,2.400000000000000000e+01,1.484375000000000000e+01,nan,nan,nan,2.700000000000000000e+01,nan,nan,nan,2.656250000000000000e+01,nan,nan,nan,nan,nan,nan,nan,nan,1.393359399999999937e+01,nan,nan,nan,1.484375000000000000e+01,1.386718800000000051e+01,2.167968799999999874e+01,2.000000000000000000e+01,nan,1.484375000000000000e+01,1.400000000000000000e+01,nan,2.070312500000000000e+01,1.911914099999999905e+01,nan,nan,nan,nan,nan,nan,1.550000000000000000e+01,nan,nan,nan,nan,nan,nan,nan,nan,3.046875000000000000e+01,nan,nan,nan,nan,nan,nan,nan,nan,nan,nan,nan,nan,nan,nan,nan,nan,nan,nan,nan,nan,nan,nan,nan,nan,nan,nan,nan,nan,nan,nan,nan,nan,nan,nan,nan,nan,nan,nan,nan,nan,nan,nan,nan,nan,nan,nan,nan,nan,nan,nan,nan,nan,nan,nan,nan,nan
2.183984399999999937e+01,1.900000000000000000e+01,1.972656200000000126e+01,nan,1.875000000000000000e+01,1.900000000000000000e+01,1.800000000000000000e+01,2.381640600000000063e+01,1.800000000000000000e+01,1.679687500000000000e+01,1.777343799999999874e+01,2.300000000000000000e+01,2.900000000000000000e+01,nan,2.200000000000000000e+01,1.986328100000000063e+01,nan,nan,nan,1.800000000000000000e+01,2.150000000000000000e+01,nan,nan,nan,nan,nan,nan,nan,nan,nan,nan,nan,nan,nan,nan,nan,nan,nan,nan,nan,nan,nan,nan,nan,nan,nan,nan,1.386718800000000051e+01,nan,2.700000000000000000e+01,2.363281200000000126e+01,nan,1.386718800000000051e+01,1.386718800000000051e+01,nan,2.350000000000000000e+01,2.119140600000000063e+01,nan,nan,nan,nan,nan,nan,nan,nan,nan,nan,nan,nan,nan,nan,nan,2.900000000000000000e+01,nan,2.900000000000000000e+01,nan,nan,nan,nan,nan,nan,nan,nan,nan,nan,nan,nan,nan,nan,nan,nan,nan,nan,nan,nan,nan,nan,nan,nan,nan,nan,nan,nan,nan,nan,nan,nan,nan,nan,nan,nan,nan,nan,nan,nan,nan,nan,nan,nan,nan,nan,nan,nan,nan,nan,nan,nan,nan,nan
2.700000000000000000e+01,2.700000000000000000e+01,3.046875000000000000e+01,nan,2.300000000000000000e+01,2.900000000000000000e+01,2.300000000000000000e+01,2.753906200000000126e+01,1.875000000000000000e+01,1.972656200000000126e+01,1.679687500000000000e+01,2.000000000000000000e+01,2.100000000000000000e+01,2.300000000000000000e+01,2.363281200000000126e+01,nan,nan,nan,nan,1.900000000000000000e+01,1.900000000000000000e+01,2.900000000000000000e+01,nan,nan,nan,nan,nan,nan,nan,nan,nan,nan,nan,nan,nan,nan,nan,nan,nan,nan,nan,nan,nan,nan,nan,nan,nan,3.000000000000000000e+01,nan,3.535156200000000126e+01,3.500000000000000000e+01,nan,nan,2.700000000000000000e+01,nan,nan,2.500000000000000000e+01,nan,nan,nan,nan,nan,nan,nan,nan,nan,nan,nan,3.300000000000000000e+01,nan,nan,nan,2.000000000000000000e+01,nan,2.300000000000000000e+01,nan,nan,nan,nan,nan,nan,nan,nan,1.900000000000000000e+01,nan,nan,nan,nan,nan,nan,nan,nan,nan,nan,nan,nan,nan,nan,nan,nan,nan,nan,nan,nan,nan,nan,nan,nan,nan,nan,nan,nan,nan,nan,nan,nan,nan,nan,nan,nan,nan,nan,nan,nan,nan,nan,nan,nan,nan
3.400000000000000000e+01,3.700000000000000000e+01,3.437500000000000000e+01,nan,3.600000000000000000e+01,3.632812500000000000e+01,3.000000000000000000e+01,2.579296899999999937e+01,1.900000000000000000e+01,2.607421899999999937e+01,1.900000000000000000e+01,1.484375000000000000e+01,1.679687500000000000e+01,1.875000000000000000e+01,1.800000000000000000e+01,2.529296899999999937e+01,2.070312500000000000e+01,1.800000000000000000e+01,2.550000000000000000e+01,2.200000000000000000e+01,1.679687500000000000e+01,2.400000000000000000e+01,3.221093799999999874e+01,nan,nan,nan,nan,nan,nan,nan,nan,nan,nan,nan,nan,nan,nan,nan,nan,nan,nan,nan,nan,nan,nan,nan,nan,nan,nan,nan,3.242187500000000000e+01,nan,nan,3.100000000000000000e+01,nan,2.656250000000000000e+01,2.700000000000000000e+01,nan,nan,nan,nan,nan,nan,nan,nan,nan,nan,nan,nan,nan,nan,nan,nan,nan,2.900000000000000000e+01,1.800000000000000000e+01,1.679687500000000000e+01,nan,nan,nan,nan,nan,nan,nan,nan,nan,nan,nan,nan,nan,nan,nan,nan,nan,nan,nan,nan,nan,nan,nan,nan,nan,nan,nan,nan,nan,nan,nan,nan,nan,nan,nan,nan,nan,nan,nan,nan,nan,nan,nan,nan,nan,nan,nan,nan,nan,nan,nan,nan
nan,3.500000000000000000e+01,nan,nan,nan,nan,2.726953100000000063e+01,2.656250000000000000e+01,2.400000000000000000e+01,3.100000000000000000e+01,2.265625000000000000e+01,1.679687500000000000e+01,1.300000000000000000e+01,1.400000000000000000e+01,1.600000000000000000e+01,2.460937500000000000e+01,1.700000000000000000e+01,1.500000000000000000e+01,1.600000000000000000e+01,2.100000000000000000e+01,1.500000000000000000e+01,1.500000000000000000e+01,2.450000000000000000e+01,2.575000000000000000e+01,2.000000000000000000e+01,nan,2.133984399999999937e+01,1.986328100000000063e+01,nan,nan,nan,nan,nan,nan,2.363281200000000126e+01,nan,nan,nan,nan,nan,nan,nan,nan,nan,nan,nan,nan,nan,nan,nan,nan,nan,nan,nan,nan,2.800000000000000000e+01,2.900000000000000000e+01,nan,nan,nan,nan,nan,nan,nan,nan,nan,nan,nan,nan,nan,nan,nan,nan,nan,nan,2.100000000000000000e+01,1.400000000000000000e+01,1.200000000000000000e+01,2.300000000000000000e+01,nan,nan,1.600000000000000000e+01,nan,nan,1.800000000000000000e+01,1.689843799999999874e+01,nan,nan,nan,nan,nan,nan,nan,nan,nan,nan,nan,nan,nan,nan,nan,nan,nan,nan,nan,nan,nan,nan,nan,nan,nan,nan,nan,nan,nan,nan,nan,nan,nan,nan,nan,nan,nan,nan,nan,nan,nan,nan,nan
nan,nan,nan,nan,nan,nan,3.046875000000000000e+01,2.075000000000000000e+01,2.600000000000000000e+01,3.000000000000000000e+01,2.300000000000000000e+01,1.777343799999999874e+01,1.450000000000000000e+01,1.484375000000000000e+01,1.504394500000000079e+01,2.656250000000000000e+01,1.500000000000000000e+01,1.484375000000000000e+01,1.484375000000000000e+01,nan,1.700000000000000000e+01,1.700000000000000000e+01,3.700000000000000000e+01,2.070312500000000000e+01,1.679687500000000000e+01,nan,nan,2.656250000000000000e+01,2.851562500000000000e+01,nan,3.600000000000000000e+01,nan,nan,nan,2.900000000000000000e+01,nan,nan,nan,nan,nan,nan,nan,nan,nan,nan,nan,nan,nan,nan,nan,nan,nan,nan,nan,nan,2.558593799999999874e+01,2.381640600000000063e+01,nan,nan,nan,nan,nan,nan,nan,nan,nan,nan,nan,nan,nan,nan,nan,nan,nan,nan,nan,1.750000000000000000e+01,1.300000000000000000e+01,nan,nan,nan,nan,nan,nan,nan,nan,nan,nan,nan,nan,nan,nan,nan,nan,nan,nan,nan,nan,nan,nan,nan,nan,nan,nan,nan,nan,nan,nan,nan,nan,nan,nan,nan,nan,nan,nan,nan,nan,nan,nan,nan,nan,nan,nan,nan,nan,nan,nan,nan
2.900390600000000063e+01,3.300000000000000000e+01,3.242187500000000000e+01,nan,nan,nan,2.265625000000000000e+01,1.900000000000000000e+01,1.800000000000000000e+01,2.167968799999999874e+01,2.480468799999999874e+01,1.900000000000000000e+01,1.500000000000000000e+01,1.484375000000000000e+01,1.386718800000000051e+01,1.700000000000000000e+01,1.400000000000000000e+01,1.492187500000000000e+01,2.000000000000000000e+01,2.700000000000000000e+01,1.700000000000000000e+01,1.813085900000000095e+01,3.700000000000000000e+01,1.800000000000000000e+01,1.600000000000000000e+01,2.000000000000000000e+01,2.400000000000000000e+01,2.656250000000000000e+01,2.500000000000000000e+01,nan,2.726953100000000063e+01,2.998046899999999937e+01,nan,3.000000000000000000e+01,2.700000000000000000e+01,nan,nan,nan,nan,nan,nan,nan,nan,nan,nan,nan,nan,nan,nan,3.100000000000000000e+01,2.900195300000000032e+01,nan,2.000000000000000000e+01,1.936328100000000063e+01,2.021484399999999937e+01,1.850585900000000095e+01,2.406054699999999968e+01,nan,nan,nan,nan,nan,nan,3.300000000000000000e+01,nan,nan,nan,nan,nan,nan,nan,nan,3.500000000000000000e+01,nan,nan,2.700000000000000000e+01,2.300000000000000000e+01,nan,2.300000000000000000e+01,nan,1.850000000000000000e+01,nan,nan,nan,nan,nan,nan,nan,nan,nan,nan,nan,nan,nan,nan,nan,nan,nan,nan,nan,nan,nan,nan,nan,nan,nan,nan,nan,nan,nan,nan,nan,nan,nan,nan,nan,nan,nan,nan,nan,nan,nan,nan,nan,nan,nan,nan,nan,nan
2.100000000000000000e+01,2.250000000000000000e+01,1.679687500000000000e+01,nan,nan,nan,1.600000000000000000e+01,1.500000000000000000e+01,1.800000000000000000e+01,2.000000000000000000e+01,1.500000000000000000e+01,2.150000000000000000e+01,2.200000000000000000e+01,2.200000000000000000e+01,1.500000000000000000e+01,1.484375000000000000e+01,1.679687500000000000e+01,2.167968799999999874e+01,2.753906200000000126e+01,1.679687500000000000e+01,2.300000000000000000e+01,2.600000000000000000e+01,nan,1.900000000000000000e+01,2.400000000000000000e+01,2.500000000000000000e+01,2.400000000000000000e+01,2.924609399999999937e+01,nan,nan,2.000000000000000000e+01,nan,nan,nan,nan,nan,nan,nan,nan,nan,nan,nan,nan,1.777343799999999874e+01,nan,1.700000000000000000e+01,1.700000000000000000e+01,1.600000000000000000e+01,2.480468799999999874e+01,2.000000000000000000e+01,1.700000000000000000e+01,2.692871099999999984e+01,1.875000000000000000e+01,1.600000000000000000e+01,2.200000000000000000e+01,2.070312500000000000e+01,1.800000000000000000e+01,nan,nan,nan,nan,nan,1.763671899999999937e+01,2.070325300000000013e+01,nan,nan,nan,nan,nan,nan,nan,3.100000000000000000e+01,nan,nan,nan,nan,nan,nan,nan,3.000000000000000000e+01,nan,nan,nan,nan,nan,nan,nan,3.046875000000000000e+01,nan,nan,nan,nan,nan,nan,nan,nan,nan,nan,nan,nan,nan,nan,nan,nan,nan,nan,nan,nan,nan,nan,nan,nan,nan,nan,1.289062500000000000e+01,nan,nan,nan,nan,3.500000000000000000e+01,3.437500000000000000e+01,nan,nan,nan,nan,nan,nan,nan,nan
nan,nan,nan,nan,nan,nan,2.000000000000000000e+01,1.600000000000000000e+01,1.900000000000000000e+01,nan,nan,1.750000000000000000e+01,1.400000000000000000e+01,1.500000000000000000e+01,1.300000000000000000e+01,1.600000000000000000e+01,1.289062500000000000e+01,1.289062500000000000e+01,1.875000000000000000e+01,nan,1.700000000000000000e+01,1.600000000000000000e+01,nan,1.600000000000000000e+01,1.400000000000000000e+01,1.700000000000000000e+01,1.875000000000000000e+01,2.265625000000000000e+01,nan,nan,2.000000000000000000e+01,nan,nan,1.986328100000000063e+01,2.400000000000000000e+01,nan,nan,nan,nan,nan,nan,nan,nan,nan,nan,nan,nan,nan,nan,nan,1.344531199999999949e+01,nan,2.600000000000000000e+01,1.800000000000000000e+01,nan,2.000000000000000000e+01,2.558593799999999874e+01,nan,nan,nan,nan,nan,nan,nan,nan,nan,nan,nan,nan,nan,nan,nan,nan,nan,nan,nan,nan,nan,nan,nan,2.406054699999999968e+01,nan,nan,nan,nan,nan,nan,nan,nan,nan,nan,nan,nan,nan,nan,nan,nan,nan,nan,nan,nan,nan,nan,nan,nan,nan,nan,nan,nan,nan,nan,nan,nan,nan,nan,nan,nan,nan,nan,nan,nan,nan,nan,nan,nan,nan,nan,nan,nan
nan,nan,nan,nan,nan,nan,2.021484399999999937e+01,1.900000000000000000e+01,2.070312500000000000e+01,1.191406199999999949e+01,1.887500000000000000e+01,1.900000000000000000e+01,1.386718800000000051e+01,1.294531199999999949e+01,1.400000000000000000e+01,2.070312500000000000e+01,1.400000000000000000e+01,1.100000000000000000e+01,1.200000000000000000e+01,nan,1.582031199999999949e+01,1.600000000000000000e+01,1.679687500000000000e+01,2.167968799999999874e+01,1.386718800000000051e+01,1.582031199999999949e+01,1.875000000000000000e+01,1.800000000000000000e+01,2.363281200000000126e+01,2.529296899999999937e+01,2.460937500000000000e+01,nan,nan,1.484375000000000000e+01,1.679687500000000000e+01,nan,nan,nan,nan,nan,nan,nan,nan,nan,nan,nan,nan,nan,nan,nan,nan,nan,1.700000000000000000e+01,nan,nan,2.070312500000000000e+01,2.216796899999999937e+01,nan,nan,nan,nan,nan,nan,nan,nan,nan,nan,nan,nan,nan,nan,nan,nan,nan,nan,nan,1.875000000000000000e+01,nan,nan,nan,1.492187500000000000e+01,2.050000000000000000e+01,nan,nan,nan,nan,nan,nan,nan,nan,nan,nan,nan,nan,nan,nan,nan,nan,nan,nan,nan,nan,nan,nan,nan,nan,nan,nan,nan,nan,nan,nan,nan,nan,nan,nan,nan,nan,nan,nan,nan,nan,nan,nan,nan,nan,nan,nan,nan
nan,nan,nan,nan,nan,nan,nan,nan,2.265625000000000000e+01,nan,nan,2.200000000000000000e+01,1.306738299999999953e+01,1.400000000000000000e+01,1.679687500000000000e+01,2.600000000000000000e+01,1.500000000000000000e+01,1.289062500000000000e+01,1.289062500000000000e+01,nan,1.484375000000000000e+01,1.400000000000000000e+01,1.500000000000000000e+01,1.875000000000000000e+01,1.500000000000000000e+01,1.500000000000000000e+01,1.788671899999999937e+01,1.700000000000000000e+01,2.000000000000000000e+01,1.937500000000000000e+01,1.582031199999999949e+01,nan,nan,1.700000000000000000e+01,1.667480499999999921e+01,nan,nan,nan,nan,nan,nan,nan,nan,nan,nan,nan,nan,nan,nan,nan,nan,nan,nan,nan,nan,2.300000000000000000e+01,2.702539099999999905e+01,nan,nan,nan,nan,nan,nan,nan,nan,nan,nan,nan,nan,nan,nan,nan,nan,nan,nan,nan,nan,nan,nan,nan,nan,nan,nan,nan,nan,nan,nan,nan,nan,nan,nan,nan,nan,nan,nan,nan,nan,nan,nan,nan,nan,nan,nan,nan,nan,nan,nan,nan,nan,nan,nan,nan,nan,nan,nan,nan,nan,nan,nan,nan,nan,nan,nan,nan,nan,nan,nan,nan,nan
2.400000000000000000e+01,2.100000000000000000e+01,1.875000000000000000e+01,nan,2.100000000000000000e+01,2.100000000000000000e+01,2.300000000000000000e+01,2.900000000000000000e+01,2.300000000000000000e+01,2.200000000000000000e+01,2.200000000000000000e+01,2.500000000000000000e+01,2.700000000000000000e+01,nan,2.050000000000000000e+01,nan,nan,nan,nan,1.600000000000000000e+01,2.460937500000000000e+01,2.600000000000000000e+01,nan,nan,nan,nan,nan,nan,nan,nan,nan,nan,nan,nan,nan,nan,nan,nan,nan,nan,nan,nan,nan,nan,nan,nan,nan,nan,nan,nan,2.900000000000000000e+01,nan,nan,nan,nan,nan,3.046875000000000000e+01,nan,nan,nan,nan,nan,3.315429699999999968e+01,nan,nan,nan,nan,nan,3.350000000000000000e+01,nan,nan,nan,nan,nan,2.950000000000000000e+01,nan,nan,nan,nan,nan,nan,nan,nan,2.200000000000000000e+01,nan,nan,nan,nan,nan,nan,nan,nan,nan,nan,nan,nan,nan,nan,nan,nan,nan,nan,nan,nan,nan,nan,nan,nan,nan,nan,nan,nan,nan,nan,nan,nan,nan,nan,nan,nan,nan,nan,nan,nan,nan,nan,nan,nan,nan
3.023437500000000000e+01,3.100000000000000000e+01,nan,nan,2.300000000000000000e+01,1.800000000000000000e+01,2.753906200000000126e+01,2.500000000000000000e+01,2.167968799999999874e+01,2.802734399999999937e+01,2.021484399999999937e+01,1.875000000000000000e+01,1.911914099999999905e+01,2.000000000000000000e+01,1.875000000000000000e+01,3.000000000000000000e+01,2.400000000000000000e+01,2.300000000000000000e+01,2.300000000000000000e+01,1.900000000000000000e+01,1.679687500000000000e+01,1.972656200000000126e+01,1.900000000000000000e+01,3.000000000000000000e+01,nan,1.289062500000000000e+01,nan,nan,nan,nan,nan,nan,nan,nan,2.200000000000000000e+01,nan,nan,nan,nan,nan,nan,nan,nan,nan,nan,nan,nan,nan,nan,nan,2.300000000000000000e+01,nan,nan,1.542187500000000000e+01,nan,3.344335900000000095e+01,3.073437500000000000e+01,nan,nan,nan,nan,nan,nan,nan,nan,nan,nan,nan,nan,nan,nan,nan,nan,nan,2.851562500000000000e+01,2.265625000000000000e+01,2.400000000000000000e+01,nan,nan,nan,nan,nan,nan,nan,1.750000000000000000e+01,nan,nan,nan,nan,nan,nan,nan,nan,nan,nan,nan,nan,nan,nan,nan,nan,nan,nan,nan,nan,nan,nan,nan,nan,nan,nan,nan,nan,nan,nan,nan,nan,nan,nan,nan,nan,nan,nan,nan,nan,nan,nan,nan,nan
2.400000000000000000e+01,2.400000000000000000e+01,nan,nan,2.380468799999999874e+01,1.900000000000000000e+01,2.265625000000000000e+01,3.418750000000000000e+01,2.900390600000000063e+01,2.167968799999999874e+01,2.363281200000000126e+01,2.200000000000000000e+01,1.777343799999999874e+01,1.700000000000000000e+01,2.000000000000000000e+01,2.430468799999999874e+01,1.600000000000000000e+01,1.788671899999999937e+01,1.800000000000000000e+01,2.300000000000000000e+01,1.500000000000000000e+01,1.557617199999999968e+01,1.700000000000000000e+01,1.800000000000000000e+01,1.875000000000000000e+01,1.600000000000000000e+01,2.070312500000000000e+01,1.900000000000000000e+01,nan,nan,2.800000000000000000e+01,nan,nan,1.972656200000000126e+01,1.900000000000000000e+01,nan,nan,nan,nan,nan,nan,nan,nan,nan,nan,nan,nan,nan,nan,nan,3.100000000000000000e+01,nan,2.400000000000000000e+01,2.800000000000000000e+01,nan,2.500000000000000000e+01,3.097851599999999905e+01,nan,nan,nan,nan,nan,nan,2.800000000000000000e+01,nan,nan,nan,nan,nan,nan,nan,nan,nan,nan,nan,nan,1.800000000000000000e+01,nan,nan,nan,nan,nan,nan,nan,nan,1.600000000000000000e+01,nan,nan,nan,nan,nan,nan,nan,nan,nan,nan,nan,nan,nan,nan,nan,nan,nan,nan,nan,nan,nan,nan,nan,nan,nan,nan,nan,nan,nan,nan,nan,nan,nan,nan,nan,nan,nan,nan,nan,nan,nan,nan,nan
nan,nan,nan,nan,nan,2.050000000000000000e+01,nan,nan,nan,nan,nan,nan,2.400000000000000000e+01,nan,nan,nan,nan,nan,1.800000000000000000e+01,nan,1.650000000000000000e+01,1.752929699999999968e+01,1.600000000000000000e+01,1.600000000000000000e+01,nan,1.800000000000000000e+01,1.800000000000000000e+01,1.700000000000000000e+01,2.726953100000000063e+01,2.100000000000000000e+01,1.900000000000000000e+01,2.300000000000000000e+01,2.000000000000000000e+01,1.800000000000000000e+01,1.800000000000000000e+01,2.000000000000000000e+01,2.070312500000000000e+01,2.100000000000000000e+01,2.000000000000000000e+01,2.873437500000000000e+01,1.700000000000000000e+01,2.000000000000000000e+01,2.000000000000000000e+01,2.460937500000000000e+01,2.200000000000000000e+01,2.500000000000000000e+01,nan,2.600000000000000000e+01,2.381640600000000063e+01,2.200000000000000000e+01,2.500000000000000000e+01,1.837500000000000000e+01,2.000000000000000000e+01,2.200000000000000000e+01,1.500000000000000000e+01,1.887500000000000000e+01,nan,nan,nan,nan,nan,nan,2.700000000000000000e+01,2.500000000000000000e+01,nan,nan,nan,nan,nan,nan,nan,nan,nan,nan,nan,nan,nan,nan,nan,nan,nan,nan,nan,nan,nan,nan,1.700000000000000000e+01,nan,nan,nan,nan,nan,nan,nan,nan,nan,nan,nan,nan,nan,nan,nan,nan,nan,nan,nan,nan,nan,nan,nan,nan,nan,nan,nan,nan,nan,nan,nan,nan,nan,nan,nan,nan,nan,nan,nan,nan,nan,nan
1.950000000000000000e+01,nan,1.679687500000000000e+01,nan,nan,nan,1.900000000000000000e+01,1.800000000000000000e+01,1.875000000000000000e+01,nan,nan,nan,1.950000000000000000e+01,1.700000000000000000e+01,1.700000000000000000e+01,1.600000000000000000e+01,1.679687500000000000e+01,1.582031199999999949e+01,1.578808599999999984e+01,nan,1.800000000000000000e+01,1.800000000000000000e+01,nan,1.500000000000000000e+01,1.777343799999999874e+01,1.875000000000000000e+01,1.700000000000000000e+01,1.679687500000000000e+01,nan,nan,1.800000000000000000e+01,nan,1.800000000000000000e+01,nan,nan,nan,nan,nan,nan,nan,nan,nan,nan,1.800000000000000000e+01,nan,nan,1.837500000000000000e+01,1.700000000000000000e+01,1.936328100000000063e+01,1.700000000000000000e+01,1.700000000000000000e+01,1.800000000000000000e+01,1.600000000000000000e+01,1.700000000000000000e+01,1.679687500000000000e+01,1.875000000000000000e+01,1.972656200000000126e+01,nan,nan,nan,nan,nan,1.900000000000000000e+01,1.800000000000000000e+01,nan,nan,nan,nan,nan,nan,nan,nan,nan,nan,nan,nan,nan,nan,nan,nan,nan,nan,nan,nan,nan,nan,nan,2.800000000000000000e+01,nan,nan,nan,nan,nan,nan,nan,nan,nan,nan,nan,nan,nan,nan,nan,nan,nan,nan,nan,nan,nan,nan,nan,nan,nan,nan,nan,nan,nan,nan,nan,2.851562500000000000e+01,nan,nan,nan,nan,nan,nan,nan,nan,nan
nan,nan,nan,nan,nan,nan,2.000000000000000000e+01,2.182812500000000000e+01,2.400000000000000000e+01,nan,nan,2.607421899999999937e+01,1.600000000000000000e+01,1.484375000000000000e+01,1.500000000000000000e+01,1.900000000000000000e+01,1.289062500000000000e+01,1.100000000000000000e+01,1.400000000000000000e+01,nan,nan,1.582031199999999949e+01,1.600000000000000000e+01,1.500000000000000000e+01,1.386718800000000051e+01,1.500000000000000000e+01,1.500000000000000000e+01,1.679687500000000000e+01,1.972656200000000126e+01,1.500000000000000000e+01,1.800000000000000000e+01,1.777343799999999874e+01,nan,1.386718800000000051e+01,1.679687500000000000e+01,nan,nan,nan,nan,nan,nan,nan,nan,nan,nan,nan,nan,nan,nan,2.200000000000000000e+01,nan,nan,2.070312500000000000e+01,2.100000000000000000e+01,nan,1.875000000000000000e+01,3.567578100000000063e+01,nan,nan,nan,nan,nan,nan,nan,nan,nan,nan,nan,nan,nan,nan,nan,nan,nan,nan,nan,nan,nan,nan,nan,nan,nan,nan,nan,nan,nan,nan,nan,nan,nan,nan,nan,nan,nan,nan,nan,nan,nan,nan,nan,nan,nan,nan,nan,nan,nan,nan,nan,nan,nan,nan,nan,nan,nan,nan,nan,nan,nan,nan,nan,nan,nan,nan,nan,nan,nan,nan,nan,nan
nan,nan,nan,nan,nan,nan,3.046875000000000000e+01,2.500000000000000000e+01,2.500000000000000000e+01,nan,nan,3.300000000000000000e+01,1.900000000000000000e+01,2.350000000000000000e+01,1.900000000000000000e+01,2.200000000000000000e+01,1.700000000000000000e+01,1.289062500000000000e+01,1.600000000000000000e+01,nan,1.386718800000000051e+01,1.900000000000000000e+01,1.600000000000000000e+01,1.800000000000000000e+01,1.582031199999999949e+01,1.500000000000000000e+01,1.600000000000000000e+01,1.700000000000000000e+01,2.100000000000000000e+01,1.700000000000000000e+01,1.679687500000000000e+01,1.700000000000000000e+01,1.800000000000000000e+01,1.500000000000000000e+01,1.900000000000000000e+01,nan,nan,nan,nan,nan,nan,nan,2.460937500000000000e+01,1.850000000000000000e+01,nan,nan,nan,2.455468799999999874e+01,2.300000000000000000e+01,2.200000000000000000e+01,2.400000000000000000e+01,1.615429699999999968e+01,1.700000000000000000e+01,2.100000000000000000e+01,1.900000000000000000e+01,2.000000000000000000e+01,3.000000000000000000e+01,nan,nan,nan,nan,nan,nan,2.550000000000000000e+01,nan,nan,nan,nan,nan,nan,nan,nan,nan,nan,nan,nan,nan,nan,nan,nan,nan,nan,nan,nan,nan,nan,nan,nan,nan,nan,nan,nan,nan,nan,nan,nan,nan,nan,nan,nan,nan,nan,nan,nan,nan,nan,nan,nan,nan,nan,nan,nan,nan,nan,nan,nan,nan,nan,nan,nan,nan,nan,nan,nan,nan,nan,nan,nan,nan
3.242187500000000000e+01,nan,3.046875000000000000e+01,nan,nan,nan,2.700000000000000000e+01,2.300000000000000000e+01,2.282812500000000000e+01,nan,nan,nan,2.650000000000000000e+01,2.183984399999999937e+01,2.100000000000000000e+01,1.900000000000000000e+01,1.899707000000000079e+01,1.800000000000000000e+01,2.070312500000000000e+01,nan,2.350000000000000000e+01,2.200000000000000000e+01,1.800000000000000000e+01,1.850585900000000095e+01,1.800000000000000000e+01,1.655273400000000095e+01,1.600000000000000000e+01,2.100000000000000000e+01,2.400000000000000000e+01,1.400000000000000000e+01,1.777343799999999874e+01,1.679687500000000000e+01,1.875000000000000000e+01,1.500000000000000000e+01,2.200000000000000000e+01,nan,nan,nan,nan,nan,nan,nan,nan,1.986328100000000063e+01,nan,nan,nan,1.800000000000000000e+01,2.167968799999999874e+01,1.972656200000000126e+01,1.900000000000000000e+01,1.679687500000000000e+01,1.700000000000000000e+01,2.257812500000000000e+01,1.800000000000000000e+01,2.000000000000000000e+01,2.500000000000000000e+01,nan,nan,nan,nan,nan,2.257812500000000000e+01,1.900000000000000000e+01,nan,nan,nan,nan,nan,nan,nan,nan,nan,nan,nan,nan,nan,nan,nan,nan,nan,nan,nan,nan,nan,nan,nan,nan,nan,nan,nan,nan,nan,nan,nan,nan,nan,nan,nan,nan,nan,nan,nan,nan,nan,nan,nan,nan,nan,nan,nan,nan,nan,nan,nan,nan,nan,nan,nan,2.412109399999999937e+01,nan,nan,nan,nan,nan,nan,nan,nan,nan
nan,nan,nan,nan,nan,nan,nan,nan,1.386718800000000051e+01,nan,nan,nan,1.900000000000000000e+01,1.700000000000000000e+01,2.100000000000000000e+01,1.639843799999999874e+01,1.600000000000000000e+01,1.500000000000000000e+01,1.600000000000000000e+01,nan,nan,1.900000000000000000e+01,1.800000000000000000e+01,1.875000000000000000e+01,1.679687500000000000e+01,1.700000000000000000e+01,1.972656200000000126e+01,1.500000000000000000e+01,1.700000000000000000e+01,2.200000000000000000e+01,1.700000000000000000e+01,1.900000000000000000e+01,1.800000000000000000e+01,1.700000000000000000e+01,1.600000000000000000e+01,nan,nan,nan,nan,nan,nan,nan,nan,nan,nan,nan,nan,nan,2.500000000000000000e+01,2.000000000000000000e+01,1.500000000000000000e+01,nan,2.200000000000000000e+01,1.600000000000000000e+01,nan,2.430468799999999874e+01,nan,nan,nan,nan,nan,nan,nan,nan,nan,nan,nan,nan,nan,nan,nan,nan,nan,nan,nan,nan,nan,nan,nan,nan,nan,nan,nan,nan,nan,nan,nan,nan,nan,nan,nan,nan,nan,nan,nan,nan,nan,nan,nan,nan,nan,nan,nan,nan,nan,nan,nan,nan,nan,nan,nan,nan,nan,nan,nan,nan,nan,nan,nan,nan,nan,nan,nan,nan,nan,nan,nan,nan,nan
nan,nan,nan,nan,nan,nan,nan,nan,nan,nan,nan,nan,nan,nan,nan,nan,nan,2.100000000000000000e+01,2.085156200000000126e+01,nan,nan,2.300000000000000000e+01,1.700000000000000000e+01,nan,2.000000000000000000e+01,1.900000000000000000e+01,2.265625000000000000e+01,1.600000000000000000e+01,1.484375000000000000e+01,1.900000000000000000e+01,1.500000000000000000e+01,1.800000000000000000e+01,1.972656200000000126e+01,1.679687500000000000e+01,1.679687500000000000e+01,nan,nan,nan,nan,nan,nan,nan,nan,nan,nan,nan,nan,nan,2.085156200000000126e+01,1.600000000000000000e+01,1.600000000000000000e+01,nan,1.541015600000000063e+01,nan,nan,nan,nan,nan,nan,nan,nan,nan,nan,1.950000000000000000e+01,nan,nan,nan,nan,nan,nan,nan,nan,nan,nan,nan,nan,nan,nan,nan,nan,nan,nan,nan,nan,nan,nan,nan,nan,nan,nan,nan,nan,nan,nan,nan,nan,nan,nan,nan,nan,nan,nan,nan,nan,nan,nan,nan,nan,nan,nan,nan,nan,nan,nan,nan,nan,nan,nan,nan,nan,nan,nan,nan,nan,nan,nan,nan,nan,nan
nan,nan,nan,nan,nan,nan,nan,nan,nan,nan,nan,nan,nan,nan,nan,nan,nan,nan,nan,nan,nan,2.000000000000000000e+01,2.070312500000000000e+01,nan,nan,2.250000000000000000e+01,1.700000000000000000e+01,1.800000000000000000e+01,1.700000000000000000e+01,1.500000000000000000e+01,1.700000000000000000e+01,1.500000000000000000e+01,1.600000000000000000e+01,1.500000000000000000e+01,1.800000000000000000e+01,1.600000000000000000e+01,1.600000000000000000e+01,1.700000000000000000e+01,1.900000000000000000e+01,1.700000000000000000e+01,1.800000000000000000e+01,1.800000000000000000e+01,2.100000000000000000e+01,2.500000000000000000e+01,2.400000000000000000e+01,nan,nan,nan,2.133984399999999937e+01,2.600000000000000000e+01,2.000000000000000000e+01,1.800000000000000000e+01,2.150000000000000000e+01,nan,nan,nan,nan,nan,nan,nan,nan,nan,nan,2.900000000000000000e+01,nan,nan,nan,nan,nan,nan,nan,nan,nan,nan,nan,nan,nan,nan,nan,nan,nan,nan,nan,nan,nan,nan,nan,nan,nan,nan,nan,nan,nan,nan,nan,nan,nan,nan,nan,nan,nan,nan,nan,nan,nan,nan,nan,nan,nan,nan,nan,nan,nan,nan,nan,nan,nan,nan,nan,nan,nan,nan,nan,nan,nan,nan,nan,nan,nan
nan,nan,nan,nan,nan,nan,2.950000000000000000e+01,2.656250000000000000e+01,2.480468799999999874e+01,nan,nan,nan,nan,nan,2.656250000000000000e+01,2.070312500000000000e+01,2.100000000000000000e+01,nan,1.875000000000000000e+01,nan,nan,2.656250000000000000e+01,2.100000000000000000e+01,1.700000000000000000e+01,1.800000000000000000e+01,1.700000000000000000e+01,1.900000000000000000e+01,1.700000000000000000e+01,1.700000000000000000e+01,2.000000000000000000e+01,1.600000000000000000e+01,1.700000000000000000e+01,1.875000000000000000e+01,2.000000000000000000e+01,2.300000000000000000e+01,nan,2.300000000000000000e+01,1.600000000000000000e+01,1.600000000000000000e+01,2.000000000000000000e+01,nan,1.600000000000000000e+01,2.000000000000000000e+01,1.986328100000000063e+01,nan,nan,nan,2.100000000000000000e+01,1.875000000000000000e+01,2.000000000000000000e+01,2.300000000000000000e+01,2.000000000000000000e+01,2.265625000000000000e+01,2.200000000000000000e+01,nan,2.300000000000000000e+01,3.400000000000000000e+01,nan,nan,nan,nan,nan,nan,2.949218799999999874e+01,nan,nan,nan,nan,nan,nan,nan,nan,nan,nan,nan,nan,nan,nan,nan,nan,nan,nan,nan,nan,nan,nan,nan,nan,nan,nan,nan,nan,nan,nan,nan,nan,nan,nan,nan,nan,nan,nan,nan,nan,nan,nan,nan,nan,nan,nan,nan,nan,nan,nan,nan,nan,nan,nan,nan,nan,nan,nan,nan,nan,nan,nan,nan,nan,nan
nan,nan,nan,nan,nan,nan,nan,nan,nan,nan,nan,nan,nan,nan,nan,nan,nan,nan,nan,nan,nan,nan,2.800000000000000000e+01,nan,nan,2.000000000000000000e+01,1.900000000000000000e+01,1.738671899999999937e+01,1.700000000000000000e+01,1.700000000000000000e+01,1.600000000000000000e+01,1.533203100000000063e+01,1.800000000000000000e+01,2.200000000000000000e+01,2.300000000000000000e+01,nan,nan,2.000000000000000000e+01,1.900000000000000000e+01,1.800000000000000000e+01,nan,nan,1.850000000000000000e+01,nan,nan,nan,nan,nan,2.085156200000000126e+01,2.085156200000000126e+01,2.300000000000000000e+01,2.750000000000000000e+01,2.300000000000000000e+01,nan,nan,nan,nan,nan,nan,nan,nan,nan,nan,3.100000000000000000e+01,nan,nan,nan,nan,nan,nan,nan,nan,nan,nan,nan,nan,nan,nan,nan,nan,nan,nan,nan,nan,nan,nan,nan,nan,nan,nan,nan,nan,nan,nan,nan,nan,nan,nan,nan,nan,nan,nan,nan,nan,nan,nan,nan,nan,nan,nan,nan,nan,nan,nan,nan,nan,nan,nan,nan,nan,nan,nan,nan,nan,nan,nan,nan,nan,nan
nan,nan,nan,nan,nan,nan,nan,nan,nan,nan,nan,nan,nan,nan,nan,nan,nan,nan,nan,nan,nan,nan,2.381640600000000063e+01,nan,nan,2.100000000000000000e+01,1.972656200000000126e+01,1.850000000000000000e+01,2.200000000000000000e+01,1.700000000000000000e+01,1.800000000000000000e+01,1.800000000000000000e+01,1.600000000000000000e+01,1.800000000000000000e+01,2.480468799999999874e+01,2.000000000000000000e+01,1.900000000000000000e+01,1.700000000000000000e+01,1.700000000000000000e+01,1.679687500000000000e+01,1.900000000000000000e+01,1.900000000000000000e+01,1.972656200000000126e+01,2.430468799999999874e+01,2.400000000000000000e+01,nan,nan,2.628125000000000000e+01,1.972656200000000126e+01,1.900000000000000000e+01,2.356640600000000063e+01,1.800000000000000000e+01,2.200000000000000000e+01,2.500000000000000000e+01,nan,2.656250000000000000e+01,nan,nan,nan,nan,nan,nan,nan,2.875781200000000126e+01,nan,nan,nan,nan,nan,nan,nan,nan,nan,nan,nan,nan,nan,nan,nan,nan,nan,nan,nan,nan,nan,nan,nan,nan,nan,nan,nan,nan,nan,nan,nan,nan,nan,nan,nan,nan,nan,nan,nan,nan,nan,nan,nan,nan,nan,nan,nan,nan,nan,nan,nan,nan,nan,nan,nan,nan,nan,nan,nan,nan,nan,nan,nan,nan,nan
nan,nan,nan,nan,nan,nan,nan,nan,nan,nan,nan,nan,nan,nan,nan,nan,nan,nan,2.070312500000000000e+01,nan,nan,2.150000000000000000e+01,1.700000000000000000e+01,nan,nan,2.600000000000000000e+01,2.085156200000000126e+01,1.788671899999999937e+01,1.777343799999999874e+01,1.484375000000000000e+01,1.875000000000000000e+01,1.875000000000000000e+01,1.700000000000000000e+01,1.500000000000000000e+01,1.800000000000000000e+01,1.600000000000000000e+01,1.800000000000000000e+01,1.650000000000000000e+01,1.800000000000000000e+01,2.000000000000000000e+01,1.800000000000000000e+01,1.800000000000000000e+01,2.100000000000000000e+01,2.600000000000000000e+01,2.381640600000000063e+01,nan,nan,nan,2.500000000000000000e+01,2.100000000000000000e+01,2.900000000000000000e+01,2.600000000000000000e+01,2.550000000000000000e+01,2.200000000000000000e+01,nan,1.500000000000000000e+01,nan,nan,nan,nan,nan,nan,nan,2.825781200000000126e+01,nan,nan,nan,nan,nan,nan,nan,nan,nan,nan,nan,nan,nan,nan,nan,nan,nan,nan,nan,nan,nan,nan,nan,nan,nan,nan,nan,nan,nan,nan,2.800000000000000000e+01,nan,nan,1.800000000000000000e+01,nan,nan,nan,nan,nan,nan,nan,2.200000000000000000e+01,nan,nan,nan,nan,nan,nan,nan,nan,nan,nan,nan,nan,nan,nan,nan,nan,nan,nan,nan,nan,nan,nan,nan
nan,nan,nan,nan,nan,nan,nan,nan,1.386718800000000051e+01,nan,nan,nan,2.100000000000000000e+01,2.085156200000000126e+01,2.400000000000000000e+01,1.435546899999999937e+01,2.070312500000000000e+01,1.900000000000000000e+01,1.800000000000000000e+01,nan,1.800000000000000000e+01,1.972656200000000126e+01,1.800000000000000000e+01,1.679687500000000000e+01,1.875000000000000000e+01,2.000000000000000000e+01,2.167968799999999874e+01,1.700000000000000000e+01,1.600000000000000000e+01,1.800000000000000000e+01,1.800000000000000000e+01,2.035156200000000126e+01,2.200000000000000000e+01,1.800000000000000000e+01,1.600000000000000000e+01,2.183984399999999937e+01,2.000000000000000000e+01,2.200000000000000000e+01,2.200000000000000000e+01,nan,nan,2.200000000000000000e+01,nan,2.656250000000000000e+01,2.500000000000000000e+01,nan,nan,nan,2.100000000000000000e+01,1.900000000000000000e+01,1.800000000000000000e+01,2.400000000000000000e+01,2.500000000000000000e+01,1.600000000000000000e+01,nan,2.000000000000000000e+01,nan,nan,nan,nan,nan,nan,nan,2.900000000000000000e+01,nan,nan,nan,nan,nan,nan,nan,nan,nan,nan,nan,nan,nan,nan,nan,nan,nan,nan,nan,nan,nan,nan,nan,nan,nan,nan,nan,nan,nan,nan,nan,nan,nan,nan,nan,nan,nan,nan,nan,nan,nan,nan,nan,nan,nan,nan,nan,nan,nan,nan,nan,nan,nan,nan,nan,nan,nan,nan,nan,nan,nan,nan,nan,nan,nan
nan,nan,nan,nan,nan,nan,nan,nan,nan,nan,nan,nan,nan,nan,nan,nan,nan,nan,nan,nan,nan,nan,1.600000000000000000e+01,nan,nan,nan,nan,nan,nan,1.400000000000000000e+01,1.800000000000000000e+01,1.900000000000000000e+01,1.800000000000000000e+01,1.500000000000000000e+01,1.500000000000000000e+01,1.300000000000000000e+01,1.484375000000000000e+01,1.500000000000000000e+01,1.600000000000000000e+01,1.850000000000000000e+01,1.500000000000000000e+01,1.800000000000000000e+01,2.400000000000000000e+01,nan,nan,nan,nan,nan,2.500000000000000000e+01,2.650000000000000000e+01,nan,nan,1.900000000000000000e+01,nan,nan,nan,nan,nan,nan,nan,nan,nan,nan,nan,nan,nan,nan,nan,nan,nan,nan,nan,nan,nan,nan,nan,nan,nan,nan,nan,nan,nan,nan,nan,nan,nan,nan,nan,nan,nan,nan,nan,nan,nan,nan,nan,nan,nan,nan,nan,nan,nan,nan,nan,nan,nan,nan,nan,nan,nan,nan,nan,nan,nan,nan,nan,nan,nan,nan,nan,nan,nan,nan,nan,nan,nan,nan,nan,nan
nan,nan,nan,nan,nan,nan,nan,nan,nan,nan,nan,nan,nan,nan,nan,nan,nan,nan,nan,nan,nan,nan,1.700000000000000000e+01,nan,nan,nan,nan,nan,2.460937500000000000e+01,1.400000000000000000e+01,1.875000000000000000e+01,1.500000000000000000e+01,1.800000000000000000e+01,1.500000000000000000e+01,1.700000000000000000e+01,1.300000000000000000e+01,1.200000000000000000e+01,1.400000000000000000e+01,1.400000000000000000e+01,1.600000000000000000e+01,1.484375000000000000e+01,1.600000000000000000e+01,2.000000000000000000e+01,2.851562500000000000e+01,2.232812500000000000e+01,nan,nan,nan,3.300000000000000000e+01,3.000000000000000000e+01,nan,nan,2.200000000000000000e+01,nan,nan,nan,nan,nan,nan,nan,nan,nan,nan,2.700000000000000000e+01,nan,nan,nan,nan,nan,nan,nan,nan,nan,nan,nan,nan,nan,nan,nan,nan,nan,nan,nan,nan,nan,nan,nan,nan,nan,nan,nan,nan,nan,nan,nan,nan,nan,nan,nan,nan,nan,nan,nan,nan,nan,nan,nan,nan,nan,nan,nan,nan,nan,nan,nan,nan,nan,nan,nan,nan,nan,nan,nan,nan,nan,nan,nan,nan,nan
nan,nan,nan,nan,nan,nan,nan,nan,nan,nan,nan,nan,nan,nan,nan,nan,nan,nan,nan,nan,nan,nan,nan,nan,nan,nan,nan,nan,1.900000000000000000e+01,1.500000000000000000e+01,1.400000000000000000e+01,2.000000000000000000e+01,1.600000000000000000e+01,1.550000000000000000e+01,2.200000000000000000e+01,1.700000000000000000e+01,1.400000000000000000e+01,1.400000000000000000e+01,1.500000000000000000e+01,1.400000000000000000e+01,1.700000000000000000e+01,2.200000000000000000e+01,2.000000000000000000e+01,nan,nan,nan,nan,nan,2.600000000000000000e+01,1.900000000000000000e+01,nan,1.500000000000000000e+01,nan,nan,nan,nan,nan,nan,nan,nan,nan,nan,nan,3.400000000000000000e+01,nan,nan,nan,nan,nan,nan,nan,nan,nan,nan,nan,nan,nan,nan,nan,nan,nan,nan,nan,nan,nan,nan,nan,nan,nan,nan,nan,nan,nan,nan,nan,nan,nan,nan,nan,nan,nan,nan,nan,nan,nan,nan,nan,nan,nan,nan,nan,nan,nan,nan,nan,nan,nan,nan,nan,nan,nan,nan,nan,nan,nan,nan,nan,nan,nan
nan,nan,nan,nan,nan,nan,nan,nan,nan,nan,nan,nan,nan,nan,nan,nan,nan,nan,nan,nan,nan,nan,nan,nan,nan,nan,nan,nan,nan,1.700000000000000000e+01,1.500000000000000000e+01,2.400000000000000000e+01,1.600000000000000000e+01,2.250000000000000000e+01,2.500000000000000000e+01,1.700000000000000000e+01,1.400000000000000000e+01,1.600000000000000000e+01,1.400000000000000000e+01,1.500000000000000000e+01,1.500000000000000000e+01,1.600000000000000000e+01,1.600000000000000000e+01,2.100000000000000000e+01,nan,nan,nan,nan,2.300000000000000000e+01,1.900000000000000000e+01,2.700000000000000000e+01,1.700000000000000000e+01,2.500000000000000000e+01,nan,nan,nan,nan,nan,nan,nan,nan,nan,nan,3.100000000000000000e+01,nan,nan,nan,nan,nan,nan,nan,nan,nan,nan,nan,nan,nan,nan,nan,nan,nan,nan,nan,nan,nan,nan,nan,nan,nan,nan,nan,nan,nan,nan,nan,nan,nan,nan,nan,nan,nan,nan,nan,nan,nan,nan,nan,nan,nan,nan,nan,nan,nan,nan,nan,nan,nan,nan,nan,nan,nan,nan,nan,nan,nan,nan,nan,nan,nan
nan,nan,nan,nan,nan,nan,nan,nan,nan,nan,nan,nan,nan,nan,nan,nan,nan,nan,nan,nan,nan,nan,nan,nan,nan,nan,nan,nan,nan,2.000000000000000000e+01,1.700000000000000000e+01,1.900000000000000000e+01,1.700000000000000000e+01,2.100000000000000000e+01,nan,nan,1.500000000000000000e+01,1.800000000000000000e+01,1.600000000000000000e+01,1.484375000000000000e+01,1.700000000000000000e+01,1.600000000000000000e+01,1.600000000000000000e+01,1.679687500000000000e+01,1.837500000000000000e+01,nan,nan,nan,1.800000000000000000e+01,1.700000000000000000e+01,1.788627899999999826e+01,1.875000000000000000e+01,2.400000000000000000e+01,nan,nan,nan,nan,nan,nan,nan,nan,nan,nan,2.700000000000000000e+01,nan,nan,nan,nan,nan,nan,nan,nan,nan,nan,nan,nan,nan,nan,nan,nan,nan,nan,nan,nan,nan,nan,nan,nan,nan,nan,nan,nan,nan,nan,nan,nan,nan,nan,nan,nan,nan,nan,nan,nan,nan,nan,nan,nan,nan,nan,nan,nan,nan,nan,nan,nan,nan,nan,nan,nan,nan,nan,nan,nan,nan,nan,nan,nan,nan
nan,nan,nan,nan,nan,nan,nan,nan,nan,nan,nan,nan,nan,nan,nan,nan,nan,nan,nan,nan,nan,nan,1.400000000000000000e+01,nan,nan,nan,nan,nan,nan,1.639843799999999874e+01,2.085156200000000126e+01,nan,2.200000000000000000e+01,1.679687500000000000e+01,2.350000000000000000e+01,1.800000000000000000e+01,1.400000000000000000e+01,1.600000000000000000e+01,1.600000000000000000e+01,1.679687500000000000e+01,1.300000000000000000e+01,1.393359399999999937e+01,1.582031199999999949e+01,1.600000000000000000e+01,1.837500000000000000e+01,nan,nan,nan,2.460937500000000000e+01,2.400000000000000000e+01,nan,nan,nan,nan,nan,nan,nan,nan,nan,nan,nan,nan,nan,2.380468799999999874e+01,nan,nan,nan,nan,nan,nan,nan,nan,nan,nan,nan,nan,nan,nan,nan,nan,nan,nan,nan,nan,nan,nan,nan,nan,nan,nan,nan,nan,nan,nan,nan,nan,nan,nan,nan,nan,nan,nan,nan,nan,nan,nan,nan,nan,nan,nan,nan,nan,nan,nan,nan,nan,nan,nan,nan,nan,nan,nan,nan,nan,nan,nan,nan,nan,nan
nan,nan,nan,nan,nan,nan,nan,nan,nan,nan,nan,nan,nan,nan,nan,nan,nan,nan,nan,nan,nan,nan,1.500000000000000000e+01,nan,nan,nan,1.289062500000000000e+01,nan,2.800000000000000000e+01,2.000000000000000000e+01,1.700000000000000000e+01,2.600000000000000000e+01,1.900000000000000000e+01,1.600000000000000000e+01,2.700000000000000000e+01,1.500000000000000000e+01,1.700000000000000000e+01,2.200000000000000000e+01,2.000000000000000000e+01,1.700000000000000000e+01,1.500000000000000000e+01,1.300000000000000000e+01,1.500000000000000000e+01,1.500000000000000000e+01,1.700000000000000000e+01,nan,nan,nan,1.679687500000000000e+01,1.600000000000000000e+01,1.639843799999999874e+01,1.700000000000000000e+01,2.167968799999999874e+01,1.679687500000000000e+01,nan,nan,nan,nan,nan,nan,nan,nan,nan,2.480468799999999874e+01,nan,nan,nan,nan,nan,nan,nan,nan,nan,nan,nan,nan,nan,nan,nan,nan,nan,nan,nan,nan,nan,nan,nan,nan,nan,nan,nan,nan,nan,nan,nan,nan,3.000000000000000000e+01,nan,nan,nan,nan,nan,nan,nan,nan,1.875000000000000000e+01,nan,nan,2.300000000000000000e+01,nan,nan,nan,2.265625000000000000e+01,nan,nan,nan,nan,nan,nan,nan,nan,nan,nan,nan,nan,nan,nan,nan,nan
nan,nan,nan,nan,nan,nan,nan,nan,nan,nan,nan,nan,nan,nan,nan,nan,nan,nan,nan,nan,nan,nan,1.900000000000000000e+01,nan,nan,2.700000000000000000e+01,nan,nan,nan,2.100000000000000000e+01,2.200000000000000000e+01,2.500000000000000000e+01,2.100000000000000000e+01,2.150000000000000000e+01,3.100000000000000000e+01,2.600000000000000000e+01,1.900000000000000000e+01,2.200000000000000000e+01,2.200000000000000000e+01,1.800000000000000000e+01,1.900000000000000000e+01,1.700000000000000000e+01,1.582031199999999949e+01,1.500000000000000000e+01,1.700000000000000000e+01,1.386718800000000051e+01,nan,1.689843799999999874e+01,1.750000000000000000e+01,1.850000000000000000e+01,1.950000000000000000e+01,1.700000000000000000e+01,2.000000000000000000e+01,1.484375000000000000e+01,nan,nan,nan,nan,nan,nan,nan,nan,2.257812500000000000e+01,2.400000000000000000e+01,nan,nan,nan,nan,nan,nan,nan,nan,nan,nan,nan,nan,nan,nan,nan,nan,nan,nan,nan,nan,nan,nan,nan,nan,nan,nan,nan,nan,nan,nan,nan,nan,nan,nan,nan,nan,nan,nan,nan,nan,nan,1.191406199999999949e+01,1.484375000000000000e+01,1.728515600000000063e+01,nan,nan,nan,1.142578100000000063e+01,1.345703100000000063e+01,nan,1.093750000000000000e+01,nan,nan,nan,nan,nan,nan,nan,nan,nan,nan,nan,nan,nan,nan
2.656250000000000000e+01,3.150000000000000000e+01,2.900000000000000000e+01,nan,nan,nan,1.594238299999999953e+01,1.484375000000000000e+01,1.386718800000000051e+01,nan,nan,nan,nan,nan,nan,2.200000000000000000e+01,nan,nan,nan,3.550000000000000000e+01,nan,3.150000000000000000e+01,2.600000000000000000e+01,2.300000000000000000e+01,nan,2.600000000000000000e+01,2.558593799999999874e+01,nan,nan,2.800000000000000000e+01,2.500000000000000000e+01,2.500000000000000000e+01,2.700000000000000000e+01,2.265625000000000000e+01,2.825781200000000126e+01,2.500000000000000000e+01,2.300000000000000000e+01,2.750000000000000000e+01,3.000000000000000000e+01,2.500000000000000000e+01,2.085156200000000126e+01,2.070312500000000000e+01,2.100000000000000000e+01,1.900000000000000000e+01,1.900000000000000000e+01,1.875000000000000000e+01,2.200000000000000000e+01,2.050000000000000000e+01,1.800000000000000000e+01,2.000000000000000000e+01,2.050000000000000000e+01,2.282812500000000000e+01,2.300000000000000000e+01,2.300000000000000000e+01,2.300000000000000000e+01,2.726953100000000063e+01,2.450000000000000000e+01,nan,nan,nan,nan,nan,2.000000000000000000e+01,2.558593799999999874e+01,nan,nan,nan,nan,nan,nan,nan,nan,nan,nan,nan,nan,nan,nan,nan,nan,nan,nan,nan,nan,nan,nan,nan,nan,nan,nan,nan,nan,nan,nan,nan,nan,nan,nan,nan,nan,nan,nan,nan,nan,nan,nan,nan,3.000000000000000000e+01,2.200000000000000000e+01,nan,nan,1.492187500000000000e+01,nan,nan,1.484375000000000000e+01,nan,nan,2.000000000000000000e+01,nan,nan,nan,nan,nan,nan,nan,nan,nan,1.484375000000000000e+01,nan
1.484375000000000000e+01,nan,nan,nan,nan,nan,nan,1.289062500000000000e+01,1.289062500000000000e+01,nan,nan,nan,nan,nan,nan,1.289062500000000000e+01,nan,nan,nan,nan,nan,3.000000000000000000e+01,2.265625000000000000e+01,1.386718800000000051e+01,nan,1.386718800000000051e+01,2.100000000000000000e+01,nan,nan,2.750000000000000000e+01,1.500000000000000000e+01,2.950000000000000000e+01,2.200000000000000000e+01,2.200000000000000000e+01,3.200000000000000000e+01,2.450000000000000000e+01,2.200000000000000000e+01,2.800000000000000000e+01,nan,2.200000000000000000e+01,2.232812500000000000e+01,1.900000000000000000e+01,1.900000000000000000e+01,1.777343799999999874e+01,1.500000000000000000e+01,2.085156200000000126e+01,1.875000000000000000e+01,2.000000000000000000e+01,1.875000000000000000e+01,1.900000000000000000e+01,2.000000000000000000e+01,1.800000000000000000e+01,1.875000000000000000e+01,1.591015600000000063e+01,2.923437500000000000e+01,2.265625000000000000e+01,2.208398400000000095e+01,nan,nan,nan,nan,nan,2.265625000000000000e+01,2.200000000000000000e+01,nan,nan,nan,nan,nan,nan,nan,nan,nan,nan,nan,nan,nan,nan,nan,nan,nan,nan,nan,nan,nan,nan,nan,nan,nan,nan,nan,nan,nan,nan,nan,nan,nan,nan,nan,nan,nan,nan,nan,nan,nan,nan,nan,1.496582000000000079e+01,2.450000000000000000e+01,nan,nan,1.386718800000000051e+01,nan,nan,1.289062500000000000e+01,nan,nan,nan,nan,nan,nan,nan,nan,nan,nan,nan,nan,1.800000000000000000e+01,nan
3.300000000000000000e+01,2.875781200000000126e+01,nan,nan,nan,nan,3.535156200000000126e+01,2.678125000000000000e+01,1.386718800000000051e+01,nan,nan,nan,nan,nan,nan,3.350000000000000000e+01,nan,nan,nan,nan,nan,2.900000000000000000e+01,2.300000000000000000e+01,2.924609399999999937e+01,nan,1.435546899999999937e+01,2.400000000000000000e+01,nan,nan,nan,1.777343799999999874e+01,nan,nan,nan,nan,nan,nan,nan,nan,nan,nan,2.200000000000000000e+01,1.484375000000000000e+01,2.150000000000000000e+01,2.250000000000000000e+01,1.600000000000000000e+01,2.085156200000000126e+01,2.300000000000000000e+01,2.656250000000000000e+01,2.200000000000000000e+01,2.600000000000000000e+01,2.400000000000000000e+01,2.300000000000000000e+01,2.600000000000000000e+01,2.700000000000000000e+01,3.437500000000000000e+01,3.200000000000000000e+01,nan,nan,nan,nan,nan,1.875000000000000000e+01,2.656250000000000000e+01,nan,nan,nan,nan,nan,nan,nan,nan,nan,nan,nan,nan,nan,nan,nan,nan,nan,nan,nan,nan,nan,nan,nan,nan,nan,nan,nan,nan,nan,nan,nan,nan,nan,nan,nan,nan,nan,nan,nan,nan,nan,nan,nan,nan,nan,nan,nan,1.191406199999999949e+01,nan,nan,8.984375000000000000e+00,nan,nan,nan,nan,nan,nan,nan,nan,nan,nan,nan,nan,1.093750000000000000e+01,nan
2.000000000000000000e+01,nan,nan,nan,nan,nan,2.578125000000000000e+01,nan,nan,nan,nan,nan,nan,nan,nan,1.875000000000000000e+01,nan,nan,nan,nan,nan,nan,nan,nan,nan,nan,nan,nan,nan,nan,nan,nan,nan,nan,nan,nan,nan,nan,nan,nan,nan,nan,nan,2.700000000000000000e+01,2.700000000000000000e+01,1.728515600000000063e+01,1.289062500000000000e+01,2.500000000000000000e+01,2.700000000000000000e+01,2.900000000000000000e+01,2.300000000000000000e+01,2.800000000000000000e+01,2.700000000000000000e+01,2.480468799999999874e+01,nan,3.150000000000000000e+01,2.851562500000000000e+01,nan,nan,nan,nan,nan,2.265625000000000000e+01,3.100000000000000000e+01,nan,nan,nan,nan,nan,nan,nan,nan,nan,nan,nan,nan,nan,nan,nan,nan,nan,nan,nan,nan,nan,nan,nan,nan,nan,nan,nan,nan,nan,nan,nan,nan,nan,nan,nan,nan,nan,nan,nan,nan,nan,nan,nan,nan,nan,nan,nan,nan,nan,nan,nan,nan,nan,nan,nan,nan,nan,nan,nan,nan,nan,nan,nan,nan,nan
3.000000000000000000e+01,3.437500000000000000e+01,3.814062500000000000e+01,nan,nan,3.700000000000000000e+01,3.073437500000000000e+01,2.450000000000000000e+01,1.386718800000000051e+01,nan,nan,nan,nan,nan,nan,1.886328100000000063e+01,nan,nan,nan,2.851562500000000000e+01,nan,nan,2.949218799999999874e+01,1.641015600000000063e+01,nan,2.900000000000000000e+01,2.558593799999999874e+01,nan,nan,nan,2.300000000000000000e+01,nan,2.678125000000000000e+01,2.800000000000000000e+01,nan,nan,nan,nan,nan,nan,nan,2.300000000000000000e+01,2.600000000000000000e+01,2.200000000000000000e+01,2.753906200000000126e+01,1.875000000000000000e+01,2.000000000000000000e+01,1.875000000000000000e+01,2.265625000000000000e+01,2.300000000000000000e+01,2.100000000000000000e+01,2.480468799999999874e+01,2.500000000000000000e+01,2.300000000000000000e+01,nan,2.825781200000000126e+01,2.753906200000000126e+01,nan,nan,nan,nan,nan,2.167968799999999874e+01,2.900000000000000000e+01,nan,nan,nan,nan,nan,nan,nan,nan,nan,nan,nan,nan,nan,nan,nan,nan,nan,nan,nan,nan,nan,nan,nan,nan,nan,nan,nan,nan,nan,nan,nan,nan,nan,nan,nan,nan,nan,nan,nan,nan,nan,nan,nan,1.750000000000000000e+01,nan,nan,nan,1.386718800000000051e+01,nan,nan,1.343359399999999937e+01,nan,nan,nan,nan,nan,nan,nan,nan,nan,nan,nan,nan,2.603125000000000000e+01,nan
2.460937500000000000e+01,2.850000000000000000e+01,nan,nan,nan,nan,2.631842400000000026e+01,1.386718800000000051e+01,1.386718800000000051e+01,nan,nan,nan,nan,nan,nan,1.484375000000000000e+01,nan,nan,nan,nan,nan,nan,2.800000000000000000e+01,1.600000000000000000e+01,nan,2.600000000000000000e+01,2.500000000000000000e+01,2.800000000000000000e+01,2.950000000000000000e+01,2.600000000000000000e+01,2.600000000000000000e+01,2.800000000000000000e+01,2.200000000000000000e+01,2.300000000000000000e+01,3.000000000000000000e+01,nan,2.100000000000000000e+01,2.300000000000000000e+01,2.100000000000000000e+01,2.070312500000000000e+01,2.350000000000000000e+01,1.986328100000000063e+01,1.875000000000000000e+01,1.900000000000000000e+01,2.070312500000000000e+01,2.900000000000000000e+01,2.075000000000000000e+01,1.972656200000000126e+01,1.700000000000000000e+01,1.850000000000000000e+01,1.900000000000000000e+01,1.800000000000000000e+01,2.000000000000000000e+01,1.700000000000000000e+01,2.250000000000000000e+01,2.500000000000000000e+01,2.265625000000000000e+01,nan,nan,nan,nan,nan,2.100000000000000000e+01,2.800000000000000000e+01,nan,nan,nan,nan,nan,nan,nan,nan,nan,nan,nan,nan,nan,nan,nan,nan,nan,nan,nan,nan,nan,nan,nan,nan,nan,nan,nan,nan,nan,nan,nan,nan,nan,nan,nan,nan,nan,nan,nan,nan,nan,nan,nan,1.788671899999999937e+01,nan,nan,nan,1.386718800000000051e+01,3.418750000000000000e+01,nan,1.386718800000000051e+01,nan,nan,nan,nan,nan,nan,nan,nan,nan,nan,nan,nan,nan,nan
2.851562500000000000e+01,2.656250000000000000e+01,3.100000000000000000e+01,nan,nan,nan,3.437500000000000000e+01,2.232812500000000000e+01,1.386718800000000051e+01,nan,nan,nan,nan,nan,3.150000000000000000e+01,1.750000000000000000e+01,nan,nan,nan,nan,nan,3.100000000000000000e+01,2.700000000000000000e+01,1.800000000000000000e+01,nan,2.300000000000000000e+01,2.200000000000000000e+01,2.200000000000000000e+01,2.300000000000000000e+01,2.950000000000000000e+01,2.300000000000000000e+01,2.500000000000000000e+01,2.000000000000000000e+01,2.100000000000000000e+01,2.600000000000000000e+01,nan,2.265625000000000000e+01,2.150000000000000000e+01,2.100000000000000000e+01,1.800000000000000000e+01,1.900000000000000000e+01,1.689843799999999874e+01,1.800000000000000000e+01,1.800000000000000000e+01,1.900000000000000000e+01,2.200000000000000000e+01,2.200000000000000000e+01,2.035156200000000126e+01,1.800000000000000000e+01,1.650000000000000000e+01,1.900000000000000000e+01,1.800000000000000000e+01,1.900000000000000000e+01,2.000000000000000000e+01,1.900000000000000000e+01,2.070312500000000000e+01,2.450000000000000000e+01,nan,nan,nan,nan,nan,2.100000000000000000e+01,2.500000000000000000e+01,nan,nan,nan,nan,nan,nan,nan,nan,nan,nan,nan,nan,nan,nan,nan,nan,nan,nan,nan,nan,nan,nan,nan,nan,nan,nan,nan,nan,nan,nan,nan,nan,nan,nan,nan,nan,nan,nan,nan,nan,nan,nan,nan,nan,nan,nan,nan,nan,nan,2.600000000000000000e+01,2.085156200000000126e+01,nan,nan,nan,nan,nan,nan,nan,nan,nan,nan,nan,nan,2.000000000000000000e+01,nan
2.900000000000000000e+01,3.600000000000000000e+01,2.460937500000000000e+01,nan,3.468750000000000000e+01,3.700000000000000000e+01,1.386718800000000051e+01,1.484375000000000000e+01,1.386718800000000051e+01,2.282812500000000000e+01,3.300000000000000000e+01,2.949218799999999874e+01,nan,nan,nan,1.700000000000000000e+01,1.048046899999999937e+01,nan,nan,3.242187500000000000e+01,nan,3.632812500000000000e+01,3.300000000000000000e+01,1.600000000000000000e+01,nan,2.600000000000000000e+01,1.386718800000000051e+01,1.386718800000000051e+01,nan,nan,3.200000000000000000e+01,3.550000000000000000e+01,3.100000000000000000e+01,2.300000000000000000e+01,3.200000000000000000e+01,nan,nan,nan,nan,1.700000000000000000e+01,nan,1.700000000000000000e+01,1.972656200000000126e+01,2.000000000000000000e+01,2.900000000000000000e+01,2.150000000000000000e+01,2.200000000000000000e+01,1.972656200000000126e+01,1.950000000000000000e+01,2.167968799999999874e+01,1.850000000000000000e+01,2.400000000000000000e+01,1.972656200000000126e+01,2.000000000000000000e+01,2.100000000000000000e+01,2.232812500000000000e+01,2.167968799999999874e+01,nan,nan,nan,nan,nan,1.875000000000000000e+01,3.100000000000000000e+01,nan,nan,nan,nan,nan,nan,nan,nan,nan,nan,nan,nan,nan,nan,nan,nan,nan,nan,nan,nan,nan,nan,nan,nan,nan,nan,nan,nan,nan,nan,nan,nan,nan,nan,nan,nan,nan,nan,nan,nan,nan,nan,nan,1.386718800000000051e+01,nan,1.386718800000000051e+01,nan,1.386718800000000051e+01,nan,1.500000000000000000e+01,2.000000000000000000e+01,nan,nan,2.045898400000000095e+01,nan,nan,1.386718800000000051e+01,nan,nan,nan,nan,nan,1.500000000000000000e+01,1.442187500000000000e+01,nan
nan,nan,nan,nan,nan,nan,3.156738299999999953e+01,2.700000000000000000e+01,nan,nan,nan,nan,nan,nan,2.350000000000000000e+01,2.460937500000000000e+01,nan,nan,nan,nan,nan,nan,1.887500000000000000e+01,2.000000000000000000e+01,nan,2.000000000000000000e+01,1.972656200000000126e+01,nan,nan,nan,2.000000000000000000e+01,2.600000000000000000e+01,1.900000000000000000e+01,3.144531200000000126e+01,2.825781200000000126e+01,nan,nan,1.800000000000000000e+01,nan,1.800000000000000000e+01,nan,1.900000000000000000e+01,1.900000000000000000e+01,1.900000000000000000e+01,2.000000000000000000e+01,nan,nan,2.500000000000000000e+01,1.800000000000000000e+01,1.700000000000000000e+01,2.100000000000000000e+01,1.600000000000000000e+01,1.950000000000000000e+01,2.400000000000000000e+01,2.200000000000000000e+01,2.350000000000000000e+01,nan,nan,nan,nan,nan,nan,nan,2.000000000000000000e+01,nan,nan,nan,nan,nan,nan,nan,nan,nan,nan,nan,nan,nan,nan,nan,nan,nan,nan,nan,nan,nan,nan,nan,nan,nan,nan,nan,nan,nan,nan,nan,nan,nan,nan,nan,nan,nan,nan,nan,nan,nan,nan,nan,nan,nan,nan,nan,nan,nan,nan,nan,nan,nan,nan,nan,nan,nan,nan,nan,nan,nan,nan,nan,nan,nan
3.100000000000000000e+01,2.400000000000000000e+01,2.070312500000000000e+01,nan,nan,nan,2.100000000000000000e+01,2.000000000000000000e+01,1.492187500000000000e+01,2.460937500000000000e+01,2.350000000000000000e+01,nan,nan,nan,1.700000000000000000e+01,1.800000000000000000e+01,1.936328100000000063e+01,nan,2.070312500000000000e+01,2.300000000000000000e+01,1.850000000000000000e+01,2.100000000000000000e+01,1.900000000000000000e+01,1.700000000000000000e+01,2.070312500000000000e+01,1.900000000000000000e+01,1.679687500000000000e+01,2.000000000000000000e+01,2.628125000000000000e+01,2.150000000000000000e+01,1.800000000000000000e+01,2.900000000000000000e+01,2.000000000000000000e+01,2.300000000000000000e+01,2.500000000000000000e+01,nan,1.800000000000000000e+01,nan,2.400000000000000000e+01,2.100000000000000000e+01,nan,1.639843799999999874e+01,1.961328100000000063e+01,1.900000000000000000e+01,1.700000000000000000e+01,2.300000000000000000e+01,2.300000000000000000e+01,2.000000000000000000e+01,1.972656200000000126e+01,1.800000000000000000e+01,1.800000000000000000e+01,1.800000000000000000e+01,1.700000000000000000e+01,2.000000000000000000e+01,2.000000000000000000e+01,2.000000000000000000e+01,2.200000000000000000e+01,nan,nan,nan,nan,nan,2.000000000000000000e+01,1.900000000000000000e+01,nan,nan,nan,nan,nan,nan,nan,nan,nan,nan,nan,nan,nan,nan,nan,nan,nan,nan,nan,nan,nan,nan,nan,nan,nan,nan,nan,nan,nan,nan,nan,nan,nan,nan,nan,nan,nan,nan,nan,nan,nan,nan,nan,nan,nan,nan,nan,1.289062500000000000e+01,nan,nan,1.386718800000000051e+01,nan,2.800000000000000000e+01,2.550000000000000000e+01,2.393847699999999890e+01,nan,nan,nan,nan,nan,nan,nan,nan,2.850000000000000000e+01,nan
2.400000000000000000e+01,2.600000000000000000e+01,2.100000000000000000e+01,nan,1.386718800000000051e+01,1.850000000000000000e+01,2.558593799999999874e+01,1.900000000000000000e+01,1.386718800000000051e+01,1.386718800000000051e+01,2.575000000000000000e+01,nan,nan,nan,1.386718800000000051e+01,1.900000000000000000e+01,nan,nan,nan,2.500000000000000000e+01,nan,nan,2.133984399999999937e+01,1.900000000000000000e+01,nan,1.777343799999999874e+01,1.875000000000000000e+01,1.386718800000000051e+01,nan,nan,1.875000000000000000e+01,nan,2.600000000000000000e+01,2.282812500000000000e+01,1.289062500000000000e+01,nan,nan,nan,nan,nan,nan,1.541015600000000063e+01,1.386718800000000051e+01,2.200000000000000000e+01,1.875000000000000000e+01,2.300000000000000000e+01,2.070312500000000000e+01,2.070312500000000000e+01,1.875000000000000000e+01,2.100000000000000000e+01,2.050000000000000000e+01,2.300000000000000000e+01,2.200000000000000000e+01,2.000000000000000000e+01,2.300000000000000000e+01,2.000000000000000000e+01,2.100000000000000000e+01,nan,nan,nan,nan,nan,2.000000000000000000e+01,2.656250000000000000e+01,nan,nan,nan,nan,nan,nan,nan,nan,nan,nan,nan,nan,nan,nan,nan,nan,nan,nan,nan,nan,nan,nan,nan,nan,nan,nan,nan,nan,nan,nan,nan,nan,nan,nan,nan,nan,nan,nan,nan,nan,nan,nan,nan,1.386718800000000051e+01,nan,1.289062500000000000e+01,nan,1.386718800000000051e+01,nan,nan,1.386718800000000051e+01,nan,nan,3.500000000000000000e+01,nan,nan,nan,nan,nan,nan,nan,nan,nan,1.400000000000000000e+01,nan
nan,nan,nan,nan,nan,nan,1.650000000000000000e+01,2.300000000000000000e+01,nan,nan,nan,nan,nan,nan,nan,1.700000000000000000e+01,2.350000000000000000e+01,nan,nan,nan,nan,nan,nan,1.472167999999999921e+01,nan,1.800000000000000000e+01,1.400000000000000000e+01,nan,nan,nan,2.100000000000000000e+01,nan,nan,nan,nan,nan,nan,nan,nan,nan,nan,nan,nan,1.837500000000000000e+01,nan,nan,nan,2.183984399999999937e+01,2.200000000000000000e+01,1.700000000000000000e+01,1.900000000000000000e+01,1.400000000000000000e+01,1.400000000000000000e+01,1.875292999999999921e+01,1.400000000000000000e+01,1.484375000000000000e+01,2.300000000000000000e+01,nan,nan,nan,nan,nan,2.250000000000000000e+01,1.800000000000000000e+01,nan,nan,nan,nan,nan,nan,nan,nan,nan,nan,nan,nan,nan,nan,nan,nan,nan,nan,nan,nan,nan,nan,nan,nan,nan,nan,nan,nan,nan,nan,nan,nan,nan,nan,nan,nan,nan,nan,nan,nan,nan,nan,nan,nan,nan,nan,nan,nan,nan,nan,nan,nan,2.656250000000000000e+01,nan,2.200000000000000000e+01,nan,nan,nan,nan,nan,nan,nan,nan,nan,nan
3.046875000000000000e+01,3.437500000000000000e+01,2.400000000000000000e+01,nan,nan,nan,2.500000000000000000e+01,2.070312500000000000e+01,1.986328100000000063e+01,2.656250000000000000e+01,nan,2.851562500000000000e+01,3.437500000000000000e+01,2.265625000000000000e+01,2.070312500000000000e+01,2.000000000000000000e+01,1.900000000000000000e+01,1.689843799999999874e+01,2.350000000000000000e+01,nan,3.400000000000000000e+01,3.046875000000000000e+01,2.167968799999999874e+01,1.972656200000000126e+01,2.070312500000000000e+01,1.875000000000000000e+01,2.000000000000000000e+01,1.875000000000000000e+01,nan,nan,1.972656200000000126e+01,nan,2.070312500000000000e+01,1.484375000000000000e+01,2.400000000000000000e+01,nan,nan,nan,nan,nan,nan,1.294531199999999949e+01,nan,2.265625000000000000e+01,2.500000000000000000e+01,2.700000000000000000e+01,2.753906200000000126e+01,2.800000000000000000e+01,2.183984399999999937e+01,2.100000000000000000e+01,2.265625000000000000e+01,1.875000000000000000e+01,2.000000000000000000e+01,2.265625000000000000e+01,1.728515600000000063e+01,2.000000000000000000e+01,2.400000000000000000e+01,nan,nan,1.826171899999999937e+01,nan,nan,2.700000000000000000e+01,3.500000000000000000e+01,nan,nan,nan,nan,nan,nan,nan,nan,nan,nan,nan,nan,nan,nan,nan,3.339843799999999874e+01,nan,nan,nan,nan,nan,nan,nan,nan,nan,nan,nan,nan,nan,nan,nan,nan,nan,nan,nan,nan,nan,nan,nan,nan,nan,nan,nan,nan,nan,nan,nan,1.289062500000000000e+01,nan,nan,nan,nan,nan,nan,nan,3.242187500000000000e+01,3.535156200000000126e+01,nan,nan,nan,nan,nan,nan,1.386718800000000051e+01,nan
2.265625000000000000e+01,2.900000000000000000e+01,2.200000000000000000e+01,nan,2.167968799999999874e+01,3.200000000000000000e+01,2.070312500000000000e+01,2.070312500000000000e+01,2.300000000000000000e+01,2.381640600000000063e+01,3.242187500000000000e+01,3.100000000000000000e+01,3.046875000000000000e+01,nan,2.363281200000000126e+01,2.300000000000000000e+01,2.500000000000000000e+01,nan,nan,3.300000000000000000e+01,3.300000000000000000e+01,3.150000000000000000e+01,nan,2.690332000000000079e+01,nan,2.167968799999999874e+01,2.753906200000000126e+01,nan,nan,nan,nan,nan,nan,nan,nan,nan,nan,nan,nan,nan,nan,nan,nan,2.500000000000000000e+01,2.517089800000000110e+01,3.500000000000000000e+01,2.500000000000000000e+01,2.460937500000000000e+01,2.070312500000000000e+01,2.460937500000000000e+01,2.300000000000000000e+01,nan,2.265625000000000000e+01,2.300000000000000000e+01,2.656250000000000000e+01,2.800000000000000000e+01,2.070312500000000000e+01,nan,nan,2.265625000000000000e+01,nan,nan,2.656250000000000000e+01,3.242187500000000000e+01,nan,nan,nan,nan,nan,nan,nan,nan,nan,nan,nan,nan,nan,nan,nan,nan,nan,nan,nan,nan,nan,nan,nan,nan,nan,nan,nan,nan,nan,nan,nan,nan,nan,nan,nan,nan,nan,nan,nan,nan,nan,nan,nan,nan,nan,nan,nan,1.386718800000000051e+01,nan,nan,1.386718800000000051e+01,nan,nan,nan,nan,3.730468799999999874e+01,3.632812500000000000e+01,nan,nan,nan,nan,nan,nan,1.484375000000000000e+01,nan
nan,nan,nan,nan,nan,nan,nan,nan,nan,nan,nan,nan,nan,nan,nan,nan,nan,nan,nan,nan,nan,nan,nan,nan,nan,nan,nan,nan,nan,nan,nan,nan,nan,nan,nan,nan,nan,nan,nan,nan,nan,nan,nan,nan,nan,nan,nan,nan,nan,nan,nan,nan,nan,nan,nan,nan,nan,nan,nan,nan,nan,nan,nan,nan,nan,nan,nan,nan,nan,nan,nan,nan,nan,nan,nan,nan,nan,nan,nan,nan,nan,nan,nan,nan,nan,nan,nan,nan,nan,nan,nan,nan,nan,nan,nan,nan,nan,nan,nan,nan,nan,nan,nan,nan,nan,nan,nan,nan,nan,nan,nan,nan,nan,nan,nan,nan,nan,nan,nan,nan,nan,nan,nan,nan,nan,nan,nan,nan,nan
nan,nan,nan,nan,nan,nan,nan,nan,nan,nan,nan,nan,nan,nan,nan,nan,nan,nan,nan,nan,nan,nan,nan,nan,nan,nan,nan,nan,nan,nan,nan,nan,nan,nan,nan,nan,nan,nan,nan,nan,nan,nan,nan,nan,nan,nan,nan,nan,nan,nan,nan,nan,nan,nan,nan,nan,nan,nan,nan,nan,nan,nan,nan,nan,nan,nan,nan,nan,nan,nan,nan,nan,nan,nan,nan,nan,nan,nan,nan,nan,nan,nan,nan,nan,nan,nan,nan,nan,nan,nan,nan,nan,nan,nan,nan,nan,nan,nan,nan,nan,nan,nan,nan,nan,nan,nan,nan,nan,nan,nan,nan,nan,nan,nan,nan,nan,nan,nan,nan,nan,nan,nan,nan,nan,nan,nan,nan,nan,nan
nan,nan,nan,nan,nan,nan,nan,nan,nan,nan,nan,nan,nan,nan,nan,nan,nan,nan,nan,nan,nan,nan,nan,nan,nan,nan,nan,nan,nan,nan,nan,nan,nan,nan,nan,nan,nan,nan,nan,nan,nan,nan,nan,nan,nan,nan,nan,nan,nan,nan,nan,nan,nan,nan,nan,nan,nan,nan,nan,nan,nan,nan,nan,nan,nan,nan,nan,nan,nan,nan,nan,nan,nan,nan,nan,nan,nan,nan,nan,nan,nan,nan,nan,nan,nan,nan,nan,nan,nan,nan,nan,nan,nan,nan,nan,nan,nan,nan,nan,nan,nan,nan,nan,nan,nan,nan,nan,nan,nan,nan,nan,nan,nan,nan,nan,nan,nan,nan,nan,nan,nan,nan,nan,nan,nan,nan,nan,nan,nan
nan,nan,nan,nan,nan,nan,nan,nan,nan,nan,nan,nan,nan,nan,nan,nan,nan,nan,nan,nan,nan,nan,nan,nan,nan,nan,nan,nan,nan,nan,nan,nan,nan,nan,nan,nan,nan,nan,nan,nan,nan,nan,nan,nan,nan,nan,nan,nan,nan,nan,nan,nan,nan,nan,nan,nan,nan,nan,nan,nan,nan,nan,nan,nan,nan,nan,nan,nan,nan,nan,nan,nan,nan,nan,nan,nan,nan,nan,nan,nan,nan,nan,nan,nan,nan,nan,nan,nan,nan,nan,nan,nan,nan,nan,nan,nan,nan,nan,nan,nan,nan,nan,nan,nan,nan,nan,nan,nan,nan,nan,nan,nan,nan,nan,nan,nan,nan,nan,nan,nan,nan,nan,nan,nan,nan,nan,nan,nan,nan
nan,nan,nan,nan,nan,nan,nan,nan,nan,nan,nan,nan,nan,nan,nan,nan,nan,nan,nan,nan,nan,nan,nan,nan,nan,nan,nan,nan,nan,nan,nan,nan,nan,nan,nan,nan,nan,nan,nan,nan,nan,nan,nan,nan,nan,nan,nan,nan,nan,nan,nan,nan,nan,nan,nan,nan,nan,nan,nan,nan,nan,nan,nan,nan,nan,nan,nan,nan,nan,nan,nan,nan,nan,nan,nan,nan,nan,nan,nan,nan,nan,nan,nan,nan,nan,nan,nan,nan,nan,nan,nan,nan,nan,nan,nan,nan,nan,nan,nan,nan,nan,nan,nan,nan,nan,nan,nan,nan,nan,nan,nan,nan,nan,nan,nan,nan,nan,nan,nan,nan,nan,nan,nan,nan,nan,nan,nan,nan,nan
3.250000000000000000e+01,3.046875000000000000e+01,3.975000000000000000e+01,nan,nan,nan,4.000000000000000000e+01,3.046875000000000000e+01,1.386718800000000051e+01,nan,nan,nan,nan,nan,nan,2.950000000000000000e+01,nan,nan,nan,nan,nan,nan,3.150000000000000000e+01,nan,nan,nan,nan,nan,nan,nan,nan,nan,nan,2.700000000000000000e+01,nan,nan,nan,nan,nan,nan,nan,1.875000000000000000e+01,nan,2.850000000000000000e+01,3.369921899999999937e+01,2.265625000000000000e+01,2.265625000000000000e+01,2.265625000000000000e+01,2.265625000000000000e+01,2.500000000000000000e+01,2.265625000000000000e+01,3.350000000000000000e+01,2.800000000000000000e+01,2.325000000000000000e+01,3.200000000000000000e+01,3.229980499999999921e+01,2.500000000000000000e+01,nan,nan,nan,nan,nan,1.093750000000000000e+01,3.000000000000000000e+01,nan,nan,nan,nan,nan,nan,nan,nan,nan,nan,nan,nan,nan,nan,nan,nan,nan,nan,nan,nan,nan,nan,nan,nan,nan,nan,nan,nan,nan,nan,nan,nan,nan,nan,nan,nan,nan,nan,nan,nan,nan,nan,nan,nan,nan,nan,nan,nan,nan,nan,1.289062500000000000e+01,nan,nan,nan,nan,nan,nan,nan,nan,nan,nan,nan,nan,nan,nan
2.753906200000000126e+01,3.437500000000000000e+01,2.851562500000000000e+01,nan,2.656250000000000000e+01,3.046875000000000000e+01,2.332818899999999829e+01,1.289062500000000000e+01,1.289062500000000000e+01,2.265625000000000000e+01,3.046875000000000000e+01,nan,nan,nan,2.200000000000000000e+01,2.200000000000000000e+01,nan,nan,nan,3.046875000000000000e+01,3.400000000000000000e+01,3.500000000000000000e+01,2.500000000000000000e+01,1.900000000000000000e+01,nan,2.070312500000000000e+01,1.900000000000000000e+01,nan,1.289062500000000000e+01,2.800000000000000000e+01,2.100000000000000000e+01,2.400000000000000000e+01,2.000000000000000000e+01,1.800000000000000000e+01,3.500000000000000000e+01,2.800000000000000000e+01,2.400000000000000000e+01,2.600000000000000000e+01,2.700000000000000000e+01,2.700000000000000000e+01,2.300000000000000000e+01,2.000000000000000000e+01,2.265625000000000000e+01,1.777343799999999874e+01,1.500000000000000000e+01,2.460937500000000000e+01,2.656250000000000000e+01,2.070312500000000000e+01,2.265625000000000000e+01,1.700000000000000000e+01,2.200000000000000000e+01,1.700000000000000000e+01,1.900000000000000000e+01,2.100000000000000000e+01,2.300000000000000000e+01,2.265625000000000000e+01,2.300000000000000000e+01,nan,nan,1.289062500000000000e+01,nan,nan,1.900000000000000000e+01,1.582031199999999949e+01,nan,nan,nan,nan,nan,nan,nan,nan,nan,nan,nan,nan,nan,nan,nan,nan,nan,nan,nan,nan,nan,nan,nan,nan,nan,nan,nan,nan,nan,nan,nan,nan,nan,nan,nan,nan,nan,nan,nan,1.096875000000000000e+01,nan,1.343359399999999937e+01,1.200000000000000000e+01,1.386718800000000051e+01,1.386718800000000051e+01,1.191406199999999949e+01,nan,1.289062500000000000e+01,1.191406199999999949e+01,1.386718800000000051e+01,1.386718800000000051e+01,nan,nan,2.070312500000000000e+01,nan,1.386718800000000051e+01,1.582031199999999949e+01,nan,nan,nan,nan,nan,1.386718800000000051e+01,1.484375000000000000e+01,nan
2.460937500000000000e+01,nan,nan,nan,nan,nan,nan,nan,nan,nan,nan,nan,nan,nan,nan,nan,nan,nan,nan,nan,nan,nan,nan,nan,nan,nan,nan,nan,nan,nan,nan,nan,nan,nan,nan,nan,nan,nan,nan,nan,nan,nan,nan,nan,nan,nan,nan,nan,nan,nan,nan,nan,nan,nan,nan,nan,2.705078100000000063e+01,nan,nan,nan,nan,nan,nan,nan,1.700000000000000000e+01,1.875000000000000000e+01,1.875000000000000000e+01,nan,2.265625000000000000e+01,2.100000000000000000e+01,1.900000000000000000e+01,2.400000000000000000e+01,2.400000000000000000e+01,2.400000000000000000e+01,2.851562500000000000e+01,3.200000000000000000e+01,2.656250000000000000e+01,nan,2.900000000000000000e+01,2.875781200000000126e+01,nan,nan,nan,2.500000000000000000e+01,3.073437500000000000e+01,3.369921899999999937e+01,nan,nan,nan,nan,nan,nan,nan,nan,nan,nan,nan,nan,nan,nan,nan,nan,nan,nan,nan,nan,nan,2.656250000000000000e+01,nan,2.183984399999999937e+01,2.265625000000000000e+01,3.369921899999999937e+01,3.300000000000000000e+01,3.500000000000000000e+01,2.900000000000000000e+01,nan,nan,2.331640600000000063e+01,nan,2.900000000000000000e+01,2.363281200000000126e+01,nan,nan,nan,nan,nan,2.010742199999999968e+01,2.656250000000000000e+01,nan
2.753906200000000126e+01,2.851562500000000000e+01,nan,nan,nan,nan,nan,nan,nan,nan,nan,nan,nan,nan,nan,nan,nan,nan,nan,nan,nan,nan,nan,nan,nan,nan,nan,nan,nan,nan,nan,nan,nan,nan,nan,nan,nan,nan,nan,nan,nan,nan,nan,nan,nan,nan,nan,nan,nan,nan,nan,nan,nan,nan,nan,nan,nan,nan,nan,nan,nan,nan,nan,nan,1.875000000000000000e+01,1.679687500000000000e+01,1.800000000000000000e+01,nan,1.800000000000000000e+01,1.875000000000000000e+01,2.000000000000000000e+01,2.600000000000000000e+01,2.300000000000000000e+01,2.000000000000000000e+01,2.300000000000000000e+01,3.200000000000000000e+01,2.800000000000000000e+01,nan,2.656250000000000000e+01,2.900000000000000000e+01,nan,nan,nan,2.070312500000000000e+01,2.800000000000000000e+01,3.100000000000000000e+01,nan,3.300000000000000000e+01,nan,nan,nan,nan,nan,nan,nan,nan,nan,nan,nan,nan,nan,nan,nan,nan,nan,nan,nan,2.500000000000000000e+01,nan,2.200000000000000000e+01,2.500000000000000000e+01,3.000000000000000000e+01,3.172265600000000063e+01,3.000000000000000000e+01,3.000000000000000000e+01,nan,nan,2.600000000000000000e+01,nan,3.144531200000000126e+01,2.700000000000000000e+01,nan,nan,nan,nan,nan,2.460937500000000000e+01,2.485351599999999905e+01,nan
nan,nan,nan,nan,nan,nan,nan,nan,nan,nan,nan,nan,nan,nan,nan,nan,nan,nan,nan,nan,nan,nan,nan,nan,nan,nan,nan,nan,nan,nan,nan,nan,nan,nan,nan,nan,nan,nan,nan,nan,nan,nan,nan,nan,nan,nan,nan,nan,nan,nan,nan,nan,nan,nan,nan,nan,nan,nan,nan,nan,nan,nan,nan,nan,1.700000000000000000e+01,1.777343799999999874e+01,1.582031199999999949e+01,nan,1.875000000000000000e+01,2.400000000000000000e+01,1.800000000000000000e+01,2.159570300000000032e+01,2.200000000000000000e+01,1.800000000000000000e+01,2.460937500000000000e+01,3.100000000000000000e+01,nan,nan,2.656250000000000000e+01,2.000000000000000000e+01,nan,nan,nan,2.200000000000000000e+01,2.100000000000000000e+01,nan,nan,nan,nan,nan,nan,nan,nan,nan,nan,nan,nan,nan,nan,nan,nan,nan,nan,nan,nan,nan,nan,nan,nan,nan,nan,2.070312500000000000e+01,nan,3.046875000000000000e+01,2.700000000000000000e+01,nan,nan,1.900000000000000000e+01,nan,nan,2.085156200000000126e+01,nan,nan,nan,nan,nan,nan,nan,nan
nan,nan,nan,nan,nan,nan,nan,nan,nan,nan,nan,nan,nan,nan,nan,nan,nan,nan,nan,nan,nan,nan,nan,nan,nan,nan,nan,nan,nan,nan,nan,nan,nan,nan,nan,nan,nan,nan,nan,nan,nan,nan,nan,nan,nan,nan,nan,nan,nan,nan,nan,nan,nan,nan,nan,nan,nan,nan,nan,nan,nan,nan,nan,nan,nan,nan,nan,nan,nan,nan,nan,nan,nan,nan,nan,nan,nan,nan,nan,nan,nan,nan,nan,nan,nan,nan,nan,nan,nan,nan,nan,nan,nan,nan,nan,nan,nan,nan,nan,nan,nan,nan,nan,nan,nan,nan,nan,nan,nan,nan,nan,nan,nan,nan,nan,nan,nan,nan,nan,nan,nan,nan,nan,nan,nan,nan,nan,nan,nan
nan,nan,nan,nan,2.100000000000000000e+01,nan,nan,nan,nan,nan,2.900000000000000000e+01,nan,nan,nan,nan,nan,nan,nan,nan,nan,nan,nan,nan,nan,nan,nan,nan,nan,nan,nan,nan,nan,nan,nan,nan,nan,nan,nan,nan,nan,nan,nan,nan,nan,nan,nan,nan,nan,nan,nan,nan,nan,nan,nan,nan,nan,nan,nan,nan,nan,nan,nan,nan,nan,2.200000000000000000e+01,2.000000000000000000e+01,2.265625000000000000e+01,nan,1.800000000000000000e+01,1.900000000000000000e+01,2.500000000000000000e+01,nan,2.600000000000000000e+01,2.100000000000000000e+01,2.300000000000000000e+01,3.025000000000000000e+01,nan,nan,nan,nan,nan,nan,nan,2.100000000000000000e+01,2.500000000000000000e+01,nan,nan,nan,nan,nan,nan,nan,nan,nan,nan,nan,nan,nan,nan,nan,nan,nan,nan,nan,nan,nan,nan,nan,nan,nan,nan,nan,nan,nan,3.242187500000000000e+01,nan,2.800000000000000000e+01,2.851562500000000000e+01,nan,nan,3.400000000000000000e+01,nan,nan,nan,nan,nan,nan,nan,nan
2.265625000000000000e+01,2.400000000000000000e+01,nan,nan,nan,1.875000000000000000e+01,nan,nan,nan,nan,nan,nan,nan,nan,nan,nan,nan,nan,nan,nan,nan,nan,nan,nan,nan,nan,nan,nan,nan,nan,nan,nan,nan,nan,nan,nan,nan,nan,nan,nan,nan,nan,nan,nan,nan,nan,nan,nan,nan,nan,nan,nan,nan,nan,nan,nan,nan,nan,nan,nan,nan,nan,nan,nan,2.100000000000000000e+01,2.100000000000000000e+01,2.600000000000000000e+01,nan,2.100000000000000000e+01,1.689843799999999874e+01,2.400000000000000000e+01,2.700000000000000000e+01,2.800000000000000000e+01,2.500000000000000000e+01,3.000000000000000000e+01,3.600000000000000000e+01,nan,nan,nan,nan,nan,nan,nan,2.200000000000000000e+01,2.700000000000000000e+01,3.600000000000000000e+01,nan,nan,nan,nan,nan,nan,nan,nan,nan,nan,nan,nan,nan,nan,nan,nan,nan,nan,nan,nan,nan,3.000000000000000000e+01,nan,3.517578100000000063e+01,3.828125000000000000e+01,3.800000000000000000e+01,nan,3.800000000000000000e+01,3.600000000000000000e+01,nan,3.100000000000000000e+01,3.400000000000000000e+01,nan,3.000000000000000000e+01,3.100000000000000000e+01,nan,nan,nan,nan,nan,1.960742199999999968e+01,3.400000000000000000e+01,nan
nan,nan,nan,nan,nan,nan,2.656250000000000000e+01,nan,nan,nan,nan,nan,nan,nan,nan,nan,nan,nan,nan,nan,nan,nan,nan,nan,nan,nan,nan,nan,nan,nan,nan,nan,nan,nan,nan,nan,nan,nan,nan,nan,nan,nan,nan,nan,nan,nan,nan,nan,nan,nan,nan,nan,nan,nan,nan,nan,nan,nan,nan,nan,nan,nan,nan,nan,1.800000000000000000e+01,1.900000000000000000e+01,2.000000000000000000e+01,nan,2.100000000000000000e+01,2.400000000000000000e+01,1.500000000000000000e+01,1.700000000000000000e+01,1.875000000000000000e+01,1.800000000000000000e+01,2.200000000000000000e+01,2.558593799999999874e+01,2.500000000000000000e+01,2.800000000000000000e+01,2.000000000000000000e+01,2.100000000000000000e+01,2.100000000000000000e+01,nan,nan,2.000000000000000000e+01,2.400000000000000000e+01,3.300000000000000000e+01,nan,2.200000000000000000e+01,nan,2.656250000000000000e+01,2.700000000000000000e+01,nan,nan,nan,2.825781200000000126e+01,nan,nan,nan,nan,nan,nan,nan,nan,nan,nan,nan,nan,1.900000000000000000e+01,nan,1.936328100000000063e+01,1.800000000000000000e+01,2.265625000000000000e+01,2.700000000000000000e+01,3.000000000000000000e+01,2.035156200000000126e+01,2.600000000000000000e+01,2.700000000000000000e+01,2.070312500000000000e+01,nan,2.200000000000000000e+01,1.800000000000000000e+01,nan,nan,nan,nan,nan,1.837500000000000000e+01,1.900000000000000000e+01,nan
nan,nan,nan,nan,nan,nan,2.900000000000000000e+01,3.193359399999999937e+01,nan,nan,nan,nan,nan,nan,3.400000000000000000e+01,3.046875000000000000e+01,nan,nan,nan,nan,3.295507800000000032e+01,nan,nan,nan,nan,nan,nan,nan,nan,nan,nan,nan,nan,nan,nan,nan,nan,nan,nan,nan,nan,nan,nan,nan,nan,nan,nan,nan,nan,nan,nan,nan,nan,nan,nan,nan,2.924609399999999937e+01,nan,nan,nan,nan,nan,nan,nan,2.100000000000000000e+01,2.600000000000000000e+01,2.200000000000000000e+01,nan,2.656250000000000000e+01,2.460937500000000000e+01,1.700000000000000000e+01,1.500000000000000000e+01,1.900000000000000000e+01,2.500000000000000000e+01,2.500000000000000000e+01,2.500000000000000000e+01,2.400000000000000000e+01,2.700000000000000000e+01,1.800000000000000000e+01,1.700000000000000000e+01,1.972656200000000126e+01,2.265625000000000000e+01,2.850000000000000000e+01,2.550000000000000000e+01,2.400000000000000000e+01,3.100000000000000000e+01,nan,1.900000000000000000e+01,2.265625000000000000e+01,3.100000000000000000e+01,2.949218799999999874e+01,nan,nan,nan,3.000000000000000000e+01,nan,nan,nan,nan,nan,nan,nan,nan,nan,nan,nan,nan,2.200000000000000000e+01,2.656250000000000000e+01,2.200000000000000000e+01,1.900000000000000000e+01,3.046875000000000000e+01,2.900000000000000000e+01,2.900000000000000000e+01,2.200000000000000000e+01,2.900000000000000000e+01,2.656250000000000000e+01,1.752929699999999968e+01,2.900000000000000000e+01,2.070312500000000000e+01,1.777343799999999874e+01,nan,nan,1.484375000000000000e+01,nan,nan,1.800000000000000000e+01,2.800000000000000000e+01,nan
nan,nan,nan,nan,nan,nan,2.579296899999999937e+01,nan,2.776953100000000063e+01,2.974609399999999937e+01,nan,nan,nan,nan,nan,nan,nan,nan,nan,nan,nan,nan,nan,nan,nan,nan,nan,nan,nan,nan,nan,nan,nan,nan,nan,nan,nan,nan,nan,nan,nan,nan,nan,nan,nan,nan,nan,nan,nan,nan,1.240234399999999937e+01,nan,nan,nan,nan,nan,3.242187500000000000e+01,nan,nan,nan,nan,nan,nan,nan,2.000000000000000000e+01,2.504882800000000032e+01,2.200000000000000000e+01,nan,2.628125000000000000e+01,2.776953100000000063e+01,1.813085900000000095e+01,1.800000000000000000e+01,1.600000000000000000e+01,1.875000000000000000e+01,1.800000000000000000e+01,1.800000000000000000e+01,2.119140600000000063e+01,2.100000000000000000e+01,1.800000000000000000e+01,2.100000000000000000e+01,2.000000000000000000e+01,2.300000000000000000e+01,2.656250000000000000e+01,1.900000000000000000e+01,2.000000000000000000e+01,2.800000000000000000e+01,3.250000000000000000e+01,2.200000000000000000e+01,2.000000000000000000e+01,2.381640600000000063e+01,2.700000000000000000e+01,nan,nan,nan,2.900000000000000000e+01,nan,nan,nan,nan,nan,nan,nan,nan,nan,nan,nan,nan,1.589843800000000051e+01,nan,2.265625000000000000e+01,2.500000000000000000e+01,2.509765600000000063e+01,2.875781200000000126e+01,2.750000000000000000e+01,2.700000000000000000e+01,2.950000000000000000e+01,3.300000000000000000e+01,2.400000000000000000e+01,2.500000000000000000e+01,2.331640600000000063e+01,2.200000000000000000e+01,nan,nan,nan,nan,nan,2.265625000000000000e+01,2.100000000000000000e+01,nan
nan,nan,nan,nan,nan,nan,nan,nan,nan,nan,nan,nan,nan,nan,nan,nan,nan,nan,nan,nan,nan,nan,nan,nan,nan,nan,nan,nan,nan,nan,nan,nan,nan,nan,nan,nan,nan,nan,nan,nan,nan,nan,nan,nan,nan,nan,nan,nan,nan,nan,nan,nan,nan,nan,nan,nan,nan,nan,nan,nan,nan,nan,nan,nan,1.923828100000000063e+01,1.800000000000000000e+01,1.700000000000000000e+01,nan,1.875000000000000000e+01,2.000000000000000000e+01,1.800000000000000000e+01,2.000000000000000000e+01,1.875000000000000000e+01,1.600000000000000000e+01,1.800000000000000000e+01,2.300000000000000000e+01,2.800000000000000000e+01,nan,2.400000000000000000e+01,2.300000000000000000e+01,nan,nan,nan,1.800000000000000000e+01,2.300000000000000000e+01,nan,nan,nan,nan,nan,nan,nan,nan,nan,nan,nan,nan,nan,nan,nan,nan,nan,nan,nan,nan,nan,nan,nan,nan,nan,nan,nan,nan,nan,2.700000000000000000e+01,nan,1.575000000000000000e+01,2.460937500000000000e+01,nan,nan,2.460937500000000000e+01,nan,nan,nan,nan,nan,nan,nan,nan
nan,nan,nan,nan,3.200000000000000000e+01,nan,nan,nan,nan,3.100000000000000000e+01,2.200000000000000000e+01,nan,nan,nan,nan,nan,nan,nan,nan,2.000000000000000000e+01,nan,nan,nan,nan,nan,nan,nan,nan,nan,nan,nan,nan,nan,nan,nan,nan,nan,nan,nan,nan,nan,nan,nan,nan,nan,nan,nan,nan,nan,nan,nan,nan,nan,nan,nan,nan,nan,nan,nan,nan,nan,nan,nan,nan,2.700000000000000000e+01,2.600000000000000000e+01,2.656250000000000000e+01,nan,2.200000000000000000e+01,2.480468799999999874e+01,2.500000000000000000e+01,2.500000000000000000e+01,2.000000000000000000e+01,2.000000000000000000e+01,1.700000000000000000e+01,2.100000000000000000e+01,2.400000000000000000e+01,2.430468799999999874e+01,2.500000000000000000e+01,2.480468799999999874e+01,nan,nan,nan,2.000000000000000000e+01,2.000000000000000000e+01,2.600000000000000000e+01,3.000000000000000000e+01,nan,nan,nan,nan,nan,nan,nan,nan,nan,nan,nan,nan,nan,nan,nan,nan,nan,nan,nan,nan,nan,nan,nan,nan,3.600000000000000000e+01,nan,3.400000000000000000e+01,3.400000000000000000e+01,nan,nan,3.300000000000000000e+01,nan,nan,2.800000000000000000e+01,nan,2.000000000000000000e+01,nan,nan,nan,nan,3.700000000000000000e+01,nan
nan,nan,nan,nan,nan,nan,nan,nan,nan,nan,nan,1.689843799999999874e+01,1.700000000000000000e+01,nan,nan,nan,nan,nan,nan,nan,1.800000000000000000e+01,nan,nan,nan,nan,nan,nan,nan,nan,nan,nan,nan,nan,nan,nan,nan,nan,nan,nan,nan,nan,nan,nan,nan,nan,nan,nan,nan,nan,nan,nan,nan,nan,nan,nan,nan,nan,nan,nan,nan,nan,nan,nan,nan,2.974609399999999937e+01,3.600000000000000000e+01,3.600000000000000000e+01,nan,3.400000000000000000e+01,3.437500000000000000e+01,3.100000000000000000e+01,2.600000000000000000e+01,1.875000000000000000e+01,3.023437500000000000e+01,2.000000000000000000e+01,1.550000000000000000e+01,1.700000000000000000e+01,1.998535199999999890e+01,1.900000000000000000e+01,2.656250000000000000e+01,2.200000000000000000e+01,2.500000000000000000e+01,nan,2.300000000000000000e+01,1.700000000000000000e+01,2.460937500000000000e+01,3.000000000000000000e+01,3.100000000000000000e+01,nan,nan,nan,nan,nan,nan,nan,nan,nan,nan,nan,nan,nan,nan,nan,nan,nan,nan,nan,nan,nan,nan,nan,nan,nan,nan,3.300000000000000000e+01,nan,nan,3.073437500000000000e+01,nan,2.300000000000000000e+01,2.600000000000000000e+01,nan,nan,nan,nan,nan,nan,3.730468799999999874e+01,nan
nan,nan,nan,nan,nan,nan,nan,nan,nan,nan,nan,1.679687500000000000e+01,1.300000000000000000e+01,1.100000000000000000e+01,2.600000000000000000e+01,nan,nan,nan,nan,nan,1.442187500000000000e+01,1.200000000000000000e+01,nan,nan,nan,nan,nan,nan,nan,nan,nan,nan,nan,nan,nan,nan,nan,nan,nan,nan,nan,nan,nan,nan,nan,nan,nan,nan,nan,nan,nan,nan,nan,nan,nan,nan,nan,nan,nan,nan,nan,nan,nan,nan,2.500000000000000000e+01,3.900000000000000000e+01,3.073437500000000000e+01,nan,3.750000000000000000e+01,3.437500000000000000e+01,3.100000000000000000e+01,2.700000000000000000e+01,2.363281200000000126e+01,3.300000000000000000e+01,2.300000000000000000e+01,1.700000000000000000e+01,1.484375000000000000e+01,1.500000000000000000e+01,1.679687500000000000e+01,2.500000000000000000e+01,1.777343799999999874e+01,1.500000000000000000e+01,1.541015600000000063e+01,2.600000000000000000e+01,1.541015600000000063e+01,1.600000000000000000e+01,2.200000000000000000e+01,2.265625000000000000e+01,2.282812500000000000e+01,2.430468799999999874e+01,2.200000000000000000e+01,2.100000000000000000e+01,nan,nan,nan,nan,nan,nan,2.656250000000000000e+01,nan,nan,nan,nan,nan,nan,nan,nan,nan,nan,nan,nan,nan,nan,nan,nan,nan,nan,nan,nan,2.700000000000000000e+01,2.700000000000000000e+01,nan,nan,nan,nan,nan,nan,3.632812500000000000e+01,nan
nan,nan,nan,nan,nan,nan,nan,nan,nan,nan,nan,nan,2.300000000000000000e+01,1.484375000000000000e+01,nan,nan,nan,nan,nan,nan,nan,nan,nan,nan,nan,nan,nan,nan,nan,nan,nan,nan,nan,nan,nan,nan,nan,nan,nan,nan,nan,nan,nan,nan,nan,nan,nan,nan,nan,nan,nan,nan,nan,nan,nan,nan,nan,nan,nan,nan,nan,nan,nan,nan,nan,3.046875000000000000e+01,nan,nan,nan,nan,3.046875000000000000e+01,2.100000000000000000e+01,2.100000000000000000e+01,3.000000000000000000e+01,2.625000000000000000e+01,1.700000000000000000e+01,1.400000000000000000e+01,1.300000000000000000e+01,1.484375000000000000e+01,2.282812500000000000e+01,1.484375000000000000e+01,1.400000000000000000e+01,1.600000000000000000e+01,nan,1.738671899999999937e+01,1.700000000000000000e+01,nan,1.972656200000000126e+01,2.200000000000000000e+01,nan,2.216796899999999937e+01,2.600000000000000000e+01,nan,nan,nan,nan,nan,nan,2.851562500000000000e+01,nan,nan,nan,nan,nan,nan,nan,nan,nan,nan,nan,nan,nan,nan,nan,nan,nan,nan,nan,nan,2.567089800000000110e+01,nan,nan,nan,nan,nan,nan,nan,nan,nan
nan,nan,nan,nan,nan,nan,nan,nan,nan,nan,nan,nan,2.350000000000000000e+01,nan,2.600000000000000000e+01,nan,nan,nan,nan,nan,nan,nan,nan,nan,nan,nan,nan,nan,nan,nan,nan,nan,nan,nan,nan,nan,nan,nan,nan,nan,nan,nan,nan,nan,nan,nan,nan,nan,nan,nan,nan,nan,nan,nan,nan,nan,nan,nan,nan,nan,nan,nan,nan,nan,3.046875000000000000e+01,3.200000000000000000e+01,3.200000000000000000e+01,nan,3.750000000000000000e+01,3.600000000000000000e+01,2.300000000000000000e+01,1.900000000000000000e+01,1.800000000000000000e+01,3.000000000000000000e+01,2.656250000000000000e+01,1.800000000000000000e+01,1.600000000000000000e+01,1.500000000000000000e+01,1.400000000000000000e+01,1.875000000000000000e+01,1.484375000000000000e+01,1.400000000000000000e+01,1.800000000000000000e+01,2.100000000000000000e+01,1.600000000000000000e+01,1.700000000000000000e+01,3.046875000000000000e+01,1.700000000000000000e+01,1.600000000000000000e+01,2.825781200000000126e+01,2.300000000000000000e+01,2.900000000000000000e+01,2.656250000000000000e+01,3.200000000000000000e+01,2.800000000000000000e+01,3.200000000000000000e+01,nan,3.200000000000000000e+01,2.900000000000000000e+01,nan,nan,nan,nan,nan,nan,nan,nan,nan,nan,nan,nan,nan,nan,3.200000000000000000e+01,3.100000000000000000e+01,3.300000000000000000e+01,3.100000000000000000e+01,2.300000000000000000e+01,nan,1.972656200000000126e+01,2.460937500000000000e+01,nan,nan,nan,nan,nan,nan,3.864062500000000000e+01,nan
nan,nan,nan,nan,nan,nan,nan,3.100000000000000000e+01,nan,nan,nan,nan,nan,nan,nan,2.800000000000000000e+01,nan,nan,nan,nan,nan,nan,nan,nan,nan,nan,nan,nan,nan,nan,nan,nan,nan,nan,nan,nan,nan,nan,nan,nan,nan,nan,nan,nan,nan,nan,nan,nan,nan,nan,nan,nan,nan,nan,nan,3.437500000000000000e+01,nan,nan,nan,nan,nan,nan,nan,nan,2.600000000000000000e+01,3.023437500000000000e+01,1.900000000000000000e+01,nan,nan,nan,1.875000000000000000e+01,1.600000000000000000e+01,2.000000000000000000e+01,1.700000000000000000e+01,2.100000000000000000e+01,2.200000000000000000e+01,2.100000000000000000e+01,2.579296899999999937e+01,1.800000000000000000e+01,1.500000000000000000e+01,1.777343799999999874e+01,2.100000000000000000e+01,2.500000000000000000e+01,nan,2.600000000000000000e+01,2.400000000000000000e+01,nan,1.875000000000000000e+01,2.400000000000000000e+01,2.600000000000000000e+01,2.500000000000000000e+01,2.800000000000000000e+01,nan,nan,2.900000000000000000e+01,nan,nan,nan,2.656250000000000000e+01,nan,nan,nan,nan,nan,nan,nan,nan,1.900000000000000000e+01,1.936328100000000063e+01,2.000000000000000000e+01,2.000000000000000000e+01,2.085156200000000126e+01,2.300000000000000000e+01,2.300000000000000000e+01,1.725000000000000000e+01,2.400000000000000000e+01,2.000000000000000000e+01,1.600000000000000000e+01,2.200000000000000000e+01,1.900000000000000000e+01,1.875000000000000000e+01,nan,nan,1.875000000000000000e+01,nan,nan,1.900000000000000000e+01,2.000000000000000000e+01,nan
nan,nan,nan,nan,nan,nan,nan,nan,nan,nan,nan,nan,nan,nan,nan,nan,2.150000000000000000e+01,nan,nan,nan,nan,nan,nan,nan,nan,nan,nan,nan,nan,nan,nan,nan,nan,nan,nan,nan,nan,nan,nan,nan,nan,nan,nan,nan,nan,nan,nan,nan,nan,nan,nan,nan,nan,nan,nan,nan,nan,nan,nan,nan,nan,nan,nan,nan,nan,nan,nan,nan,nan,nan,2.500000000000000000e+01,1.875000000000000000e+01,1.900000000000000000e+01,1.386718800000000051e+01,1.875000000000000000e+01,2.450000000000000000e+01,1.484375000000000000e+01,1.484375000000000000e+01,1.300000000000000000e+01,1.777343799999999874e+01,1.200000000000000000e+01,1.289062500000000000e+01,1.600000000000000000e+01,2.300000000000000000e+01,1.800000000000000000e+01,1.582031199999999949e+01,nan,1.700000000000000000e+01,1.484375000000000000e+01,1.484375000000000000e+01,1.875000000000000000e+01,1.800000000000000000e+01,2.100000000000000000e+01,nan,2.035156200000000126e+01,nan,nan,2.400000000000000000e+01,2.363281200000000126e+01,nan,nan,nan,nan,nan,nan,nan,nan,nan,nan,nan,nan,nan,nan,nan,2.656250000000000000e+01,2.800000000000000000e+01,2.600000000000000000e+01,2.603710900000000095e+01,2.750000000000000000e+01,1.875000000000000000e+01,2.363281200000000126e+01,nan,nan,nan,nan,nan,nan,3.100000000000000000e+01,nan
nan,nan,nan,nan,nan,nan,nan,nan,nan,nan,nan,nan,2.150000000000000000e+01,nan,nan,nan,nan,1.900000000000000000e+01,nan,nan,nan,nan,nan,nan,nan,nan,nan,nan,nan,nan,nan,nan,nan,nan,nan,nan,nan,nan,nan,nan,nan,nan,nan,nan,nan,nan,nan,nan,nan,nan,nan,nan,nan,nan,nan,nan,nan,nan,nan,nan,nan,nan,nan,nan,nan,nan,nan,nan,nan,nan,1.777343799999999874e+01,2.656250000000000000e+01,2.656250000000000000e+01,nan,1.700000000000000000e+01,1.679687500000000000e+01,1.500000000000000000e+01,1.400000000000000000e+01,1.400000000000000000e+01,1.900000000000000000e+01,1.300000000000000000e+01,1.191406199999999949e+01,1.200000000000000000e+01,nan,2.100000000000000000e+01,1.500000000000000000e+01,2.300000000000000000e+01,1.875000000000000000e+01,1.484375000000000000e+01,1.700000000000000000e+01,1.875000000000000000e+01,1.600000000000000000e+01,2.167968799999999874e+01,nan,2.200000000000000000e+01,nan,nan,1.800000000000000000e+01,2.070312500000000000e+01,nan,nan,nan,nan,nan,nan,nan,nan,nan,nan,nan,nan,nan,nan,nan,nan,nan,nan,nan,nan,2.300000000000000000e+01,nan,nan,nan,2.070312500000000000e+01,nan,nan,nan,nan,nan
nan,nan,nan,nan,nan,nan,nan,nan,nan,nan,nan,nan,nan,nan,nan,nan,nan,nan,nan,nan,nan,nan,nan,nan,nan,nan,nan,nan,nan,nan,nan,nan,nan,nan,nan,nan,nan,nan,nan,nan,nan,nan,nan,nan,nan,nan,nan,nan,nan,nan,nan,nan,nan,nan,nan,nan,nan,nan,nan,nan,nan,nan,nan,nan,nan,nan,nan,nan,nan,nan,nan,2.974609399999999937e+01,3.073437500000000000e+01,nan,nan,2.500000000000000000e+01,1.400000000000000000e+01,1.400000000000000000e+01,1.700000000000000000e+01,1.700000000000000000e+01,1.500000000000000000e+01,1.300000000000000000e+01,1.400000000000000000e+01,nan,1.600000000000000000e+01,1.400000000000000000e+01,1.600000000000000000e+01,2.070312500000000000e+01,1.679687500000000000e+01,1.777343799999999874e+01,1.800000000000000000e+01,1.679687500000000000e+01,2.000000000000000000e+01,nan,1.972656200000000126e+01,nan,nan,1.700000000000000000e+01,1.700000000000000000e+01,nan,nan,nan,nan,nan,nan,nan,nan,nan,nan,nan,nan,nan,nan,nan,2.350000000000000000e+01,nan,3.200000000000000000e+01,nan,nan,2.070312500000000000e+01,nan,nan,nan,nan,nan,nan,nan,nan,nan
nan,nan,nan,nan,2.600000000000000000e+01,3.000000000000000000e+01,nan,nan,nan,nan,2.600000000000000000e+01,nan,nan,nan,nan,nan,nan,nan,nan,2.100000000000000000e+01,2.628125000000000000e+01,nan,nan,nan,nan,nan,nan,nan,nan,nan,nan,nan,nan,nan,nan,nan,nan,nan,nan,nan,nan,nan,nan,nan,nan,nan,nan,nan,nan,nan,nan,nan,nan,nan,nan,nan,nan,nan,nan,nan,nan,nan,nan,nan,2.600000000000000000e+01,2.350000000000000000e+01,2.300000000000000000e+01,nan,2.000000000000000000e+01,2.265625000000000000e+01,2.232812500000000000e+01,2.656250000000000000e+01,2.300000000000000000e+01,2.400000000000000000e+01,2.265625000000000000e+01,2.729492199999999968e+01,2.656250000000000000e+01,nan,2.050000000000000000e+01,nan,nan,nan,nan,1.800000000000000000e+01,2.100000000000000000e+01,2.500000000000000000e+01,nan,nan,nan,nan,nan,nan,nan,nan,nan,nan,nan,nan,nan,nan,nan,nan,nan,nan,nan,nan,nan,nan,nan,3.500000000000000000e+01,3.418750000000000000e+01,nan,nan,nan,3.200000000000000000e+01,nan,nan,3.300000000000000000e+01,nan,2.700000000000000000e+01,3.300000000000000000e+01,nan,nan,nan,nan,nan,2.825781200000000126e+01,3.046875000000000000e+01,nan
nan,nan,nan,nan,nan,nan,nan,nan,nan,nan,nan,nan,2.500000000000000000e+01,nan,nan,nan,nan,nan,nan,nan,1.700000000000000000e+01,nan,nan,nan,nan,nan,nan,nan,nan,nan,nan,nan,nan,nan,nan,nan,nan,nan,nan,nan,nan,nan,nan,nan,nan,nan,nan,nan,nan,nan,nan,nan,nan,nan,nan,nan,nan,nan,nan,nan,nan,nan,nan,nan,2.875781200000000126e+01,2.656250000000000000e+01,3.600000000000000000e+01,nan,1.900000000000000000e+01,1.900000000000000000e+01,3.000000000000000000e+01,2.700000000000000000e+01,2.400000000000000000e+01,2.900000000000000000e+01,2.070312500000000000e+01,1.900000000000000000e+01,2.000000000000000000e+01,2.300000000000000000e+01,2.000000000000000000e+01,2.800000000000000000e+01,2.250000000000000000e+01,2.200000000000000000e+01,2.300000000000000000e+01,2.000000000000000000e+01,1.600000000000000000e+01,2.000000000000000000e+01,2.100000000000000000e+01,3.000000000000000000e+01,nan,nan,nan,nan,nan,nan,nan,nan,nan,nan,nan,nan,nan,nan,nan,nan,nan,nan,nan,nan,nan,nan,nan,nan,nan,nan,2.070312500000000000e+01,nan,nan,3.100000000000000000e+01,nan,3.300000000000000000e+01,3.046875000000000000e+01,nan,nan,nan,nan,nan,nan,3.050000000000000000e+01,nan
nan,nan,nan,nan,nan,nan,nan,nan,nan,nan,nan,nan,1.800000000000000000e+01,nan,nan,nan,nan,nan,1.838378900000000016e+01,nan,1.813085900000000095e+01,1.600000000000000000e+01,nan,nan,nan,nan,nan,nan,nan,nan,nan,nan,nan,nan,nan,nan,nan,nan,nan,nan,nan,nan,nan,nan,nan,nan,nan,nan,nan,nan,nan,nan,nan,nan,nan,nan,nan,nan,nan,nan,nan,nan,nan,nan,1.911914099999999905e+01,2.100000000000000000e+01,nan,nan,2.000000000000000000e+01,2.000000000000000000e+01,3.271093799999999874e+01,3.200000000000000000e+01,3.300000000000000000e+01,3.300000000000000000e+01,2.150000000000000000e+01,2.500000000000000000e+01,1.600000000000000000e+01,1.600000000000000000e+01,2.000000000000000000e+01,2.656250000000000000e+01,1.700000000000000000e+01,1.679687500000000000e+01,1.679687500000000000e+01,2.100000000000000000e+01,1.600000000000000000e+01,1.484375000000000000e+01,1.700000000000000000e+01,2.600000000000000000e+01,1.600000000000000000e+01,1.700000000000000000e+01,1.900000000000000000e+01,1.600000000000000000e+01,1.900000000000000000e+01,2.000000000000000000e+01,2.400000000000000000e+01,2.150000000000000000e+01,2.250000000000000000e+01,2.000000000000000000e+01,1.887500000000000000e+01,nan,nan,nan,nan,nan,nan,nan,nan,2.600000000000000000e+01,2.800000000000000000e+01,3.271093799999999874e+01,nan,nan,nan,1.777343799999999874e+01,2.167968799999999874e+01,nan,2.400000000000000000e+01,2.949218799999999874e+01,2.400000000000000000e+01,2.534179699999999968e+01,3.073437500000000000e+01,nan,nan,nan,nan,nan,nan,3.221093799999999874e+01,nan
nan,nan,nan,nan,nan,nan,nan,nan,nan,nan,nan,nan,nan,nan,nan,nan,nan,nan,nan,nan,nan,nan,1.350000000000000000e+01,nan,nan,nan,nan,nan,nan,nan,nan,nan,nan,1.386718800000000051e+01,nan,nan,nan,nan,nan,nan,nan,nan,nan,nan,nan,nan,nan,nan,nan,nan,nan,nan,nan,nan,nan,nan,nan,nan,nan,nan,nan,nan,nan,nan,nan,nan,nan,nan,1.800000000000000000e+01,2.200000000000000000e+01,2.500000000000000000e+01,nan,3.221093799999999874e+01,nan,1.650000000000000000e+01,2.500000000000000000e+01,2.150000000000000000e+01,nan,nan,nan,nan,nan,2.100000000000000000e+01,2.265625000000000000e+01,1.900000000000000000e+01,1.800000000000000000e+01,1.484375000000000000e+01,1.442187500000000000e+01,nan,1.837500000000000000e+01,1.700000000000000000e+01,1.600000000000000000e+01,1.700000000000000000e+01,1.961914099999999905e+01,1.700000000000000000e+01,1.788671899999999937e+01,1.800000000000000000e+01,1.700000000000000000e+01,1.700000000000000000e+01,2.035156200000000126e+01,1.800000000000000000e+01,nan,nan,2.100000000000000000e+01,nan,1.900000000000000000e+01,2.200000000000000000e+01,2.500000000000000000e+01,2.100000000000000000e+01,2.924609399999999937e+01,nan,2.579296899999999937e+01,2.200000000000000000e+01,2.300000000000000000e+01,2.265625000000000000e+01,1.900000000000000000e+01,2.000000000000000000e+01,2.500000000000000000e+01,1.300000000000000000e+01,1.582031199999999949e+01,nan,nan,nan,nan,nan,nan,2.607421899999999937e+01,2.656250000000000000e+01,nan
nan,nan,nan,nan,nan,nan,nan,nan,nan,nan,nan,nan,nan,nan,nan,2.558593799999999874e+01,nan,nan,nan,nan,nan,nan,nan,2.628125000000000000e+01,nan,nan,nan,nan,nan,nan,nan,nan,nan,nan,nan,nan,nan,nan,nan,nan,nan,nan,nan,nan,nan,nan,nan,nan,nan,nan,nan,nan,nan,nan,nan,2.460937500000000000e+01,nan,nan,nan,nan,nan,nan,nan,nan,3.200000000000000000e+01,2.500000000000000000e+01,nan,nan,nan,nan,2.265625000000000000e+01,1.900000000000000000e+01,2.000000000000000000e+01,nan,nan,2.500000000000000000e+01,1.700000000000000000e+01,2.100000000000000000e+01,1.800000000000000000e+01,1.600000000000000000e+01,1.639843799999999874e+01,1.750000000000000000e+01,1.800000000000000000e+01,nan,1.950000000000000000e+01,2.000000000000000000e+01,nan,1.500000000000000000e+01,2.000000000000000000e+01,1.700000000000000000e+01,1.700000000000000000e+01,1.591015600000000063e+01,2.430468799999999874e+01,2.265625000000000000e+01,1.875000000000000000e+01,nan,nan,1.800000000000000000e+01,2.100000000000000000e+01,nan,nan,nan,nan,nan,nan,nan,nan,1.875000000000000000e+01,1.875000000000000000e+01,nan,nan,1.700000000000000000e+01,1.800000000000000000e+01,1.700000000000000000e+01,1.700000000000000000e+01,1.700000000000000000e+01,1.600000000000000000e+01,1.875000000000000000e+01,1.700000000000000000e+01,1.800000000000000000e+01,2.100000000000000000e+01,nan,nan,1.679687500000000000e+01,nan,nan,1.900000000000000000e+01,1.800000000000000000e+01,nan
nan,nan,nan,nan,nan,nan,nan,nan,nan,nan,nan,nan,nan,nan,nan,nan,nan,nan,nan,nan,nan,nan,nan,nan,2.200000000000000000e+01,nan,nan,nan,nan,nan,nan,nan,nan,nan,nan,nan,nan,nan,nan,nan,nan,nan,nan,nan,nan,nan,nan,nan,nan,nan,nan,nan,nan,nan,nan,nan,nan,nan,nan,nan,nan,nan,nan,nan,nan,nan,nan,nan,nan,nan,nan,2.100000000000000000e+01,2.100000000000000000e+01,nan,nan,2.700000000000000000e+01,1.600000000000000000e+01,1.600000000000000000e+01,1.500000000000000000e+01,1.600000000000000000e+01,1.400000000000000000e+01,1.100000000000000000e+01,1.484375000000000000e+01,nan,2.200000000000000000e+01,1.700000000000000000e+01,1.679687500000000000e+01,1.738671899999999937e+01,1.300000000000000000e+01,1.600000000000000000e+01,1.500000000000000000e+01,1.400000000000000000e+01,1.500000000000000000e+01,3.046875000000000000e+01,1.700000000000000000e+01,nan,nan,nan,1.679687500000000000e+01,nan,nan,nan,nan,nan,nan,nan,nan,nan,nan,nan,nan,nan,nan,nan,nan,2.085156200000000126e+01,2.000000000000000000e+01,2.826953100000000063e+01,2.150000000000000000e+01,1.850585900000000095e+01,2.705078100000000063e+01,nan,nan,nan,nan,nan,nan,nan,nan
nan,nan,nan,nan,nan,nan,nan,nan,nan,nan,nan,nan,nan,nan,nan,nan,nan,nan,nan,nan,nan,nan,nan,nan,nan,nan,nan,nan,nan,nan,1.386718800000000051e+01,nan,nan,nan,nan,nan,nan,nan,nan,nan,nan,nan,nan,nan,nan,nan,nan,nan,nan,nan,nan,nan,nan,nan,nan,nan,nan,nan,nan,nan,nan,nan,nan,nan,nan,nan,nan,nan,nan,nan,3.242187500000000000e+01,2.500000000000000000e+01,2.600000000000000000e+01,nan,nan,nan,2.300000000000000000e+01,2.851562500000000000e+01,2.400000000000000000e+01,2.363281200000000126e+01,1.875000000000000000e+01,2.000000000000000000e+01,2.460937500000000000e+01,nan,nan,2.300000000000000000e+01,2.100000000000000000e+01,2.000000000000000000e+01,1.700000000000000000e+01,1.484375000000000000e+01,1.541015600000000063e+01,1.500000000000000000e+01,1.900000000000000000e+01,1.435546899999999937e+01,1.700000000000000000e+01,1.582031199999999949e+01,1.600000000000000000e+01,1.700000000000000000e+01,2.300000000000000000e+01,nan,nan,nan,nan,2.300000000000000000e+01,nan,1.582031199999999949e+01,nan,1.386718800000000051e+01,1.700000000000000000e+01,nan,nan,2.550000000000000000e+01,2.100000000000000000e+01,2.000000000000000000e+01,2.050000000000000000e+01,1.800000000000000000e+01,2.000000000000000000e+01,2.650000000000000000e+01,1.900000000000000000e+01,2.133984399999999937e+01,3.100000000000000000e+01,nan,nan,nan,nan,nan,nan,2.300000000000000000e+01,nan
nan,nan,nan,nan,nan,nan,nan,nan,nan,nan,nan,nan,nan,nan,nan,nan,nan,nan,nan,nan,nan,nan,nan,nan,nan,nan,nan,nan,nan,nan,nan,nan,nan,nan,nan,nan,nan,nan,nan,nan,nan,nan,nan,nan,nan,nan,nan,nan,nan,nan,nan,nan,nan,nan,nan,nan,nan,nan,nan,nan,nan,nan,nan,nan,2.851562500000000000e+01,3.200000000000000000e+01,nan,nan,nan,nan,2.600000000000000000e+01,2.300000000000000000e+01,2.851562500000000000e+01,2.925781200000000126e+01,nan,nan,2.300000000000000000e+01,3.350000000000000000e+01,1.900000000000000000e+01,1.900000000000000000e+01,1.800000000000000000e+01,2.100000000000000000e+01,2.300000000000000000e+01,nan,1.950000000000000000e+01,2.265625000000000000e+01,1.700000000000000000e+01,1.800000000000000000e+01,1.900000000000000000e+01,1.679687500000000000e+01,1.600000000000000000e+01,1.900000000000000000e+01,2.300000000000000000e+01,2.232812500000000000e+01,1.700000000000000000e+01,2.000000000000000000e+01,1.837500000000000000e+01,1.800000000000000000e+01,2.400000000000000000e+01,nan,nan,nan,nan,2.000000000000000000e+01,nan,1.484375000000000000e+01,2.000000000000000000e+01,1.800000000000000000e+01,2.070312500000000000e+01,3.800000000000000000e+01,nan,2.119140600000000063e+01,2.183984399999999937e+01,1.777343799999999874e+01,2.000000000000000000e+01,1.800000000000000000e+01,1.800000000000000000e+01,2.200000000000000000e+01,1.800000000000000000e+01,1.900000000000000000e+01,1.887500000000000000e+01,nan,nan,1.679687500000000000e+01,nan,nan,2.100000000000000000e+01,2.070312500000000000e+01,nan
nan,nan,nan,nan,nan,nan,nan,nan,nan,nan,nan,nan,nan,nan,nan,nan,nan,nan,nan,nan,nan,nan,nan,nan,nan,nan,nan,nan,nan,nan,nan,nan,nan,nan,nan,nan,nan,nan,nan,nan,nan,nan,nan,nan,nan,nan,nan,nan,nan,nan,nan,nan,nan,nan,nan,nan,nan,nan,nan,nan,nan,nan,nan,nan,nan,nan,nan,nan,nan,nan,nan,nan,2.700000000000000000e+01,nan,nan,nan,2.100000000000000000e+01,2.000000000000000000e+01,2.000000000000000000e+01,1.887500000000000000e+01,1.679687500000000000e+01,1.679687500000000000e+01,1.484375000000000000e+01,nan,nan,1.700000000000000000e+01,1.700000000000000000e+01,2.300000000000000000e+01,1.484375000000000000e+01,1.484375000000000000e+01,1.777343799999999874e+01,1.191406199999999949e+01,1.615429699999999968e+01,1.936328100000000063e+01,1.442187500000000000e+01,1.500000000000000000e+01,1.875000000000000000e+01,1.800000000000000000e+01,1.500000000000000000e+01,nan,nan,nan,nan,nan,nan,nan,nan,nan,nan,nan,nan,nan,2.265625000000000000e+01,2.119140600000000063e+01,1.484375000000000000e+01,1.700000000000000000e+01,2.000000000000000000e+01,nan,nan,1.679687500000000000e+01,nan,nan,nan,nan,nan,nan,nan,nan,nan
nan,nan,nan,nan,nan,nan,nan,nan,nan,nan,nan,nan,nan,nan,nan,nan,nan,nan,nan,nan,nan,nan,nan,nan,nan,nan,nan,nan,nan,nan,nan,nan,nan,nan,nan,nan,nan,nan,nan,nan,nan,nan,nan,nan,nan,nan,nan,nan,nan,nan,nan,nan,nan,nan,nan,nan,nan,nan,nan,nan,nan,nan,nan,nan,nan,nan,nan,nan,nan,nan,nan,nan,nan,nan,nan,nan,nan,1.442187500000000000e+01,2.000000000000000000e+01,nan,nan,1.650000000000000000e+01,2.100000000000000000e+01,nan,nan,1.900000000000000000e+01,1.600000000000000000e+01,nan,2.000000000000000000e+01,1.700000000000000000e+01,2.400000000000000000e+01,1.484375000000000000e+01,1.200000000000000000e+01,1.679687500000000000e+01,1.484375000000000000e+01,1.500000000000000000e+01,2.200000000000000000e+01,1.500000000000000000e+01,1.500000000000000000e+01,nan,nan,nan,nan,nan,nan,nan,nan,nan,nan,nan,nan,nan,1.750000000000000000e+01,1.386718800000000051e+01,nan,nan,nan,nan,nan,nan,nan,nan,nan,nan,nan,nan,nan,nan,nan
nan,nan,nan,nan,nan,nan,nan,nan,nan,nan,nan,nan,nan,nan,nan,nan,nan,nan,nan,nan,nan,nan,nan,nan,nan,nan,nan,nan,nan,nan,nan,nan,nan,nan,nan,nan,nan,nan,nan,nan,nan,nan,nan,nan,nan,nan,nan,nan,nan,nan,nan,nan,nan,nan,nan,nan,nan,nan,nan,nan,nan,nan,nan,nan,nan,nan,nan,nan,nan,nan,nan,nan,nan,nan,nan,nan,nan,nan,nan,nan,nan,nan,nan,nan,nan,nan,2.050000000000000000e+01,nan,nan,3.221093799999999874e+01,2.265625000000000000e+01,2.182812500000000000e+01,1.600000000000000000e+01,1.300000000000000000e+01,1.600000000000000000e+01,1.400000000000000000e+01,1.600000000000000000e+01,1.400000000000000000e+01,1.900000000000000000e+01,1.777343799999999874e+01,1.850000000000000000e+01,1.679687500000000000e+01,nan,1.800000000000000000e+01,1.900000000000000000e+01,2.216796899999999937e+01,1.800000000000000000e+01,nan,nan,nan,nan,nan,1.900000000000000000e+01,1.600000000000000000e+01,nan,1.700000000000000000e+01,nan,nan,nan,nan,nan,nan,nan,nan,nan,nan,nan,nan,nan
nan,nan,nan,nan,nan,nan,nan,nan,nan,nan,nan,nan,nan,nan,nan,nan,nan,nan,nan,nan,nan,nan,nan,nan,nan,nan,nan,nan,nan,nan,nan,nan,nan,nan,nan,nan,nan,nan,nan,nan,nan,nan,nan,nan,nan,nan,nan,nan,nan,nan,nan,nan,nan,nan,nan,nan,nan,nan,nan,nan,nan,nan,nan,nan,nan,nan,nan,nan,nan,nan,3.600000000000000000e+01,2.700000000000000000e+01,2.480468799999999874e+01,nan,nan,nan,nan,nan,2.600000000000000000e+01,3.200000000000000000e+01,2.000000000000000000e+01,nan,nan,nan,nan,2.600000000000000000e+01,2.000000000000000000e+01,2.200000000000000000e+01,nan,1.600000000000000000e+01,1.800000000000000000e+01,1.600000000000000000e+01,1.700000000000000000e+01,1.800000000000000000e+01,1.600000000000000000e+01,1.600000000000000000e+01,1.700000000000000000e+01,2.000000000000000000e+01,2.100000000000000000e+01,nan,1.591015600000000063e+01,nan,1.600000000000000000e+01,1.582031199999999949e+01,nan,1.679687500000000000e+01,1.600000000000000000e+01,1.800000000000000000e+01,1.800000000000000000e+01,nan,nan,1.875000000000000000e+01,1.900000000000000000e+01,1.800000000000000000e+01,2.100000000000000000e+01,1.800000000000000000e+01,2.100000000000000000e+01,2.350000000000000000e+01,2.400000000000000000e+01,2.000000000000000000e+01,2.200000000000000000e+01,nan,nan,nan,nan,nan,1.386718800000000051e+01,2.600000000000000000e+01,nan
nan,nan,nan,nan,nan,nan,nan,nan,nan,nan,nan,nan,nan,nan,nan,nan,nan,nan,nan,nan,nan,nan,nan,nan,nan,nan,nan,nan,nan,nan,nan,nan,nan,nan,nan,nan,nan,nan,nan,nan,nan,nan,nan,nan,nan,nan,nan,nan,nan,nan,nan,nan,nan,nan,nan,nan,nan,nan,nan,nan,nan,nan,nan,nan,nan,nan,nan,nan,nan,nan,nan,nan,nan,nan,nan,nan,nan,nan,nan,nan,nan,nan,nan,nan,nan,2.100000000000000000e+01,2.300000000000000000e+01,nan,nan,1.689843799999999874e+01,1.800000000000000000e+01,1.442187500000000000e+01,1.700000000000000000e+01,1.400000000000000000e+01,1.500000000000000000e+01,1.300000000000000000e+01,1.400000000000000000e+01,1.700000000000000000e+01,2.300000000000000000e+01,nan,nan,nan,nan,nan,nan,nan,nan,nan,nan,nan,nan,nan,1.679687500000000000e+01,2.200000000000000000e+01,1.900000000000000000e+01,nan,1.950000000000000000e+01,nan,nan,nan,nan,nan,nan,nan,nan,nan,nan,nan,nan
nan,nan,nan,nan,nan,nan,nan,nan,nan,nan,nan,nan,nan,nan,nan,nan,nan,nan,nan,nan,nan,nan,nan,nan,nan,nan,nan,nan,nan,nan,nan,nan,nan,nan,nan,nan,nan,nan,nan,nan,nan,nan,nan,nan,nan,nan,nan,nan,nan,nan,nan,nan,nan,nan,nan,nan,nan,nan,nan,nan,nan,nan,nan,nan,nan,nan,nan,nan,nan,nan,nan,nan,nan,nan,nan,nan,nan,nan,nan,nan,nan,nan,nan,nan,nan,nan,2.200000000000000000e+01,nan,nan,1.700000000000000000e+01,1.800000000000000000e+01,2.000000000000000000e+01,2.100000000000000000e+01,1.689843799999999874e+01,1.887500000000000000e+01,1.600000000000000000e+01,1.500000000000000000e+01,1.800000000000000000e+01,2.875781200000000126e+01,1.777343799999999874e+01,1.591015600000000063e+01,1.500000000000000000e+01,1.500000000000000000e+01,1.679687500000000000e+01,1.700000000000000000e+01,1.700000000000000000e+01,1.800000000000000000e+01,2.100000000000000000e+01,1.800000000000000000e+01,nan,nan,1.200000000000000000e+01,1.800000000000000000e+01,1.679687500000000000e+01,1.343359399999999937e+01,1.800000000000000000e+01,2.035156200000000126e+01,2.085156200000000126e+01,nan,1.700000000000000000e+01,nan,nan,nan,nan,nan,nan,nan,1.800000000000000000e+01,nan
nan,nan,nan,nan,nan,nan,nan,nan,nan,nan,nan,nan,nan,nan,nan,nan,nan,nan,nan,nan,nan,nan,2.070312500000000000e+01,nan,nan,nan,nan,nan,nan,nan,4.414062500000000000e+01,nan,nan,2.100000000000000000e+01,nan,nan,nan,nan,nan,nan,nan,nan,nan,nan,nan,nan,nan,nan,nan,nan,nan,nan,nan,nan,nan,nan,nan,nan,nan,nan,nan,nan,nan,nan,nan,nan,nan,nan,nan,nan,nan,nan,2.265625000000000000e+01,nan,nan,nan,1.600000000000000000e+01,nan,2.300000000000000000e+01,nan,nan,nan,2.300000000000000000e+01,nan,nan,2.000000000000000000e+01,1.700000000000000000e+01,nan,nan,2.232812500000000000e+01,2.100000000000000000e+01,1.875000000000000000e+01,1.700000000000000000e+01,1.500000000000000000e+01,1.700000000000000000e+01,1.600000000000000000e+01,1.986328100000000063e+01,1.500000000000000000e+01,1.900000000000000000e+01,1.700000000000000000e+01,1.800000000000000000e+01,2.460937500000000000e+01,nan,1.700000000000000000e+01,1.900000000000000000e+01,2.100000000000000000e+01,2.100000000000000000e+01,2.300000000000000000e+01,2.300000000000000000e+01,nan,nan,nan,1.900000000000000000e+01,2.085156200000000126e+01,2.000000000000000000e+01,1.800000000000000000e+01,2.700000000000000000e+01,2.900000000000000000e+01,nan,nan,nan,nan,nan,nan,nan,nan,nan,2.875781200000000126e+01,nan
nan,nan,nan,nan,nan,nan,nan,nan,nan,nan,nan,nan,nan,nan,nan,nan,nan,nan,nan,nan,nan,nan,nan,nan,nan,nan,nan,nan,nan,nan,nan,nan,nan,nan,nan,nan,nan,nan,nan,nan,nan,nan,nan,nan,nan,nan,nan,nan,nan,nan,nan,nan,nan,nan,nan,nan,nan,nan,nan,nan,nan,nan,nan,nan,nan,nan,nan,nan,nan,nan,nan,nan,3.242187500000000000e+01,nan,nan,nan,2.167968799999999874e+01,2.100000000000000000e+01,2.500000000000000000e+01,nan,nan,1.900000000000000000e+01,1.800000000000000000e+01,nan,nan,1.900000000000000000e+01,1.700000000000000000e+01,nan,1.777343799999999874e+01,2.200000000000000000e+01,2.200000000000000000e+01,1.484375000000000000e+01,1.700000000000000000e+01,1.900000000000000000e+01,2.070312500000000000e+01,2.400000000000000000e+01,2.400000000000000000e+01,1.900000000000000000e+01,1.600000000000000000e+01,nan,nan,nan,nan,nan,nan,nan,nan,nan,nan,nan,nan,nan,nan,nan,nan,nan,2.600000000000000000e+01,nan,nan,2.265625000000000000e+01,nan,nan,nan,nan,nan,nan,nan,nan,nan
nan,nan,nan,nan,nan,nan,nan,nan,nan,nan,nan,nan,nan,nan,nan,nan,nan,nan,nan,nan,nan,nan,nan,nan,nan,nan,nan,nan,nan,nan,nan,nan,nan,nan,nan,nan,nan,nan,nan,nan,nan,nan,nan,nan,nan,nan,nan,nan,nan,nan,nan,nan,nan,nan,nan,nan,nan,nan,nan,nan,nan,nan,nan,nan,nan,nan,nan,nan,nan,nan,nan,nan,nan,nan,nan,nan,nan,nan,nan,nan,nan,nan,nan,nan,nan,nan,1.950000000000000000e+01,nan,nan,nan,nan,2.998046899999999937e+01,nan,1.400000000000000000e+01,2.678125000000000000e+01,1.900000000000000000e+01,1.800000000000000000e+01,1.500000000000000000e+01,2.500000000000000000e+01,1.500000000000000000e+01,1.200000000000000000e+01,1.777343799999999874e+01,1.400000000000000000e+01,2.000000000000000000e+01,1.300000000000000000e+01,1.800000000000000000e+01,2.579296899999999937e+01,1.739843799999999874e+01,nan,nan,nan,nan,1.600000000000000000e+01,1.689843799999999874e+01,nan,2.500000000000000000e+01,nan,nan,nan,nan,nan,nan,nan,nan,nan,nan,nan,nan,nan
nan,nan,nan,nan,nan,nan,nan,nan,nan,nan,nan,nan,nan,nan,nan,nan,nan,nan,nan,nan,nan,nan,nan,nan,nan,nan,nan,nan,nan,nan,nan,nan,nan,2.150000000000000000e+01,nan,nan,nan,nan,nan,nan,nan,nan,nan,nan,nan,nan,nan,nan,nan,nan,nan,nan,nan,nan,nan,nan,nan,nan,nan,nan,nan,nan,nan,nan,nan,nan,nan,nan,nan,nan,nan,nan,nan,nan,nan,nan,nan,nan,nan,nan,nan,nan,nan,nan,nan,nan,1.800000000000000000e+01,nan,nan,nan,nan,nan,nan,1.400000000000000000e+01,1.700000000000000000e+01,1.700000000000000000e+01,1.700000000000000000e+01,1.400000000000000000e+01,2.250000000000000000e+01,1.200000000000000000e+01,1.200000000000000000e+01,1.500000000000000000e+01,1.400000000000000000e+01,1.300000000000000000e+01,1.200000000000000000e+01,1.500000000000000000e+01,1.600000000000000000e+01,1.400000000000000000e+01,1.300000000000000000e+01,nan,nan,9.960938000000000514e+00,1.700000000000000000e+01,1.386718800000000051e+01,1.289062500000000000e+01,2.300000000000000000e+01,nan,nan,nan,nan,nan,nan,nan,nan,nan,nan,nan,2.200000000000000000e+01,nan
nan,nan,nan,nan,nan,nan,nan,nan,nan,nan,nan,nan,nan,nan,nan,nan,nan,nan,nan,nan,nan,nan,nan,nan,nan,nan,nan,nan,nan,nan,nan,nan,nan,nan,nan,nan,nan,nan,nan,nan,nan,nan,nan,nan,nan,nan,nan,nan,nan,nan,nan,nan,nan,nan,nan,nan,nan,nan,nan,nan,nan,nan,nan,nan,nan,nan,nan,nan,nan,nan,nan,nan,nan,nan,nan,nan,nan,nan,nan,nan,nan,nan,nan,nan,nan,nan,nan,nan,nan,nan,nan,nan,nan,1.679687500000000000e+01,nan,nan,1.600000000000000000e+01,2.350000000000000000e+01,nan,1.200000000000000000e+01,1.679687500000000000e+01,1.289062500000000000e+01,1.050000000000000000e+01,1.600000000000000000e+01,nan,2.200000000000000000e+01,2.000000000000000000e+01,nan,nan,nan,nan,nan,nan,nan,nan,nan,nan,nan,nan,nan,nan,nan,nan,nan,nan,nan,nan,nan,nan
nan,nan,nan,nan,nan,nan,nan,nan,nan,nan,nan,nan,nan,nan,nan,nan,nan,nan,nan,nan,nan,nan,nan,nan,nan,nan,nan,nan,nan,nan,nan,nan,nan,nan,nan,nan,nan,nan,nan,nan,nan,nan,nan,nan,nan,nan,nan,nan,nan,nan,nan,nan,nan,nan,nan,nan,nan,nan,nan,nan,nan,nan,nan,nan,nan,nan,nan,nan,nan,nan,nan,nan,nan,nan,nan,nan,nan,nan,nan,nan,nan,nan,nan,nan,nan,nan,nan,nan,nan,nan,nan,nan,nan,nan,nan,nan,1.500000000000000000e+01,1.777343799999999874e+01,nan,1.550000000000000000e+01,1.300000000000000000e+01,1.500000000000000000e+01,1.289062500000000000e+01,1.484375000000000000e+01,1.400000000000000000e+01,1.500000000000000000e+01,1.400000000000000000e+01,1.900000000000000000e+01,nan,nan,nan,nan,1.600000000000000000e+01,1.442187500000000000e+01,1.484375000000000000e+01,nan,nan,nan,nan,nan,nan,nan,nan,nan,nan,nan,nan,2.460937500000000000e+01,nan
nan,nan,nan,nan,nan,nan,nan,nan,nan,nan,nan,nan,nan,nan,nan,nan,nan,nan,nan,nan,nan,nan,nan,nan,nan,nan,nan,nan,nan,nan,nan,nan,nan,nan,nan,nan,nan,nan,nan,nan,nan,nan,nan,nan,nan,nan,nan,nan,nan,nan,nan,nan,nan,nan,nan,nan,nan,nan,nan,nan,nan,nan,nan,nan,nan,nan,nan,nan,nan,nan,nan,nan,nan,nan,nan,nan,nan,nan,nan,nan,nan,nan,nan,nan,nan,nan,nan,nan,nan,1.800000000000000000e+01,1.900000000000000000e+01,nan,1.800000000000000000e+01,1.600000000000000000e+01,1.700000000000000000e+01,1.787500000000000000e+01,1.600000000000000000e+01,1.800000000000000000e+01,nan,nan,1.500000000000000000e+01,1.400000000000000000e+01,1.500000000000000000e+01,1.300000000000000000e+01,1.450000000000000000e+01,1.800000000000000000e+01,1.400000000000000000e+01,1.900000000000000000e+01,nan,nan,nan,1.200000000000000000e+01,1.700000000000000000e+01,1.600000000000000000e+01,1.386718800000000051e+01,1.750000000000000000e+01,2.035156200000000126e+01,nan,nan,nan,nan,nan,nan,nan,nan,nan,nan,1.750000000000000000e+01,nan
nan,nan,nan,nan,nan,nan,nan,nan,nan,nan,nan,nan,nan,nan,nan,nan,nan,nan,nan,nan,nan,nan,nan,nan,nan,nan,nan,nan,nan,nan,nan,nan,nan,nan,nan,nan,nan,nan,nan,nan,nan,nan,nan,nan,nan,nan,nan,nan,nan,nan,nan,nan,nan,nan,nan,nan,nan,nan,nan,nan,nan,nan,nan,nan,nan,nan,nan,nan,nan,nan,nan,nan,nan,nan,nan,nan,nan,nan,nan,nan,nan,nan,nan,nan,nan,nan,nan,nan,nan,nan,nan,nan,nan,1.500000000000000000e+01,nan,nan,2.250000000000000000e+01,1.484375000000000000e+01,nan,1.500000000000000000e+01,1.100000000000000000e+01,1.787500000000000000e+01,1.484375000000000000e+01,1.679687500000000000e+01,1.200000000000000000e+01,1.386718800000000051e+01,1.400000000000000000e+01,1.700000000000000000e+01,nan,nan,nan,8.992188000000000514e+00,1.386718800000000051e+01,1.875000000000000000e+01,1.093750000000000000e+01,nan,nan,nan,nan,nan,nan,nan,nan,nan,nan,nan,nan,2.300000000000000000e+01,nan
nan,nan,nan,nan,nan,nan,nan,nan,nan,nan,nan,nan,nan,nan,nan,nan,nan,nan,nan,nan,nan,nan,nan,nan,nan,nan,nan,nan,nan,nan,nan,nan,nan,nan,nan,nan,nan,nan,nan,nan,nan,2.300000000000000000e+01,2.400000000000000000e+01,2.200000000000000000e+01,2.250000000000000000e+01,nan,nan,nan,nan,2.825781200000000126e+01,nan,nan,nan,nan,nan,nan,nan,nan,nan,nan,nan,nan,nan,2.200000000000000000e+01,nan,nan,nan,nan,nan,nan,nan,nan,nan,nan,nan,nan,nan,nan,nan,nan,nan,nan,nan,nan,nan,nan,1.800000000000000000e+01,nan,nan,1.386718800000000051e+01,1.386718800000000051e+01,nan,2.085156200000000126e+01,2.000000000000000000e+01,1.600000000000000000e+01,2.500000000000000000e+01,1.600000000000000000e+01,1.600000000000000000e+01,2.800000000000000000e+01,1.800000000000000000e+01,1.500000000000000000e+01,nan,1.900000000000000000e+01,1.679687500000000000e+01,1.679687500000000000e+01,1.300000000000000000e+01,1.484375000000000000e+01,1.600000000000000000e+01,1.700000000000000000e+01,nan,nan,1.650000000000000000e+01,1.500000000000000000e+01,1.591015600000000063e+01,1.386718800000000051e+01,1.700000000000000000e+01,2.000000000000000000e+01,1.386718800000000051e+01,nan,1.386718800000000051e+01,1.600000000000000000e+01,nan,nan,nan,nan,nan,nan,2.200000000000000000e+01,nan
nan,nan,nan,nan,nan,nan,nan,nan,nan,nan,nan,nan,nan,nan,nan,nan,nan,nan,nan,nan,nan,nan,nan,nan,nan,nan,nan,nan,nan,nan,nan,nan,nan,nan,nan,nan,nan,nan,nan,nan,nan,nan,2.800000000000000000e+01,nan,nan,nan,nan,nan,nan,nan,nan,nan,nan,nan,nan,nan,nan,nan,nan,nan,nan,nan,nan,nan,nan,nan,nan,nan,nan,nan,nan,nan,nan,nan,nan,nan,nan,nan,nan,nan,nan,nan,nan,nan,nan,nan,1.800000000000000000e+01,nan,nan,2.100000000000000000e+01,2.200000000000000000e+01,nan,nan,2.233984399999999937e+01,1.800000000000000000e+01,nan,2.300000000000000000e+01,1.800000000000000000e+01,nan,nan,1.600000000000000000e+01,2.265625000000000000e+01,1.550000000000000000e+01,1.500000000000000000e+01,1.800000000000000000e+01,1.700000000000000000e+01,1.500000000000000000e+01,1.875000000000000000e+01,1.800000000000000000e+01,2.150000000000000000e+01,nan,2.035156200000000126e+01,1.700000000000000000e+01,1.800000000000000000e+01,1.900000000000000000e+01,1.800000000000000000e+01,1.887500000000000000e+01,2.550000000000000000e+01,nan,2.600000000000000000e+01,1.900000000000000000e+01,nan,nan,nan,nan,nan,nan,2.400000000000000000e+01,nan
nan,nan,nan,nan,nan,nan,nan,nan,nan,nan,nan,nan,nan,nan,nan,nan,nan,nan,nan,nan,nan,nan,nan,nan,nan,nan,nan,nan,nan,nan,nan,nan,nan,nan,nan,nan,nan,nan,nan,nan,nan,nan,8.007811999999999486e+00,1.679687500000000000e+01,1.435546899999999937e+01,1.093750000000000000e+01,nan,1.484375000000000000e+01,1.950000000000000000e+01,1.289062500000000000e+01,1.887500000000000000e+01,nan,nan,1.679687500000000000e+01,nan,nan,nan,nan,nan,nan,nan,nan,nan,1.386718800000000051e+01,3.000000000000000000e+01,3.000000000000000000e+01,nan,nan,nan,3.400000000000000000e+01,3.500000000000000000e+01,2.300000000000000000e+01,1.533203100000000063e+01,1.000000000000000000e+01,nan,nan,nan,nan,nan,2.700000000000000000e+01,nan,nan,nan,2.900000000000000000e+01,nan,2.900000000000000000e+01,2.400000000000000000e+01,nan,nan,1.386718800000000051e+01,1.386718800000000051e+01,1.386718800000000051e+01,nan,1.492187500000000000e+01,1.788671899999999937e+01,1.289062500000000000e+01,2.400000000000000000e+01,1.900000000000000000e+01,nan,1.600000000000000000e+01,1.484375000000000000e+01,nan,2.400000000000000000e+01,2.070312500000000000e+01,1.582031199999999949e+01,2.100000000000000000e+01,2.265625000000000000e+01,1.800000000000000000e+01,1.777343799999999874e+01,1.875000000000000000e+01,2.350000000000000000e+01,1.875000000000000000e+01,1.900000000000000000e+01,1.972656200000000126e+01,1.875000000000000000e+01,2.000000000000000000e+01,2.085156200000000126e+01,2.200000000000000000e+01,1.386718800000000051e+01,2.480468799999999874e+01,2.265625000000000000e+01,nan,nan,nan,nan,nan,2.200000000000000000e+01,2.600000000000000000e+01,nan
nan,nan,nan,nan,nan,nan,nan,nan,nan,nan,nan,nan,nan,nan,nan,nan,nan,nan,nan,nan,nan,nan,nan,nan,nan,nan,nan,nan,nan,nan,1.289062500000000000e+01,nan,nan,nan,nan,nan,nan,nan,nan,nan,nan,nan,nan,nan,1.582031199999999949e+01,nan,nan,nan,nan,1.386718800000000051e+01,nan,nan,nan,nan,nan,nan,nan,nan,nan,nan,nan,nan,nan,1.289062500000000000e+01,2.100000000000000000e+01,nan,nan,nan,nan,nan,nan,nan,nan,nan,nan,nan,nan,nan,nan,nan,nan,nan,nan,nan,nan,2.200000000000000000e+01,2.070312500000000000e+01,2.070312500000000000e+01,nan,1.386718800000000051e+01,1.386718800000000051e+01,1.300000000000000000e+01,nan,nan,1.400000000000000000e+01,nan,1.700000000000000000e+01,1.484375000000000000e+01,nan,1.386718800000000051e+01,1.289062500000000000e+01,nan,nan,1.484375000000000000e+01,1.386718800000000051e+01,1.900000000000000000e+01,2.400000000000000000e+01,1.800000000000000000e+01,1.500000000000000000e+01,2.000000000000000000e+01,2.265625000000000000e+01,2.000000000000000000e+01,2.100000000000000000e+01,1.700000000000000000e+01,1.900000000000000000e+01,1.700000000000000000e+01,1.777343799999999874e+01,2.265625000000000000e+01,1.875000000000000000e+01,2.400000000000000000e+01,2.656250000000000000e+01,nan,nan,nan,nan,nan,2.350000000000000000e+01,2.000000000000000000e+01,nan
nan,nan,nan,nan,nan,nan,nan,nan,1.289062500000000000e+01,nan,nan,nan,nan,nan,nan,nan,nan,nan,nan,nan,nan,nan,nan,nan,nan,nan,nan,nan,nan,nan,nan,nan,nan,nan,nan,nan,nan,nan,nan,nan,nan,nan,nan,1.289062500000000000e+01,nan,1.289062500000000000e+01,nan,1.386718800000000051e+01,1.386718800000000051e+01,nan,1.289062500000000000e+01,nan,1.386718800000000051e+01,1.386718800000000051e+01,nan,nan,nan,nan,nan,nan,nan,nan,nan,1.289062500000000000e+01,3.046875000000000000e+01,3.500000000000000000e+01,nan,nan,nan,3.467578100000000063e+01,3.600000000000000000e+01,3.437500000000000000e+01,nan,nan,nan,nan,nan,nan,nan,3.814062500000000000e+01,nan,nan,nan,nan,nan,2.900000000000000000e+01,2.600000000000000000e+01,3.400000000000000000e+01,nan,nan,2.300000000000000000e+01,nan,nan,nan,nan,nan,nan,2.000000000000000000e+01,nan,nan,nan,nan,nan,nan,nan,2.700000000000000000e+01,2.600000000000000000e+01,2.656250000000000000e+01,2.600000000000000000e+01,1.700000000000000000e+01,2.070312500000000000e+01,2.500000000000000000e+01,2.600000000000000000e+01,2.200000000000000000e+01,2.600000000000000000e+01,2.265625000000000000e+01,2.656250000000000000e+01,2.700000000000000000e+01,3.100000000000000000e+01,3.437500000000000000e+01,3.100000000000000000e+01,nan,nan,nan,nan,nan,1.875000000000000000e+01,2.656250000000000000e+01,nan
nan,nan,nan,nan,nan,nan,nan,nan,nan,nan,nan,nan,nan,nan,nan,nan,nan,nan,nan,nan,nan,nan,nan,nan,nan,nan,nan,nan,nan,nan,nan,nan,nan,nan,nan,nan,nan,nan,nan,nan,nan,nan,nan,nan,nan,nan,nan,nan,nan,nan,nan,nan,nan,nan,nan,nan,nan,nan,nan,nan,nan,nan,nan,nan,3.200000000000000000e+01,3.400000000000000000e+01,3.400000000000000000e+01,nan,nan,nan,3.300000000000000000e+01,3.600000000000000000e+01,nan,1.093750000000000000e+01,nan,nan,nan,nan,nan,3.700000000000000000e+01,nan,nan,nan,4.150000000000000000e+01,nan,nan,3.100000000000000000e+01,3.300000000000000000e+01,nan,nan,nan,nan,nan,nan,nan,nan,nan,nan,nan,nan,nan,nan,nan,nan,nan,nan,nan,3.046875000000000000e+01,3.000000000000000000e+01,2.000000000000000000e+01,1.950000000000000000e+01,2.656250000000000000e+01,2.070312500000000000e+01,2.700000000000000000e+01,2.656250000000000000e+01,2.800000000000000000e+01,2.851562500000000000e+01,2.700000000000000000e+01,3.100000000000000000e+01,3.400000000000000000e+01,2.949218799999999874e+01,nan,nan,nan,nan,nan,2.000000000000000000e+01,3.200000000000000000e+01,nan
nan,nan,nan,nan,nan,nan,nan,nan,nan,nan,nan,nan,nan,nan,nan,nan,nan,nan,nan,nan,nan,nan,nan,nan,nan,nan,nan,nan,nan,nan,nan,nan,nan,nan,nan,nan,nan,nan,nan,nan,nan,nan,nan,1.289062500000000000e+01,nan,nan,nan,1.533203100000000063e+01,nan,nan,1.484375000000000000e+01,nan,1.386718800000000051e+01,1.386718800000000051e+01,nan,nan,nan,nan,nan,nan,nan,nan,nan,1.386718800000000051e+01,3.400000000000000000e+01,3.242187500000000000e+01,nan,nan,nan,3.486328100000000063e+01,3.600000000000000000e+01,3.242187500000000000e+01,1.386718800000000051e+01,2.678125000000000000e+01,nan,nan,nan,nan,nan,2.800000000000000000e+01,nan,nan,nan,2.874609399999999937e+01,nan,3.650000000000000000e+01,2.678125000000000000e+01,2.400000000000000000e+01,nan,3.200000000000000000e+01,2.000000000000000000e+01,nan,nan,nan,3.100000000000000000e+01,nan,1.900000000000000000e+01,2.450000000000000000e+01,nan,nan,1.386718800000000051e+01,nan,nan,1.393359399999999937e+01,nan,2.300000000000000000e+01,2.232812500000000000e+01,2.070312500000000000e+01,2.525000000000000000e+01,2.167968799999999874e+01,2.500000000000000000e+01,1.862500000000000000e+01,2.265625000000000000e+01,2.167968799999999874e+01,2.000000000000000000e+01,2.265625000000000000e+01,2.265625000000000000e+01,2.265625000000000000e+01,1.800000000000000000e+01,2.753906200000000126e+01,2.600000000000000000e+01,nan,nan,nan,nan,nan,2.265625000000000000e+01,3.100000000000000000e+01,nan
nan,nan,nan,nan,nan,nan,nan,nan,nan,nan,nan,nan,nan,nan,nan,nan,nan,nan,nan,nan,nan,nan,nan,nan,nan,nan,nan,nan,nan,nan,nan,nan,nan,nan,nan,nan,nan,nan,nan,nan,nan,nan,nan,nan,nan,nan,nan,nan,2.851562500000000000e+01,1.400000000000000000e+01,nan,nan,nan,nan,nan,nan,nan,nan,nan,nan,nan,nan,nan,1.582031199999999949e+01,nan,3.168945300000000032e+01,nan,nan,nan,nan,3.650000000000000000e+01,2.875781200000000126e+01,2.600000000000000000e+01,2.182812500000000000e+01,nan,nan,nan,nan,nan,2.974609399999999937e+01,nan,nan,nan,nan,nan,2.851562500000000000e+01,2.900000000000000000e+01,2.200000000000000000e+01,nan,2.200000000000000000e+01,2.600000000000000000e+01,2.200000000000000000e+01,3.172265600000000063e+01,2.400000000000000000e+01,2.200000000000000000e+01,2.726953100000000063e+01,2.100000000000000000e+01,2.100000000000000000e+01,nan,nan,1.800000000000000000e+01,nan,1.900000000000000000e+01,1.900000000000000000e+01,1.484375000000000000e+01,1.875000000000000000e+01,1.800000000000000000e+01,1.900000000000000000e+01,2.400000000000000000e+01,2.500000000000000000e+01,3.000000000000000000e+01,2.100000000000000000e+01,1.700000000000000000e+01,1.800000000000000000e+01,1.900000000000000000e+01,1.800000000000000000e+01,1.900000000000000000e+01,2.257812500000000000e+01,1.533203100000000063e+01,2.400000000000000000e+01,2.300000000000000000e+01,nan,nan,nan,nan,nan,2.450000000000000000e+01,3.000000000000000000e+01,nan
nan,nan,nan,nan,nan,nan,nan,nan,nan,nan,nan,nan,nan,nan,nan,nan,nan,nan,nan,nan,nan,nan,nan,nan,nan,nan,nan,nan,nan,nan,nan,nan,nan,nan,nan,nan,nan,nan,nan,nan,nan,nan,nan,nan,nan,nan,nan,nan,nan,1.386718800000000051e+01,2.200000000000000000e+01,nan,nan,nan,nan,nan,nan,nan,nan,nan,nan,nan,nan,1.289062500000000000e+01,3.400000000000000000e+01,2.750000000000000000e+01,3.566406200000000126e+01,nan,nan,nan,3.300000000000000000e+01,3.242187500000000000e+01,2.100000000000000000e+01,nan,nan,nan,nan,nan,3.450000000000000000e+01,2.600000000000000000e+01,nan,nan,nan,nan,nan,2.000000000000000000e+01,2.500000000000000000e+01,1.650000000000000000e+01,nan,2.265625000000000000e+01,1.936328100000000063e+01,1.435546899999999937e+01,nan,1.492187500000000000e+01,2.331640600000000063e+01,2.000000000000000000e+01,1.875000000000000000e+01,1.788671899999999937e+01,nan,nan,1.700000000000000000e+01,nan,1.679687500000000000e+01,1.639843799999999874e+01,1.386718800000000051e+01,1.800000000000000000e+01,1.679687500000000000e+01,1.875000000000000000e+01,1.875000000000000000e+01,2.200000000000000000e+01,1.837500000000000000e+01,1.900000000000000000e+01,1.800000000000000000e+01,1.600000000000000000e+01,1.875000000000000000e+01,1.700000000000000000e+01,1.800000000000000000e+01,2.000000000000000000e+01,1.700000000000000000e+01,2.070312500000000000e+01,1.837500000000000000e+01,nan,nan,nan,nan,nan,1.582031199999999949e+01,2.400000000000000000e+01,nan
nan,nan,nan,nan,nan,nan,nan,nan,1.386718800000000051e+01,nan,nan,nan,nan,nan,nan,nan,nan,nan,nan,nan,nan,nan,nan,nan,nan,nan,nan,nan,nan,nan,nan,nan,nan,nan,nan,nan,nan,nan,nan,nan,nan,nan,9.960938000000000514e+00,1.289062500000000000e+01,1.289062500000000000e+01,1.289062500000000000e+01,nan,1.386718800000000051e+01,1.386718800000000051e+01,1.386718800000000051e+01,1.875000000000000000e+01,nan,1.386718800000000051e+01,1.386718800000000051e+01,nan,nan,1.386718800000000051e+01,nan,nan,nan,nan,nan,1.386718800000000051e+01,1.386718800000000051e+01,3.000000000000000000e+01,3.200000000000000000e+01,2.656250000000000000e+01,nan,3.730468799999999874e+01,3.500000000000000000e+01,2.600000000000000000e+01,2.100000000000000000e+01,1.887500000000000000e+01,2.400000000000000000e+01,3.300000000000000000e+01,3.200000000000000000e+01,nan,nan,3.400000000000000000e+01,2.200000000000000000e+01,nan,nan,nan,3.500000000000000000e+01,3.100000000000000000e+01,3.100000000000000000e+01,3.300000000000000000e+01,1.837500000000000000e+01,nan,2.050000000000000000e+01,1.679687500000000000e+01,nan,nan,1.484375000000000000e+01,3.100000000000000000e+01,1.386718800000000051e+01,1.386718800000000051e+01,1.738671899999999937e+01,nan,nan,1.289062500000000000e+01,nan,9.960938000000000514e+00,1.289062500000000000e+01,1.800000000000000000e+01,1.386718800000000051e+01,1.500000000000000000e+01,2.100000000000000000e+01,2.850000000000000000e+01,2.200000000000000000e+01,2.300000000000000000e+01,1.875000000000000000e+01,1.900000000000000000e+01,1.900000000000000000e+01,1.800000000000000000e+01,2.200000000000000000e+01,2.000000000000000000e+01,2.000000000000000000e+01,2.100000000000000000e+01,2.100000000000000000e+01,2.300000000000000000e+01,nan,nan,nan,nan,nan,2.070312500000000000e+01,3.100000000000000000e+01,nan
nan,nan,nan,nan,nan,nan,nan,nan,nan,nan,nan,nan,nan,nan,nan,nan,nan,nan,nan,nan,nan,nan,nan,nan,nan,nan,nan,nan,nan,nan,nan,nan,nan,nan,nan,nan,nan,nan,nan,nan,nan,nan,nan,nan,nan,nan,nan,nan,nan,nan,nan,nan,3.900000000000000000e+01,nan,nan,nan,nan,nan,nan,nan,nan,nan,nan,nan,nan,nan,nan,nan,nan,nan,2.900000000000000000e+01,2.700000000000000000e+01,2.500000000000000000e+01,nan,nan,nan,nan,nan,nan,2.800000000000000000e+01,2.050000000000000000e+01,nan,nan,nan,nan,3.100000000000000000e+01,3.000000000000000000e+01,2.070312500000000000e+01,nan,1.900000000000000000e+01,1.875000000000000000e+01,nan,nan,nan,2.000000000000000000e+01,1.900000000000000000e+01,1.800000000000000000e+01,1.850000000000000000e+01,nan,nan,nan,nan,nan,1.900000000000000000e+01,nan,1.900000000000000000e+01,1.800000000000000000e+01,1.850000000000000000e+01,2.000000000000000000e+01,2.500000000000000000e+01,2.083984399999999937e+01,2.100000000000000000e+01,1.875000000000000000e+01,1.700000000000000000e+01,2.100000000000000000e+01,1.500000000000000000e+01,2.000000000000000000e+01,2.400000000000000000e+01,2.200000000000000000e+01,2.200000000000000000e+01,2.500000000000000000e+01,nan,nan,nan,nan,nan,nan,2.100000000000000000e+01,nan
nan,nan,nan,nan,nan,nan,nan,nan,nan,nan,nan,nan,nan,nan,nan,nan,nan,nan,nan,nan,nan,nan,nan,nan,nan,nan,nan,nan,nan,nan,nan,nan,nan,nan,nan,nan,nan,nan,nan,nan,nan,nan,nan,nan,nan,nan,nan,nan,nan,2.150000000000000000e+01,1.166992199999999968e+01,nan,2.851562500000000000e+01,nan,2.600000000000000000e+01,nan,nan,nan,nan,nan,nan,nan,nan,2.300000000000000000e+01,3.350000000000000000e+01,2.700000000000000000e+01,1.728515600000000063e+01,nan,nan,nan,2.700000000000000000e+01,2.265625000000000000e+01,2.070312500000000000e+01,2.400000000000000000e+01,2.750000000000000000e+01,nan,2.500000000000000000e+01,nan,2.600000000000000000e+01,1.900000000000000000e+01,2.200000000000000000e+01,2.450000000000000000e+01,2.200000000000000000e+01,nan,2.300000000000000000e+01,2.400000000000000000e+01,2.070312500000000000e+01,1.700000000000000000e+01,1.900000000000000000e+01,1.900000000000000000e+01,1.800000000000000000e+01,1.875000000000000000e+01,nan,2.265625000000000000e+01,1.900000000000000000e+01,2.000000000000000000e+01,2.000000000000000000e+01,1.700000000000000000e+01,2.700000000000000000e+01,nan,nan,nan,nan,nan,nan,1.800000000000000000e+01,2.000000000000000000e+01,1.900000000000000000e+01,1.900000000000000000e+01,2.678125000000000000e+01,2.600000000000000000e+01,1.900000000000000000e+01,1.900000000000000000e+01,1.700000000000000000e+01,1.875000000000000000e+01,1.700000000000000000e+01,1.700000000000000000e+01,2.070312500000000000e+01,1.900000000000000000e+01,1.900000000000000000e+01,2.265625000000000000e+01,nan,nan,1.875000000000000000e+01,nan,nan,2.200000000000000000e+01,2.000000000000000000e+01,nan
nan,nan,nan,nan,nan,nan,nan,nan,nan,nan,nan,nan,nan,nan,nan,nan,nan,nan,nan,nan,nan,nan,nan,nan,nan,nan,nan,nan,nan,nan,nan,nan,nan,nan,nan,nan,nan,nan,nan,nan,nan,nan,nan,nan,nan,nan,nan,1.484375000000000000e+01,nan,nan,3.046875000000000000e+01,nan,nan,nan,nan,nan,nan,nan,nan,nan,nan,nan,nan,1.600000000000000000e+01,2.900000000000000000e+01,2.700000000000000000e+01,2.380468799999999874e+01,nan,3.242187500000000000e+01,3.200000000000000000e+01,2.600000000000000000e+01,2.100000000000000000e+01,1.639843799999999874e+01,2.363281200000000126e+01,2.300000000000000000e+01,nan,nan,nan,nan,2.100000000000000000e+01,nan,nan,nan,2.825781200000000126e+01,1.800000000000000000e+01,2.000000000000000000e+01,1.936328100000000063e+01,2.000000000000000000e+01,nan,2.100000000000000000e+01,1.900000000000000000e+01,nan,nan,nan,2.700000000000000000e+01,nan,nan,1.386718800000000051e+01,nan,nan,nan,nan,nan,nan,nan,1.875000000000000000e+01,2.300000000000000000e+01,2.265625000000000000e+01,2.375000000000000000e+01,2.500000000000000000e+01,2.600000000000000000e+01,2.070312500000000000e+01,2.200000000000000000e+01,2.363281200000000126e+01,2.070312500000000000e+01,2.800000000000000000e+01,2.338867199999999968e+01,2.100000000000000000e+01,2.500000000000000000e+01,2.167968799999999874e+01,2.167968799999999874e+01,nan,nan,7.031250000000000000e+00,nan,nan,2.300000000000000000e+01,2.900000000000000000e+01,nan
nan,nan,nan,nan,nan,nan,nan,nan,nan,nan,nan,nan,nan,nan,nan,nan,nan,nan,nan,nan,nan,nan,nan,nan,nan,nan,nan,nan,nan,nan,nan,nan,nan,nan,nan,nan,nan,nan,nan,nan,nan,nan,nan,nan,nan,nan,nan,nan,nan,nan,nan,nan,2.700000000000000000e+01,nan,1.600000000000000000e+01,nan,nan,nan,nan,nan,nan,nan,nan,nan,nan,nan,nan,nan,nan,nan,2.750000000000000000e+01,2.200000000000000000e+01,1.679687500000000000e+01,nan,nan,nan,nan,nan,2.400000000000000000e+01,1.750000000000000000e+01,2.558593799999999874e+01,nan,nan,nan,nan,2.050000000000000000e+01,nan,1.400000000000000000e+01,1.700000000000000000e+01,1.777343799999999874e+01,1.500000000000000000e+01,nan,nan,nan,1.788671899999999937e+01,nan,nan,nan,2.628125000000000000e+01,nan,nan,nan,nan,nan,nan,nan,nan,1.800000000000000000e+01,1.800000000000000000e+01,nan,nan,1.875000000000000000e+01,1.777343799999999874e+01,1.679687500000000000e+01,1.800000000000000000e+01,1.541015600000000063e+01,1.500000000000000000e+01,1.900000000000000000e+01,1.200000000000000000e+01,1.500000000000000000e+01,2.100000000000000000e+01,nan,nan,nan,nan,nan,nan,1.777343799999999874e+01,nan
nan,nan,nan,nan,nan,nan,2.851562500000000000e+01,3.730468799999999874e+01,nan,nan,nan,nan,nan,nan,nan,3.339843799999999874e+01,nan,nan,nan,nan,nan,nan,nan,2.863769500000000079e+01,nan,nan,2.436523400000000095e+01,nan,nan,nan,nan,nan,nan,nan,nan,nan,nan,nan,nan,nan,nan,nan,nan,nan,nan,nan,nan,nan,nan,nan,nan,nan,nan,nan,nan,3.400000000000000000e+01,3.730468799999999874e+01,nan,nan,nan,nan,nan,nan,nan,3.200000000000000000e+01,3.200000000000000000e+01,2.999023400000000095e+01,nan,nan,nan,2.600000000000000000e+01,1.900000000000000000e+01,2.265625000000000000e+01,3.100000000000000000e+01,nan,2.825781200000000126e+01,2.700000000000000000e+01,2.700000000000000000e+01,2.085156200000000126e+01,1.900000000000000000e+01,1.875000000000000000e+01,1.900000000000000000e+01,2.100000000000000000e+01,nan,3.300000000000000000e+01,2.300000000000000000e+01,1.386718800000000051e+01,1.875000000000000000e+01,1.700000000000000000e+01,1.800000000000000000e+01,1.900000000000000000e+01,1.386718800000000051e+01,nan,nan,1.582031199999999949e+01,nan,nan,1.289062500000000000e+01,2.167968799999999874e+01,nan,nan,nan,nan,nan,nan,1.386718800000000051e+01,2.070312500000000000e+01,2.300000000000000000e+01,2.700000000000000000e+01,3.046875000000000000e+01,3.000000000000000000e+01,2.400000000000000000e+01,2.300000000000000000e+01,2.070312500000000000e+01,2.070312500000000000e+01,1.800000000000000000e+01,2.000000000000000000e+01,2.363281200000000126e+01,1.887500000000000000e+01,1.800878900000000016e+01,2.265625000000000000e+01,nan,nan,1.386718800000000051e+01,nan,nan,2.800000000000000000e+01,3.437500000000000000e+01,nan
nan,nan,nan,nan,nan,nan,3.144531200000000126e+01,3.144531200000000126e+01,nan,nan,nan,nan,nan,nan,nan,nan,nan,nan,nan,nan,nan,nan,nan,nan,nan,nan,nan,nan,nan,nan,nan,nan,nan,nan,nan,nan,nan,nan,nan,nan,nan,nan,nan,nan,nan,nan,nan,nan,nan,nan,1.289062500000000000e+01,nan,nan,nan,nan,nan,3.437500000000000000e+01,nan,nan,nan,nan,nan,nan,1.484375000000000000e+01,2.500000000000000000e+01,2.900000000000000000e+01,2.460937500000000000e+01,nan,3.600000000000000000e+01,3.437500000000000000e+01,2.100000000000000000e+01,2.000000000000000000e+01,2.460937500000000000e+01,2.700000000000000000e+01,3.242187500000000000e+01,2.700000000000000000e+01,2.900000000000000000e+01,nan,2.300000000000000000e+01,2.460937500000000000e+01,2.400000000000000000e+01,nan,nan,3.437500000000000000e+01,3.300000000000000000e+01,2.900195300000000032e+01,nan,2.600000000000000000e+01,nan,1.484375000000000000e+01,2.200000000000000000e+01,1.386718800000000051e+01,nan,nan,1.386718800000000051e+01,nan,nan,1.386718800000000051e+01,nan,nan,nan,nan,nan,nan,nan,1.337890600000000063e+01,nan,2.656250000000000000e+01,2.800000000000000000e+01,3.144531200000000126e+01,2.900000000000000000e+01,2.558593799999999874e+01,2.265625000000000000e+01,2.070312500000000000e+01,2.265625000000000000e+01,2.265625000000000000e+01,2.500000000000000000e+01,2.460937500000000000e+01,2.600000000000000000e+01,2.656250000000000000e+01,2.200000000000000000e+01,nan,nan,2.070312500000000000e+01,nan,nan,2.851562500000000000e+01,3.200000000000000000e+01,nan
nan,nan,nan,nan,nan,nan,nan,nan,nan,nan,nan,nan,nan,nan,nan,nan,nan,nan,nan,nan,nan,nan,nan,nan,nan,nan,nan,nan,nan,nan,nan,nan,nan,nan,nan,nan,nan,nan,nan,nan,nan,nan,nan,nan,nan,nan,nan,nan,nan,nan,nan,nan,nan,nan,nan,nan,nan,nan,nan,nan,nan,nan,nan,nan,nan,nan,nan,nan,nan,nan,nan,nan,nan,nan,nan,nan,nan,nan,nan,nan,nan,nan,nan,nan,nan,nan,nan,nan,nan,nan,nan,nan,nan,nan,nan,nan,nan,nan,nan,nan,nan,nan,nan,nan,nan,nan,nan,nan,nan,nan,nan,nan,nan,nan,nan,nan,nan,nan,nan,nan,nan,nan,nan,nan,nan,nan,nan,nan,nan
nan,nan,nan,nan,nan,nan,nan,nan,nan,nan,nan,nan,nan,nan,nan,nan,nan,nan,nan,nan,nan,nan,nan,nan,nan,nan,nan,nan,nan,nan,nan,nan,nan,nan,nan,nan,nan,nan,nan,nan,nan,nan,nan,nan,nan,nan,nan,nan,nan,nan,nan,nan,nan,nan,nan,nan,nan,nan,nan,nan,nan,nan,nan,nan,nan,nan,nan,nan,nan,nan,nan,nan,nan,nan,nan,nan,nan,nan,nan,nan,nan,nan,nan,nan,nan,nan,nan,nan,nan,nan,nan,nan,nan,nan,nan,nan,nan,nan,nan,nan,nan,nan,nan,nan,nan,nan,nan,nan,nan,nan,nan,nan,nan,nan,nan,nan,nan,nan,nan,nan,nan,nan,nan,nan,nan,nan,nan,nan,nan
nan,nan,nan,nan,nan,nan,nan,nan,nan,nan,nan,nan,nan,nan,nan,nan,nan,nan,nan,nan,nan,nan,nan,nan,nan,nan,nan,nan,nan,nan,nan,nan,nan,nan,nan,nan,nan,nan,nan,nan,nan,nan,nan,nan,nan,nan,nan,nan,nan,nan,nan,nan,nan,nan,nan,nan,nan,nan,nan,nan,nan,nan,nan,nan,nan,nan,nan,nan,nan,nan,nan,nan,nan,nan,nan,nan,nan,nan,nan,nan,nan,nan,nan,nan,nan,nan,nan,nan,nan,nan,nan,nan,nan,nan,nan,nan,nan,nan,nan,nan,nan,nan,nan,nan,nan,nan,nan,nan,nan,nan,nan,nan,nan,nan,nan,nan,nan,1.739843799999999874e+01,nan,1.386718800000000051e+01,1.875000000000000000e+01,nan,nan,nan,nan,nan,nan,nan,nan
nan,nan,nan,nan,nan,nan,nan,nan,nan,nan,nan,nan,nan,nan,nan,nan,nan,nan,nan,nan,nan,nan,nan,nan,nan,nan,nan,nan,nan,nan,nan,nan,nan,nan,nan,nan,nan,nan,nan,nan,nan,nan,nan,nan,nan,nan,nan,nan,nan,nan,nan,nan,nan,nan,nan,nan,nan,nan,nan,nan,nan,nan,nan,nan,nan,nan,nan,nan,nan,nan,nan,nan,nan,nan,nan,nan,nan,nan,nan,nan,nan,nan,nan,nan,nan,nan,nan,nan,nan,nan,nan,nan,nan,nan,nan,nan,nan,nan,nan,nan,nan,nan,nan,nan,nan,nan,nan,nan,nan,nan,nan,nan,nan,nan,nan,nan,nan,nan,nan,nan,nan,nan,nan,nan,nan,nan,nan,nan,nan
nan,nan,nan,nan,nan,nan,nan,nan,nan,nan,nan,nan,nan,nan,nan,nan,nan,nan,nan,nan,nan,nan,nan,nan,nan,nan,nan,nan,nan,nan,nan,nan,nan,nan,nan,nan,nan,nan,nan,nan,nan,nan,nan,nan,nan,nan,nan,nan,nan,nan,nan,nan,nan,nan,nan,nan,nan,nan,nan,nan,nan,nan,nan,nan,nan,nan,nan,nan,nan,nan,nan,nan,nan,nan,nan,nan,nan,nan,nan,nan,nan,nan,nan,nan,nan,nan,nan,nan,nan,nan,nan,nan,nan,nan,nan,nan,nan,nan,nan,nan,nan,nan,nan,nan,nan,nan,nan,nan,nan,nan,nan,nan,nan,nan,nan,nan,nan,nan,nan,nan,nan,nan,nan,nan,nan,nan,nan,nan,nan
nan,nan,nan,nan,nan,nan,nan,nan,nan,nan,nan,nan,nan,nan,nan,nan,nan,nan,nan,nan,nan,nan,nan,nan,nan,nan,nan,nan,nan,nan,nan,nan,nan,nan,nan,nan,nan,nan,nan,nan,nan,nan,nan,1.386718800000000051e+01,nan,nan,nan,1.533203100000000063e+01,nan,nan,2.607421899999999937e+01,nan,nan,nan,nan,nan,nan,nan,nan,nan,nan,nan,nan,1.289062500000000000e+01,3.437500000000000000e+01,3.616406200000000126e+01,4.218750000000000000e+01,nan,nan,nan,4.316406200000000126e+01,3.900000000000000000e+01,1.484375000000000000e+01,3.000000000000000000e+01,nan,nan,nan,nan,nan,nan,nan,nan,nan,3.339843799999999874e+01,nan,nan,3.046875000000000000e+01,nan,nan,nan,1.386718800000000051e+01,nan,nan,nan,nan,nan,nan,1.386718800000000051e+01,nan,nan,nan,nan,nan,nan,nan,2.300000000000000000e+01,2.300000000000000000e+01,3.046875000000000000e+01,3.250000000000000000e+01,1.875000000000000000e+01,2.363281200000000126e+01,2.678125000000000000e+01,2.282812500000000000e+01,2.656250000000000000e+01,2.300000000000000000e+01,2.656250000000000000e+01,2.800000000000000000e+01,2.500000000000000000e+01,3.200000000000000000e+01,3.144531200000000126e+01,2.700000000000000000e+01,nan,nan,nan,nan,nan,1.100000000000000000e+01,3.046875000000000000e+01,nan
1.691015600000000063e+01,nan,nan,nan,nan,nan,nan,nan,1.289062500000000000e+01,nan,nan,nan,nan,nan,nan,nan,nan,nan,nan,nan,nan,nan,nan,nan,nan,nan,nan,nan,nan,nan,nan,nan,nan,nan,nan,nan,nan,nan,nan,nan,nan,nan,1.093750000000000000e+01,1.386718800000000051e+01,1.386718800000000051e+01,1.289062500000000000e+01,nan,1.386718800000000051e+01,1.386718800000000051e+01,1.386718800000000051e+01,1.582031199999999949e+01,nan,1.386718800000000051e+01,1.386718800000000051e+01,nan,1.386718800000000051e+01,1.386718800000000051e+01,nan,nan,nan,nan,nan,1.484375000000000000e+01,1.484375000000000000e+01,3.023437500000000000e+01,2.974609399999999937e+01,2.558593799999999874e+01,nan,2.656250000000000000e+01,3.400000000000000000e+01,2.265625000000000000e+01,1.600000000000000000e+01,1.386718800000000051e+01,1.875000000000000000e+01,1.484375000000000000e+01,nan,nan,nan,nan,2.265625000000000000e+01,nan,nan,nan,2.628125000000000000e+01,2.500000000000000000e+01,2.900000000000000000e+01,2.400000000000000000e+01,2.400000000000000000e+01,nan,1.600000000000000000e+01,1.689843799999999874e+01,1.386718800000000051e+01,nan,1.386718800000000051e+01,1.582031199999999949e+01,1.500000000000000000e+01,1.492187500000000000e+01,1.393359399999999937e+01,nan,1.600000000000000000e+01,1.700000000000000000e+01,nan,1.582031199999999949e+01,1.386718800000000051e+01,1.679687500000000000e+01,1.700000000000000000e+01,2.100000000000000000e+01,1.800000000000000000e+01,1.700000000000000000e+01,2.400000000000000000e+01,2.656250000000000000e+01,2.167968799999999874e+01,2.100000000000000000e+01,1.600000000000000000e+01,2.000000000000000000e+01,1.400000000000000000e+01,1.875000000000000000e+01,2.100000000000000000e+01,2.500000000000000000e+01,2.265625000000000000e+01,2.265625000000000000e+01,nan,nan,1.875000000000000000e+01,nan,nan,1.875000000000000000e+01,1.600000000000000000e+01,nan
nan,nan,nan,nan,nan,nan,nan,nan,nan,nan,nan,nan,nan,nan,nan,nan,nan,nan,nan,nan,nan,nan,nan,nan,nan,nan,nan,nan,nan,nan,nan,nan,nan,nan,nan,nan,nan,nan,nan,nan,nan,nan,nan,nan,nan,nan,nan,nan,nan,nan,nan,nan,nan,nan,nan,nan,nan,nan,nan,nan,nan,nan,nan,nan,nan,nan,nan,nan,nan,nan,nan,nan,nan,nan,nan,nan,nan,nan,nan,nan,nan,nan,nan,nan,nan,nan,nan,nan,nan,nan,nan,nan,nan,nan,nan,nan,nan,nan,nan,nan,nan,nan,nan,nan,nan,nan,nan,nan,nan,nan,nan,nan,nan,nan,nan,nan,nan,nan,nan,nan,nan,nan,nan,nan,nan,nan,nan,nan,nan
