3.125000000000000000e+00,8.007811999999999486e+00,5.078125000000000000e+00,nan,1.500000000000000000e+01,1.191406199999999949e+01,8.984375000000000000e+00,1.400000000000000000e+01,1.700000000000000000e+01,1.500000000000000000e+01,1.900000000000000000e+01,2.363281200000000126e+01,2.350000000000000000e+01,nan,2.000000000000000000e+01,1.800000000000000000e+01,nan,nan,nan,1.484375000000000000e+01,2.460937500000000000e+01,2.300000000000000000e+01,nan,2.100000000000000000e+01,nan,nan,1.972656200000000126e+01,nan,nan,nan,nan,nan,nan,nan,nan,nan,nan,nan,nan,nan,nan,nan,nan,1.344531199999999949e+01,nan,1.500000000000000000e+01,1.093750000000000000e+01,1.800000000000000000e+01,1.900000000000000000e+01,2.100000000000000000e+01,1.900000000000000000e+01,nan,1.986328100000000063e+01,1.600000000000000000e+01,nan,1.800000000000000000e+01,1.166992199999999968e+01,nan,nan,nan,nan,nan,1.400000000000000000e+01,2.100000000000000000e+01,2.216796899999999937e+01,1.875000000000000000e+01,nan,nan,nan,2.070312500000000000e+01,nan,nan,nan,nan,nan,nan,nan,nan,nan,nan,nan,nan,nan,2.406054699999999968e+01,nan,nan,nan,nan,nan,nan,nan,nan,nan,nan,nan,nan,nan,nan,nan,nan,nan,nan,nan,nan,nan,nan,nan,nan,nan,nan,nan,nan,nan,nan,nan,nan,nan,nan,nan,nan,2.045898400000000095e+01,nan,nan,nan,nan,nan,nan,nan,nan
7.031250000000000000e+00,5.078125000000000000e+00,6.054687999999999626e+00,nan,9.980468999999999369e+00,1.093750000000000000e+01,1.289062500000000000e+01,1.800000000000000000e+01,1.600000000000000000e+01,1.300000000000000000e+01,1.500000000000000000e+01,2.700000000000000000e+01,nan,nan,1.600000000000000000e+01,2.100000000000000000e+01,nan,nan,nan,1.100000000000000000e+01,2.000000000000000000e+01,nan,nan,nan,nan,nan,nan,nan,nan,nan,nan,nan,nan,nan,nan,nan,nan,nan,nan,nan,nan,nan,nan,1.600000000000000000e+01,nan,nan,1.875000000000000000e+01,2.035156200000000126e+01,2.150000000000000000e+01,2.265625000000000000e+01,2.000000000000000000e+01,nan,2.070312500000000000e+01,1.500000000000000000e+01,nan,1.961914099999999905e+01,1.700000000000000000e+01,nan,nan,nan,nan,nan,1.875000000000000000e+01,nan,nan,1.700000000000000000e+01,nan,nan,1.500000000000000000e+01,nan,nan,nan,nan,nan,nan,nan,nan,nan,nan,nan,nan,nan,nan,nan,nan,nan,nan,nan,nan,nan,nan,nan,nan,nan,nan,nan,nan,nan,nan,nan,nan,nan,nan,nan,nan,nan,nan,nan,nan,nan,nan,nan,nan,nan,nan,nan,nan,nan,nan,nan,nan,nan,nan,nan,nan,nan,nan,nan,nan
5.000000000000000000e+00,6.000000000000000000e+00,1.171875000000000000e+00,nan,1.875000000000000000e+01,1.582031199999999949e+01,7.000000000000000000e+00,1.300000000000000000e+01,1.200000000000000000e+01,1.289062500000000000e+01,1.600000000000000000e+01,1.887500000000000000e+01,nan,nan,1.800000000000000000e+01,1.244531199999999949e+01,nan,nan,nan,1.300000000000000000e+01,nan,nan,nan,nan,nan,nan,nan,nan,nan,nan,nan,nan,nan,nan,nan,nan,nan,nan,nan,nan,nan,nan,nan,nan,nan,nan,nan,nan,nan,1.800000000000000000e+01,1.000000000000000000e+01,nan,1.194531199999999949e+01,1.100000000000000000e+01,nan,1.600000000000000000e+01,1.100000000000000000e+01,nan,nan,nan,nan,nan,1.191406199999999949e+01,nan,nan,nan,nan,nan,nan,nan,nan,nan,nan,nan,nan,nan,nan,nan,nan,nan,nan,nan,nan,nan,nan,nan,nan,nan,nan,nan,nan,nan,nan,nan,nan,nan,nan,nan,nan,nan,nan,nan,nan,nan,nan,nan,nan,nan,nan,nan,nan,nan,nan,nan,nan,nan,nan,nan,nan,nan,nan,nan,nan,nan,nan,nan,nan,nan,nan
nan,nan,nan,nan,nan,nan,nan,nan,nan,nan,nan,nan,nan,nan,nan,nan,nan,nan,nan,nan,nan,nan,nan,nan,nan,nan,nan,nan,nan,nan,nan,nan,nan,nan,nan,nan,nan,nan,nan,nan,nan,nan,nan,nan,nan,nan,nan,nan,nan,nan,nan,nan,nan,nan,nan,nan,nan,nan,nan,nan,nan,nan,nan,nan,nan,nan,nan,nan,nan,nan,nan,nan,nan,nan,nan,nan,nan,nan,nan,nan,nan,nan,nan,nan,nan,nan,nan,nan,nan,nan,nan,nan,nan,nan,nan,nan,nan,nan,nan,nan,nan,nan,nan,nan,nan,nan,nan,nan,nan,nan,nan,nan,nan,nan,nan,nan,nan,nan,nan,nan,nan,nan,nan,nan,nan,nan,nan,nan,nan
1.400000000000000000e+01,1.191406199999999949e+01,1.500000000000000000e+01,nan,8.000000000000000000e+00,1.000000000000000000e+01,1.582031199999999949e+01,nan,1.679687500000000000e+01,1.400000000000000000e+01,1.400000000000000000e+01,2.200000000000000000e+01,nan,nan,nan,nan,nan,nan,nan,1.200000000000000000e+01,1.800000000000000000e+01,nan,nan,nan,nan,nan,nan,nan,nan,nan,nan,nan,nan,nan,nan,nan,nan,nan,nan,nan,nan,nan,nan,nan,nan,nan,nan,6.054687999999999626e+00,nan,nan,2.300000000000000000e+01,nan,nan,8.007811999999999486e+00,nan,nan,1.800000000000000000e+01,nan,nan,nan,nan,nan,nan,nan,nan,nan,nan,nan,1.492187500000000000e+01,nan,nan,nan,nan,nan,2.282812500000000000e+01,nan,nan,nan,nan,nan,nan,nan,nan,1.679687500000000000e+01,nan,nan,nan,nan,nan,nan,nan,nan,nan,nan,nan,nan,nan,nan,nan,nan,nan,nan,nan,nan,nan,nan,nan,nan,nan,nan,nan,nan,nan,nan,nan,nan,nan,nan,nan,nan,nan,nan,nan,nan,nan,nan,nan,nan,nan
1.100000000000000000e+01,1.240234399999999937e+01,1.777343799999999874e+01,nan,1.093750000000000000e+01,6.000000000000000000e+00,1.800000000000000000e+01,nan,1.875000000000000000e+01,1.700000000000000000e+01,2.100000000000000000e+01,2.600000000000000000e+01,nan,nan,nan,nan,nan,nan,nan,1.400000000000000000e+01,2.000000000000000000e+01,nan,nan,nan,nan,nan,nan,nan,nan,nan,nan,nan,nan,nan,nan,nan,nan,nan,nan,nan,nan,nan,nan,2.100000000000000000e+01,nan,2.000000000000000000e+01,2.265625000000000000e+01,2.265625000000000000e+01,2.265625000000000000e+01,2.500000000000000000e+01,2.300000000000000000e+01,nan,2.450000000000000000e+01,1.800000000000000000e+01,nan,nan,2.167968799999999874e+01,nan,nan,nan,nan,nan,1.600000000000000000e+01,1.950000000000000000e+01,nan,1.541015600000000063e+01,nan,nan,nan,1.093750000000000000e+01,nan,nan,nan,nan,nan,nan,nan,nan,nan,nan,nan,nan,nan,1.500000000000000000e+01,nan,nan,nan,nan,nan,nan,nan,nan,nan,nan,nan,nan,nan,nan,nan,nan,nan,nan,nan,nan,nan,nan,nan,nan,nan,nan,nan,nan,nan,nan,nan,nan,nan,nan,nan,nan,nan,nan,nan,nan,nan,nan,nan,nan,nan
8.984375000000000000e+00,1.200000000000000000e+01,7.031250000000000000e+00,nan,1.600000000000000000e+01,1.582031199999999949e+01,4.101562000000000374e+00,8.000000000000000000e+00,9.960938000000000514e+00,1.071875000000000000e+01,1.264648399999999917e+01,1.700000000000000000e+01,1.800000000000000000e+01,1.911914099999999905e+01,1.400000000000000000e+01,1.100000000000000000e+01,1.350000000000000000e+01,nan,nan,1.289062500000000000e+01,1.400000000000000000e+01,2.183984399999999937e+01,nan,1.400000000000000000e+01,nan,2.100000000000000000e+01,1.679687500000000000e+01,nan,nan,nan,1.650000000000000000e+01,nan,nan,nan,nan,nan,nan,nan,nan,nan,nan,nan,nan,1.484375000000000000e+01,nan,1.191406199999999949e+01,1.220117199999999968e+01,1.300000000000000000e+01,2.656250000000000000e+01,2.150000000000000000e+01,1.300000000000000000e+01,1.800000000000000000e+01,1.606445300000000032e+01,1.200000000000000000e+01,nan,1.300000000000000000e+01,8.000000000000000000e+00,nan,nan,nan,nan,nan,1.337890600000000063e+01,1.425000000000000000e+01,nan,nan,nan,nan,nan,nan,1.714257800000000032e+01,2.200000000000000000e+01,2.656250000000000000e+01,nan,nan,nan,nan,nan,nan,nan,nan,nan,nan,nan,nan,nan,nan,nan,nan,nan,nan,nan,nan,nan,nan,nan,nan,nan,nan,nan,nan,nan,nan,nan,nan,nan,nan,nan,nan,nan,nan,nan,nan,nan,nan,nan,nan,nan,nan,nan,2.070312500000000000e+01,nan,nan,nan,nan,nan,nan,nan,nan
1.100000000000000000e+01,1.800000000000000000e+01,1.300000000000000000e+01,nan,2.000000000000000000e+01,2.250000000000000000e+01,7.031250000000000000e+00,4.101562000000000374e+00,1.100000000000000000e+01,1.800000000000000000e+01,1.516601600000000083e+01,1.900000000000000000e+01,1.600000000000000000e+01,2.100000000000000000e+01,1.000000000000000000e+01,7.031250000000000000e+00,1.289062500000000000e+01,1.875000000000000000e+01,nan,1.875000000000000000e+01,1.600000000000000000e+01,2.100000000000000000e+01,nan,1.000000000000000000e+01,1.700000000000000000e+01,2.000000000000000000e+01,1.875000000000000000e+01,nan,nan,nan,2.200000000000000000e+01,nan,nan,nan,nan,nan,nan,nan,nan,nan,nan,nan,nan,1.300000000000000000e+01,nan,1.150000000000000000e+01,1.000000000000000000e+01,1.300000000000000000e+01,2.000000000000000000e+01,1.900000000000000000e+01,1.300000000000000000e+01,1.887500000000000000e+01,1.484375000000000000e+01,1.000000000000000000e+01,1.600000000000000000e+01,1.100000000000000000e+01,7.031250000000000000e+00,nan,nan,nan,nan,nan,1.100000000000000000e+01,1.350000000000000000e+01,nan,nan,nan,nan,nan,nan,2.500000000000000000e+01,2.100000000000000000e+01,nan,nan,nan,nan,nan,nan,nan,2.400000000000000000e+01,nan,nan,nan,nan,nan,nan,nan,nan,nan,nan,nan,nan,nan,nan,nan,nan,nan,nan,nan,nan,nan,nan,nan,nan,nan,nan,nan,nan,nan,nan,nan,nan,nan,nan,nan,nan,nan,nan,nan,nan,1.875000000000000000e+01,nan,nan,nan,nan,nan,nan,nan,nan
1.582031199999999949e+01,1.600000000000000000e+01,1.484375000000000000e+01,nan,1.900000000000000000e+01,2.070312500000000000e+01,1.093750000000000000e+01,1.200000000000000000e+01,7.000000000000000000e+00,1.150000000000000000e+01,9.000000000000000000e+00,1.044921899999999937e+01,1.484375000000000000e+01,1.500000000000000000e+01,1.093750000000000000e+01,1.200000000000000000e+01,1.300000000000000000e+01,1.484375000000000000e+01,1.289062500000000000e+01,1.100000000000000000e+01,1.100000000000000000e+01,1.484375000000000000e+01,nan,1.200000000000000000e+01,6.054687999999999626e+00,1.591015600000000063e+01,5.905273000000000216e+00,nan,nan,nan,1.875000000000000000e+01,nan,nan,nan,1.875000000000000000e+01,nan,nan,nan,nan,nan,nan,nan,nan,7.031250000000000000e+00,nan,nan,nan,7.031250000000000000e+00,6.542969000000000257e+00,1.484375000000000000e+01,1.200000000000000000e+01,nan,7.031250000000000000e+00,6.000000000000000000e+00,nan,1.386718800000000051e+01,1.300000000000000000e+01,nan,nan,nan,nan,nan,nan,7.759765999999999941e+00,nan,nan,nan,nan,nan,nan,nan,nan,2.460937500000000000e+01,nan,nan,nan,nan,nan,nan,nan,nan,nan,nan,nan,nan,nan,nan,nan,nan,nan,nan,nan,nan,nan,nan,nan,nan,nan,nan,nan,nan,nan,nan,nan,nan,nan,nan,nan,nan,nan,nan,nan,nan,nan,nan,nan,nan,nan,nan,nan,nan,nan,nan,nan,nan,nan,nan,nan,nan
1.500000000000000000e+01,1.300000000000000000e+01,1.200000000000000000e+01,nan,1.200000000000000000e+01,1.343359399999999937e+01,1.195703100000000063e+01,1.700000000000000000e+01,1.050000000000000000e+01,8.007811999999999486e+00,1.093750000000000000e+01,1.700000000000000000e+01,1.750000000000000000e+01,nan,1.500000000000000000e+01,1.200000000000000000e+01,nan,nan,nan,1.264648399999999917e+01,1.600000000000000000e+01,nan,nan,nan,nan,nan,nan,nan,nan,nan,nan,nan,nan,nan,nan,nan,nan,nan,nan,nan,nan,nan,nan,nan,nan,nan,nan,3.125000000000000000e+00,nan,1.850000000000000000e+01,1.500000000000000000e+01,nan,2.000000000000000000e+00,3.562500000000000000e+00,nan,1.500000000000000000e+01,1.442187500000000000e+01,nan,nan,nan,nan,nan,nan,nan,nan,nan,nan,nan,nan,nan,nan,nan,2.200000000000000000e+01,nan,2.050000000000000000e+01,nan,nan,nan,nan,nan,nan,nan,nan,nan,nan,nan,nan,nan,nan,nan,nan,nan,nan,nan,nan,nan,nan,nan,nan,nan,nan,nan,nan,nan,nan,nan,nan,nan,nan,nan,nan,nan,nan,nan,nan,nan,nan,nan,nan,nan,nan,nan,nan,nan,nan,nan,nan,nan,nan
1.900000000000000000e+01,1.700000000000000000e+01,1.923828100000000063e+01,nan,1.400000000000000000e+01,1.900000000000000000e+01,1.500000000000000000e+01,1.679687500000000000e+01,1.096875000000000000e+01,1.200000000000000000e+01,6.542969000000000257e+00,1.142578100000000063e+01,1.300000000000000000e+01,1.887500000000000000e+01,1.777343799999999874e+01,nan,nan,nan,nan,9.000000000000000000e+00,1.093750000000000000e+01,2.070312500000000000e+01,nan,nan,nan,nan,nan,nan,nan,nan,nan,nan,nan,nan,nan,nan,nan,nan,nan,nan,nan,nan,nan,nan,nan,nan,nan,2.363281200000000126e+01,nan,2.650000000000000000e+01,2.500000000000000000e+01,nan,nan,1.950000000000000000e+01,nan,nan,1.700000000000000000e+01,nan,nan,nan,nan,nan,nan,nan,nan,nan,nan,nan,2.100000000000000000e+01,nan,nan,nan,1.700000000000000000e+01,nan,1.400000000000000000e+01,nan,nan,nan,nan,nan,nan,nan,nan,1.400000000000000000e+01,nan,nan,nan,nan,nan,nan,nan,nan,nan,nan,nan,nan,nan,nan,nan,nan,nan,nan,nan,nan,nan,nan,nan,nan,nan,nan,nan,nan,nan,nan,nan,nan,nan,nan,nan,nan,nan,nan,nan,nan,nan,nan,nan,nan,nan
2.550000000000000000e+01,2.825781200000000126e+01,2.436523400000000095e+01,nan,2.480468799999999874e+01,2.400000000000000000e+01,1.948242199999999968e+01,1.800000000000000000e+01,1.191406199999999949e+01,1.700000000000000000e+01,1.093750000000000000e+01,5.078125000000000000e+00,8.496093999999999369e+00,1.100000000000000000e+01,1.100000000000000000e+01,1.900000000000000000e+01,1.533203100000000063e+01,1.400000000000000000e+01,1.800000000000000000e+01,1.400000000000000000e+01,8.003906000000000631e+00,1.600000000000000000e+01,2.183984399999999937e+01,nan,nan,nan,nan,nan,nan,nan,nan,nan,nan,nan,nan,nan,nan,nan,nan,nan,nan,nan,nan,nan,nan,nan,nan,nan,nan,nan,2.400000000000000000e+01,nan,nan,2.109570300000000032e+01,nan,1.800000000000000000e+01,1.800000000000000000e+01,nan,nan,nan,nan,nan,nan,nan,nan,nan,nan,nan,nan,nan,nan,nan,nan,nan,2.300000000000000000e+01,1.386718800000000051e+01,1.100000000000000000e+01,nan,nan,nan,nan,nan,nan,nan,nan,nan,nan,nan,nan,nan,nan,nan,nan,nan,nan,nan,nan,nan,nan,nan,nan,nan,nan,nan,nan,nan,nan,nan,nan,nan,nan,nan,nan,nan,nan,nan,nan,nan,nan,nan,nan,nan,nan,nan,nan,nan,nan,nan,nan
nan,2.678125000000000000e+01,nan,nan,nan,nan,2.000000000000000000e+01,1.800000000000000000e+01,1.600000000000000000e+01,2.200000000000000000e+01,1.400000000000000000e+01,9.000000000000000000e+00,4.000000000000000000e+00,5.000000000000000000e+00,8.000000000000000000e+00,1.600000000000000000e+01,9.960938000000000514e+00,7.031250000000000000e+00,7.031250000000000000e+00,1.500000000000000000e+01,6.542969000000000257e+00,7.000000000000000000e+00,1.450000000000000000e+01,1.887500000000000000e+01,1.289062500000000000e+01,nan,1.738671899999999937e+01,1.350097700000000067e+01,nan,nan,nan,nan,nan,nan,1.600000000000000000e+01,nan,nan,nan,nan,nan,nan,nan,nan,nan,nan,nan,nan,nan,nan,nan,nan,nan,nan,nan,nan,1.900000000000000000e+01,2.070312500000000000e+01,nan,nan,nan,nan,nan,nan,nan,nan,nan,nan,nan,nan,nan,nan,nan,nan,nan,nan,1.400000000000000000e+01,8.251953000000000316e+00,6.000000000000000000e+00,1.850000000000000000e+01,nan,nan,1.050000000000000000e+01,nan,nan,1.200000000000000000e+01,9.980468999999999369e+00,nan,nan,nan,nan,nan,nan,nan,nan,nan,nan,nan,nan,nan,nan,nan,nan,nan,nan,nan,nan,nan,nan,nan,nan,nan,nan,nan,nan,nan,nan,nan,nan,nan,nan,nan,nan,nan,nan,nan,nan,nan,nan,nan
nan,nan,nan,nan,nan,nan,2.265625000000000000e+01,1.400000000000000000e+01,1.582031199999999949e+01,2.100000000000000000e+01,1.450000000000000000e+01,1.093750000000000000e+01,5.000000000000000000e+00,5.500000000000000000e+00,7.500000000000000000e+00,1.875000000000000000e+01,8.984375000000000000e+00,6.054687999999999626e+00,7.000000000000000000e+00,nan,9.000000000000000000e+00,1.093750000000000000e+01,2.265625000000000000e+01,1.400000000000000000e+01,1.100000000000000000e+01,nan,nan,1.875000000000000000e+01,1.777343799999999874e+01,nan,2.460937500000000000e+01,nan,nan,nan,1.875000000000000000e+01,nan,nan,nan,nan,nan,nan,nan,nan,nan,nan,nan,nan,nan,nan,nan,nan,nan,nan,nan,nan,1.600000000000000000e+01,1.738671899999999937e+01,nan,nan,nan,nan,nan,nan,nan,nan,nan,nan,nan,nan,nan,nan,nan,nan,nan,nan,nan,1.000000000000000000e+01,8.000000000000000000e+00,nan,nan,nan,nan,nan,nan,nan,nan,nan,nan,nan,nan,nan,nan,nan,nan,nan,nan,nan,nan,nan,nan,nan,nan,nan,nan,nan,nan,nan,nan,nan,nan,nan,nan,nan,nan,nan,nan,nan,nan,nan,nan,nan,nan,nan,nan,nan,nan,nan,nan,nan
2.480468799999999874e+01,2.400000000000000000e+01,2.600000000000000000e+01,nan,nan,nan,1.500000000000000000e+01,1.200000000000000000e+01,1.000000000000000000e+01,1.191406199999999949e+01,1.600000000000000000e+01,1.191406199999999949e+01,8.000000000000000000e+00,7.031250000000000000e+00,4.000000000000000000e+00,1.093750000000000000e+01,6.000000000000000000e+00,9.000000000000000000e+00,1.500000000000000000e+01,1.950000000000000000e+01,1.000000000000000000e+01,1.093750000000000000e+01,2.656250000000000000e+01,1.300000000000000000e+01,1.000000000000000000e+01,1.200000000000000000e+01,1.500000000000000000e+01,1.700000000000000000e+01,1.728515600000000063e+01,nan,1.986328100000000063e+01,1.900000000000000000e+01,nan,2.500000000000000000e+01,1.700000000000000000e+01,nan,nan,nan,nan,nan,nan,nan,nan,nan,nan,nan,nan,nan,nan,2.232812500000000000e+01,1.887500000000000000e+01,nan,1.289062500000000000e+01,1.492187500000000000e+01,9.503906000000000631e+00,1.093750000000000000e+01,1.800000000000000000e+01,nan,nan,nan,nan,nan,nan,2.500000000000000000e+01,nan,nan,nan,nan,nan,nan,nan,nan,2.600000000000000000e+01,nan,nan,1.700000000000000000e+01,1.900000000000000000e+01,nan,1.600000000000000000e+01,nan,1.100000000000000000e+01,nan,nan,nan,nan,nan,nan,nan,nan,nan,nan,nan,nan,nan,nan,nan,nan,nan,nan,nan,nan,nan,nan,nan,nan,nan,nan,nan,nan,nan,nan,nan,nan,nan,nan,nan,nan,nan,nan,nan,nan,nan,nan,nan,nan,nan,nan,nan,nan
1.400000000000000000e+01,1.525000000000000000e+01,1.150000000000000000e+01,nan,nan,nan,9.960938000000000514e+00,7.000000000000000000e+00,1.200000000000000000e+01,1.386718800000000051e+01,8.000000000000000000e+00,1.484375000000000000e+01,1.300000000000000000e+01,1.400000000000000000e+01,8.000000000000000000e+00,4.000000000000000000e+00,8.007811999999999486e+00,1.442187500000000000e+01,1.900000000000000000e+01,1.100000000000000000e+01,1.484375000000000000e+01,1.679687500000000000e+01,nan,8.000000000000000000e+00,1.500000000000000000e+01,1.600000000000000000e+01,1.386718800000000051e+01,2.000000000000000000e+01,nan,nan,1.300000000000000000e+01,nan,nan,nan,nan,nan,nan,nan,nan,nan,nan,nan,nan,8.984375000000000000e+00,nan,1.000000000000000000e+01,8.000000000000000000e+00,8.000000000000000000e+00,1.484375000000000000e+01,1.200000000000000000e+01,9.000000000000000000e+00,1.700000000000000000e+01,1.093750000000000000e+01,8.000000000000000000e+00,1.300000000000000000e+01,1.093750000000000000e+01,1.000000000000000000e+01,nan,nan,nan,nan,nan,9.000000000000000000e+00,1.300000000000000000e+01,nan,nan,nan,nan,nan,nan,nan,1.900000000000000000e+01,nan,nan,nan,nan,nan,nan,nan,1.800000000000000000e+01,nan,nan,nan,nan,nan,nan,nan,2.265625000000000000e+01,nan,nan,nan,nan,nan,nan,nan,nan,nan,nan,nan,nan,nan,nan,nan,nan,nan,nan,nan,nan,nan,nan,nan,nan,nan,nan,1.660155999999999965e+00,nan,nan,nan,nan,2.200000000000000000e+01,2.600000000000000000e+01,nan,nan,nan,nan,nan,nan,nan,nan
nan,nan,nan,nan,nan,nan,1.500000000000000000e+01,1.000000000000000000e+01,1.289062500000000000e+01,nan,nan,1.166992199999999968e+01,7.275390999999999941e+00,9.000000000000000000e+00,5.078125000000000000e+00,9.960938000000000514e+00,3.000000000000000000e+00,4.101562000000000374e+00,1.200000000000000000e+01,nan,1.000000000000000000e+01,9.000000000000000000e+00,nan,9.000000000000000000e+00,6.527344000000000257e+00,9.000000000000000000e+00,1.093750000000000000e+01,1.400000000000000000e+01,nan,nan,1.200000000000000000e+01,nan,nan,1.639843799999999874e+01,1.545410200000000067e+01,nan,nan,nan,nan,nan,nan,nan,nan,nan,nan,nan,nan,nan,nan,nan,7.031250000000000000e+00,nan,1.800000000000000000e+01,1.100000000000000000e+01,nan,1.300000000000000000e+01,1.875000000000000000e+01,nan,nan,nan,nan,nan,nan,nan,nan,nan,nan,nan,nan,nan,nan,nan,nan,nan,nan,nan,nan,nan,nan,nan,1.459960899999999917e+01,nan,nan,nan,nan,nan,nan,nan,nan,nan,nan,nan,nan,nan,nan,nan,nan,nan,nan,nan,nan,nan,nan,nan,nan,nan,nan,nan,nan,nan,nan,nan,nan,nan,nan,nan,nan,nan,nan,nan,nan,nan,nan,nan,nan,nan,nan,nan,nan
nan,nan,nan,nan,nan,nan,1.582031199999999949e+01,1.400000000000000000e+01,1.484375000000000000e+01,2.270507999999999971e+00,1.484375000000000000e+01,1.289062500000000000e+01,7.000000000000000000e+00,6.000000000000000000e+00,8.000000000000000000e+00,1.400000000000000000e+01,6.000000000000000000e+00,2.148438000000000070e+00,3.125000000000000000e+00,nan,1.093750000000000000e+01,8.000000000000000000e+00,9.716796999999999684e+00,1.500000000000000000e+01,6.000000000000000000e+00,8.984375000000000000e+00,1.200000000000000000e+01,1.000000000000000000e+01,1.777343799999999874e+01,1.738671899999999937e+01,1.500000000000000000e+01,nan,nan,8.984375000000000000e+00,9.960938000000000514e+00,nan,nan,nan,nan,nan,nan,nan,nan,nan,nan,nan,nan,nan,nan,nan,nan,nan,9.960938000000000514e+00,nan,nan,1.289062500000000000e+01,1.289062500000000000e+01,nan,nan,nan,nan,nan,nan,nan,nan,nan,nan,nan,nan,nan,nan,nan,nan,nan,nan,nan,1.300000000000000000e+01,nan,nan,nan,8.496093999999999369e+00,1.221289100000000083e+01,nan,nan,nan,nan,nan,nan,nan,nan,nan,nan,nan,nan,nan,nan,nan,nan,nan,nan,nan,nan,nan,nan,nan,nan,nan,nan,nan,nan,nan,nan,nan,nan,nan,nan,nan,nan,nan,nan,nan,nan,nan,nan,nan,nan,nan,nan,nan
nan,nan,nan,nan,nan,nan,nan,nan,1.777343799999999874e+01,nan,nan,1.689843799999999874e+01,5.078125000000000000e+00,6.000000000000000000e+00,1.093750000000000000e+01,1.837500000000000000e+01,9.000000000000000000e+00,3.125000000000000000e+00,1.171875000000000000e+00,nan,9.000000000000000000e+00,4.000000000000000000e+00,8.000000000000000000e+00,1.459960899999999917e+01,7.031250000000000000e+00,8.984375000000000000e+00,1.100000000000000000e+01,8.007811999999999486e+00,1.289062500000000000e+01,1.100000000000000000e+01,9.000000000000000000e+00,nan,nan,8.000000000000000000e+00,7.881835999999999842e+00,nan,nan,nan,nan,nan,nan,nan,nan,nan,nan,nan,nan,nan,nan,nan,nan,nan,nan,nan,nan,1.400000000000000000e+01,1.276855499999999921e+01,nan,nan,nan,nan,nan,nan,nan,nan,nan,nan,nan,nan,nan,nan,nan,nan,nan,nan,nan,nan,nan,nan,nan,nan,nan,nan,nan,nan,nan,nan,nan,nan,nan,nan,nan,nan,nan,nan,nan,nan,nan,nan,nan,nan,nan,nan,nan,nan,nan,nan,nan,nan,nan,nan,nan,nan,nan,nan,nan,nan,nan,nan,nan,nan,nan,nan,nan,nan,nan,nan,nan,nan
1.400000000000000000e+01,1.400000000000000000e+01,1.150000000000000000e+01,nan,1.100000000000000000e+01,1.200000000000000000e+01,1.500000000000000000e+01,2.100000000000000000e+01,1.500000000000000000e+01,1.368359399999999937e+01,1.100000000000000000e+01,1.679687500000000000e+01,1.800000000000000000e+01,nan,1.350000000000000000e+01,nan,nan,nan,nan,6.000000000000000000e+00,1.300000000000000000e+01,1.400000000000000000e+01,nan,nan,nan,nan,nan,nan,nan,nan,nan,nan,nan,nan,nan,nan,nan,nan,nan,nan,nan,nan,nan,nan,nan,nan,nan,nan,nan,nan,2.265625000000000000e+01,nan,nan,nan,nan,nan,2.000000000000000000e+01,nan,nan,nan,nan,nan,2.300000000000000000e+01,nan,nan,nan,nan,nan,2.000000000000000000e+01,nan,nan,nan,nan,nan,1.600000000000000000e+01,nan,nan,nan,nan,nan,nan,nan,nan,1.121289100000000083e+01,nan,nan,nan,nan,nan,nan,nan,nan,nan,nan,nan,nan,nan,nan,nan,nan,nan,nan,nan,nan,nan,nan,nan,nan,nan,nan,nan,nan,nan,nan,nan,nan,nan,nan,nan,nan,nan,nan,nan,nan,nan,nan,nan,nan,nan
2.133984399999999937e+01,2.100000000000000000e+01,nan,nan,1.500000000000000000e+01,1.240234399999999937e+01,1.923828100000000063e+01,1.600000000000000000e+01,1.400000000000000000e+01,1.800000000000000000e+01,1.142578100000000063e+01,1.000000000000000000e+01,8.984375000000000000e+00,1.200000000000000000e+01,1.200000000000000000e+01,1.800000000000000000e+01,1.936328100000000063e+01,1.400000000000000000e+01,1.400000000000000000e+01,1.000000000000000000e+01,6.000000000000000000e+00,8.000000000000000000e+00,9.000000000000000000e+00,1.777343799999999874e+01,nan,9.960938000000000514e+00,nan,nan,nan,nan,nan,nan,nan,nan,1.400000000000000000e+01,nan,nan,nan,nan,nan,nan,nan,nan,nan,nan,nan,nan,nan,nan,nan,1.826171899999999937e+01,nan,nan,5.078125000000000000e+00,nan,2.000000000000000000e+01,1.900000000000000000e+01,nan,nan,nan,nan,nan,nan,nan,nan,nan,nan,nan,nan,nan,nan,nan,nan,nan,1.500000000000000000e+01,1.400000000000000000e+01,1.400000000000000000e+01,nan,nan,nan,nan,nan,nan,nan,1.000000000000000000e+01,nan,nan,nan,nan,nan,nan,nan,nan,nan,nan,nan,nan,nan,nan,nan,nan,nan,nan,nan,nan,nan,nan,nan,nan,nan,nan,nan,nan,nan,nan,nan,nan,nan,nan,nan,nan,nan,nan,nan,nan,nan,nan,nan,nan
1.600000000000000000e+01,1.484375000000000000e+01,nan,nan,1.777343799999999874e+01,1.100000000000000000e+01,1.700000000000000000e+01,2.700000000000000000e+01,2.216796899999999937e+01,1.400000000000000000e+01,1.500000000000000000e+01,1.533203100000000063e+01,8.000000000000000000e+00,1.093750000000000000e+01,1.400000000000000000e+01,1.700000000000000000e+01,8.007811999999999486e+00,1.000000000000000000e+01,8.000000000000000000e+00,1.300000000000000000e+01,6.000000000000000000e+00,4.000000000000000000e+00,7.000000000000000000e+00,1.100000000000000000e+01,1.200000000000000000e+01,1.100000000000000000e+01,1.400000000000000000e+01,1.179199200000000047e+01,nan,nan,2.200000000000000000e+01,nan,nan,1.093750000000000000e+01,1.000000000000000000e+01,nan,nan,nan,nan,nan,nan,nan,nan,nan,nan,nan,nan,nan,nan,nan,2.300000000000000000e+01,nan,1.500000000000000000e+01,1.900000000000000000e+01,nan,1.700000000000000000e+01,2.085156200000000126e+01,nan,nan,nan,nan,nan,nan,2.100000000000000000e+01,nan,nan,nan,nan,nan,nan,nan,nan,nan,nan,nan,nan,1.100000000000000000e+01,nan,nan,nan,nan,nan,nan,nan,nan,8.000000000000000000e+00,nan,nan,nan,nan,nan,nan,nan,nan,nan,nan,nan,nan,nan,nan,nan,nan,nan,nan,nan,nan,nan,nan,nan,nan,nan,nan,nan,nan,nan,nan,nan,nan,nan,nan,nan,nan,nan,nan,nan,nan,nan,nan,nan
nan,nan,nan,nan,nan,1.400000000000000000e+01,nan,nan,nan,nan,nan,nan,1.500000000000000000e+01,nan,nan,nan,nan,nan,1.000000000000000000e+01,nan,8.007811999999999486e+00,7.000000000000000000e+00,5.000000000000000000e+00,1.048046899999999937e+01,nan,1.200000000000000000e+01,1.200000000000000000e+01,1.093750000000000000e+01,2.000000000000000000e+01,1.500000000000000000e+01,1.300000000000000000e+01,1.600000000000000000e+01,1.400000000000000000e+01,8.000000000000000000e+00,1.000000000000000000e+01,1.300000000000000000e+01,1.300000000000000000e+01,1.600000000000000000e+01,1.400000000000000000e+01,2.035156200000000126e+01,9.000000000000000000e+00,1.100000000000000000e+01,1.300000000000000000e+01,1.500000000000000000e+01,1.200000000000000000e+01,1.700000000000000000e+01,nan,1.900000000000000000e+01,1.639843799999999874e+01,1.400000000000000000e+01,1.700000000000000000e+01,1.200000000000000000e+01,1.393359399999999937e+01,1.500000000000000000e+01,6.500000000000000000e+00,1.100000000000000000e+01,nan,nan,nan,nan,nan,nan,2.050000000000000000e+01,1.700000000000000000e+01,nan,nan,nan,nan,nan,nan,nan,nan,nan,nan,nan,nan,nan,nan,nan,nan,nan,nan,nan,nan,nan,nan,7.015625000000000000e+00,nan,nan,nan,nan,nan,nan,nan,nan,nan,nan,nan,nan,nan,nan,nan,nan,nan,nan,nan,nan,nan,nan,nan,nan,nan,nan,nan,nan,nan,nan,nan,nan,nan,nan,nan,nan,nan,nan,nan,nan,nan,nan
1.300000000000000000e+01,nan,1.244531199999999949e+01,nan,nan,nan,1.300000000000000000e+01,9.250000000000000000e+00,1.294531199999999949e+01,nan,nan,nan,1.400000000000000000e+01,1.150000000000000000e+01,1.000000000000000000e+01,6.000000000000000000e+00,7.031250000000000000e+00,8.000000000000000000e+00,9.736328000000000316e+00,nan,1.294531199999999949e+01,1.200000000000000000e+01,nan,4.000000000000000000e+00,8.984375000000000000e+00,1.100000000000000000e+01,7.031250000000000000e+00,7.031250000000000000e+00,nan,nan,1.000000000000000000e+01,nan,1.100000000000000000e+01,nan,nan,nan,nan,nan,nan,nan,nan,nan,nan,8.496093999999999369e+00,nan,nan,1.100000000000000000e+01,8.984375000000000000e+00,1.191406199999999949e+01,1.000000000000000000e+01,8.984375000000000000e+00,1.000000000000000000e+01,7.519530999999999743e+00,1.000000000000000000e+01,8.984375000000000000e+00,8.007811999999999486e+00,1.289062500000000000e+01,nan,nan,nan,nan,nan,1.100000000000000000e+01,1.000000000000000000e+01,nan,nan,nan,nan,nan,nan,nan,nan,nan,nan,nan,nan,nan,nan,nan,nan,nan,nan,nan,nan,nan,nan,nan,1.800000000000000000e+01,nan,nan,nan,nan,nan,nan,nan,nan,nan,nan,nan,nan,nan,nan,nan,nan,nan,nan,nan,nan,nan,nan,nan,nan,nan,nan,nan,nan,nan,nan,nan,1.716308599999999984e+01,nan,nan,nan,nan,nan,nan,nan,nan,nan
nan,nan,nan,nan,nan,nan,1.533203100000000063e+01,1.450000000000000000e+01,1.492187500000000000e+01,nan,nan,2.265625000000000000e+01,1.000000000000000000e+01,8.984375000000000000e+00,8.984375000000000000e+00,1.195703100000000063e+01,4.000000000000000000e+00,3.125000000000000000e+00,4.101562000000000374e+00,nan,nan,8.000000000000000000e+00,8.007811999999999486e+00,7.031250000000000000e+00,3.125000000000000000e+00,7.015625000000000000e+00,7.031250000000000000e+00,8.007811999999999486e+00,1.289062500000000000e+01,6.054687999999999626e+00,1.191406199999999949e+01,7.031250000000000000e+00,nan,5.078125000000000000e+00,8.984375000000000000e+00,nan,nan,nan,nan,nan,nan,nan,nan,nan,nan,nan,nan,nan,nan,1.350000000000000000e+01,nan,nan,1.500000000000000000e+01,1.400000000000000000e+01,nan,1.093750000000000000e+01,2.800000000000000000e+01,nan,nan,nan,nan,nan,nan,nan,nan,nan,nan,nan,nan,nan,nan,nan,nan,nan,nan,nan,nan,nan,nan,nan,nan,nan,nan,nan,nan,nan,nan,nan,nan,nan,nan,nan,nan,nan,nan,nan,nan,nan,nan,nan,nan,nan,nan,nan,nan,nan,nan,nan,nan,nan,nan,nan,nan,nan,nan,nan,nan,nan,nan,nan,nan,nan,nan,nan,nan,nan,nan,nan,nan
nan,nan,nan,nan,nan,nan,2.500000000000000000e+01,1.700000000000000000e+01,1.800000000000000000e+01,nan,nan,2.524609399999999937e+01,1.350000000000000000e+01,1.750000000000000000e+01,1.000000000000000000e+01,1.484375000000000000e+01,1.000000000000000000e+01,6.054687999999999626e+00,8.000000000000000000e+00,nan,7.515625000000000000e+00,1.300000000000000000e+01,1.000000000000000000e+01,1.200000000000000000e+01,7.031250000000000000e+00,5.533203000000000316e+00,7.000000000000000000e+00,8.000000000000000000e+00,1.400000000000000000e+01,1.100000000000000000e+01,9.000000000000000000e+00,1.000000000000000000e+01,1.100000000000000000e+01,7.031250000000000000e+00,1.200000000000000000e+01,nan,nan,nan,nan,nan,nan,nan,1.777343799999999874e+01,8.007811999999999486e+00,nan,nan,nan,1.664843799999999874e+01,1.541015600000000063e+01,1.484375000000000000e+01,1.600000000000000000e+01,9.000000000000000000e+00,1.100000000000000000e+01,1.386718800000000051e+01,1.300000000000000000e+01,1.300000000000000000e+01,2.200000000000000000e+01,nan,nan,nan,nan,nan,nan,1.700000000000000000e+01,nan,nan,nan,nan,nan,nan,nan,nan,nan,nan,nan,nan,nan,nan,nan,nan,nan,nan,nan,nan,nan,nan,nan,nan,nan,nan,nan,nan,nan,nan,nan,nan,nan,nan,nan,nan,nan,nan,nan,nan,nan,nan,nan,nan,nan,nan,nan,nan,nan,nan,nan,nan,nan,nan,nan,nan,nan,nan,nan,nan,nan,nan,nan,nan,nan
2.550000000000000000e+01,nan,2.656250000000000000e+01,nan,nan,nan,1.986328100000000063e+01,1.600000000000000000e+01,1.679687500000000000e+01,nan,nan,nan,1.887500000000000000e+01,1.600000000000000000e+01,1.484375000000000000e+01,1.093750000000000000e+01,1.100000000000000000e+01,1.100000000000000000e+01,1.200000000000000000e+01,nan,1.700000000000000000e+01,1.300000000000000000e+01,1.200000000000000000e+01,9.000000000000000000e+00,8.984375000000000000e+00,7.031250000000000000e+00,5.000000000000000000e+00,1.289062500000000000e+01,1.600000000000000000e+01,7.500000000000000000e+00,1.100000000000000000e+01,1.093750000000000000e+01,1.100000000000000000e+01,9.000000000000000000e+00,1.492187500000000000e+01,nan,nan,nan,nan,nan,nan,nan,nan,1.400000000000000000e+01,nan,nan,nan,1.289062500000000000e+01,1.300000000000000000e+01,1.289062500000000000e+01,1.289062500000000000e+01,8.984375000000000000e+00,8.500000000000000000e+00,1.484375000000000000e+01,9.000000000000000000e+00,1.093750000000000000e+01,1.728515600000000063e+01,nan,nan,nan,nan,nan,1.350000000000000000e+01,1.400000000000000000e+01,nan,nan,nan,nan,nan,nan,nan,nan,nan,nan,nan,nan,nan,nan,nan,nan,nan,nan,nan,nan,nan,nan,nan,nan,nan,nan,nan,nan,nan,nan,nan,nan,nan,nan,nan,nan,nan,nan,nan,nan,nan,nan,nan,nan,nan,nan,nan,nan,nan,nan,nan,nan,nan,nan,nan,1.679687500000000000e+01,nan,nan,nan,nan,nan,nan,nan,nan,nan
nan,nan,nan,nan,nan,nan,nan,nan,4.101562000000000374e+00,nan,nan,nan,1.215820300000000032e+01,1.093750000000000000e+01,1.400000000000000000e+01,1.093750000000000000e+01,1.093750000000000000e+01,7.000000000000000000e+00,6.054687999999999626e+00,nan,nan,1.215820300000000032e+01,1.093750000000000000e+01,1.100000000000000000e+01,8.007811999999999486e+00,8.000000000000000000e+00,1.191406199999999949e+01,5.000000000000000000e+00,8.000000000000000000e+00,1.600000000000000000e+01,9.000000000000000000e+00,1.100000000000000000e+01,1.200000000000000000e+01,9.000000000000000000e+00,7.000000000000000000e+00,nan,nan,nan,nan,nan,nan,nan,nan,nan,nan,nan,nan,nan,1.300000000000000000e+01,1.300000000000000000e+01,8.000000000000000000e+00,nan,1.484375000000000000e+01,9.000000000000000000e+00,nan,1.484375000000000000e+01,nan,nan,nan,nan,nan,nan,nan,nan,nan,nan,nan,nan,nan,nan,nan,nan,nan,nan,nan,nan,nan,nan,nan,nan,nan,nan,nan,nan,nan,nan,nan,nan,nan,nan,nan,nan,nan,nan,nan,nan,nan,nan,nan,nan,nan,nan,nan,nan,nan,nan,nan,nan,nan,nan,nan,nan,nan,nan,nan,nan,nan,nan,nan,nan,nan,nan,nan,nan,nan,nan,nan,nan,nan
nan,nan,nan,nan,nan,nan,nan,nan,nan,nan,nan,nan,nan,nan,nan,nan,nan,1.400000000000000000e+01,1.270117199999999968e+01,nan,nan,1.400000000000000000e+01,1.200000000000000000e+01,nan,1.289062500000000000e+01,1.400000000000000000e+01,1.442187500000000000e+01,7.000000000000000000e+00,5.000000000000000000e+00,1.000000000000000000e+01,7.031250000000000000e+00,9.000000000000000000e+00,1.000000000000000000e+01,9.000000000000000000e+00,7.000000000000000000e+00,nan,nan,nan,nan,nan,nan,nan,nan,nan,nan,nan,nan,nan,1.500000000000000000e+01,8.496093999999999369e+00,9.000000000000000000e+00,nan,1.200000000000000000e+01,nan,nan,nan,nan,nan,nan,nan,nan,nan,nan,1.393359399999999937e+01,nan,nan,nan,nan,nan,nan,nan,nan,nan,nan,nan,nan,nan,nan,nan,nan,nan,nan,nan,nan,nan,nan,nan,nan,nan,nan,nan,nan,nan,nan,nan,nan,nan,nan,nan,nan,nan,nan,nan,nan,nan,nan,nan,nan,nan,nan,nan,nan,nan,nan,nan,nan,nan,nan,nan,nan,nan,nan,nan,nan,nan,nan,nan,nan,nan
nan,nan,nan,nan,nan,nan,nan,nan,nan,nan,nan,nan,nan,nan,nan,nan,nan,nan,nan,nan,nan,1.300000000000000000e+01,1.150000000000000000e+01,nan,nan,1.700000000000000000e+01,1.200000000000000000e+01,1.100000000000000000e+01,1.000000000000000000e+01,5.000000000000000000e+00,1.000000000000000000e+01,8.000000000000000000e+00,8.992188000000000514e+00,7.000000000000000000e+00,1.000000000000000000e+01,8.003906000000000631e+00,9.000000000000000000e+00,8.000000000000000000e+00,1.200000000000000000e+01,1.100000000000000000e+01,1.100000000000000000e+01,1.100000000000000000e+01,1.500000000000000000e+01,1.900000000000000000e+01,1.800000000000000000e+01,nan,nan,nan,1.300000000000000000e+01,1.950000000000000000e+01,1.000000000000000000e+01,9.000000000000000000e+00,1.600000000000000000e+01,nan,nan,nan,nan,nan,nan,nan,nan,nan,nan,2.350000000000000000e+01,nan,nan,nan,nan,nan,nan,nan,nan,nan,nan,nan,nan,nan,nan,nan,nan,nan,nan,nan,nan,nan,nan,nan,nan,nan,nan,nan,nan,nan,nan,nan,nan,nan,nan,nan,nan,nan,nan,nan,nan,nan,nan,nan,nan,nan,nan,nan,nan,nan,nan,nan,nan,nan,nan,nan,nan,nan,nan,nan,nan,nan,nan,nan,nan,nan
nan,nan,nan,nan,nan,nan,2.400000000000000000e+01,2.010742199999999968e+01,1.679687500000000000e+01,nan,nan,nan,nan,nan,1.900000000000000000e+01,1.639843799999999874e+01,1.679687500000000000e+01,nan,1.100000000000000000e+01,nan,nan,1.900000000000000000e+01,1.343359399999999937e+01,1.000000000000000000e+01,1.300000000000000000e+01,9.000000000000000000e+00,1.100000000000000000e+01,9.000000000000000000e+00,9.000000000000000000e+00,1.200000000000000000e+01,8.000000000000000000e+00,8.000000000000000000e+00,1.000000000000000000e+01,1.200000000000000000e+01,1.300000000000000000e+01,nan,1.738671899999999937e+01,8.500000000000000000e+00,9.000000000000000000e+00,1.200000000000000000e+01,nan,1.000000000000000000e+01,1.484375000000000000e+01,1.442187500000000000e+01,nan,nan,nan,1.484375000000000000e+01,1.289062500000000000e+01,1.300000000000000000e+01,1.533203100000000063e+01,1.200000000000000000e+01,1.500000000000000000e+01,1.500000000000000000e+01,nan,1.600000000000000000e+01,2.460937500000000000e+01,nan,nan,nan,nan,nan,nan,2.200000000000000000e+01,nan,nan,nan,nan,nan,nan,nan,nan,nan,nan,nan,nan,nan,nan,nan,nan,nan,nan,nan,nan,nan,nan,nan,nan,nan,nan,nan,nan,nan,nan,nan,nan,nan,nan,nan,nan,nan,nan,nan,nan,nan,nan,nan,nan,nan,nan,nan,nan,nan,nan,nan,nan,nan,nan,nan,nan,nan,nan,nan,nan,nan,nan,nan,nan,nan
nan,nan,nan,nan,nan,nan,nan,nan,nan,nan,nan,nan,nan,nan,nan,nan,nan,nan,nan,nan,nan,nan,1.700000000000000000e+01,nan,nan,1.300000000000000000e+01,1.200000000000000000e+01,1.121289100000000083e+01,9.000000000000000000e+00,9.000000000000000000e+00,9.000000000000000000e+00,6.000000000000000000e+00,1.000000000000000000e+01,1.300000000000000000e+01,1.400000000000000000e+01,nan,nan,1.200000000000000000e+01,1.200000000000000000e+01,1.200000000000000000e+01,nan,nan,1.443359399999999937e+01,nan,nan,nan,nan,nan,1.500000000000000000e+01,1.600000000000000000e+01,1.600000000000000000e+01,2.200000000000000000e+01,2.000000000000000000e+01,nan,nan,nan,nan,nan,nan,nan,nan,nan,nan,2.480468799999999874e+01,nan,nan,nan,nan,nan,nan,nan,nan,nan,nan,nan,nan,nan,nan,nan,nan,nan,nan,nan,nan,nan,nan,nan,nan,nan,nan,nan,nan,nan,nan,nan,nan,nan,nan,nan,nan,nan,nan,nan,nan,nan,nan,nan,nan,nan,nan,nan,nan,nan,nan,nan,nan,nan,nan,nan,nan,nan,nan,nan,nan,nan,nan,nan,nan,nan
nan,nan,nan,nan,nan,nan,nan,nan,nan,nan,nan,nan,nan,nan,nan,nan,nan,nan,nan,nan,nan,nan,1.582031199999999949e+01,nan,nan,1.393359399999999937e+01,1.289062500000000000e+01,1.250000000000000000e+01,1.386718800000000051e+01,9.000000000000000000e+00,1.093750000000000000e+01,1.100000000000000000e+01,7.000000000000000000e+00,1.000000000000000000e+01,1.600000000000000000e+01,1.318945300000000032e+01,1.100000000000000000e+01,9.000000000000000000e+00,9.000000000000000000e+00,8.000000000000000000e+00,1.200000000000000000e+01,1.300000000000000000e+01,1.191406199999999949e+01,1.600000000000000000e+01,1.500000000000000000e+01,nan,nan,2.050000000000000000e+01,1.300000000000000000e+01,1.191406199999999949e+01,1.679687500000000000e+01,1.200000000000000000e+01,1.500000000000000000e+01,1.600000000000000000e+01,nan,1.800000000000000000e+01,nan,nan,nan,nan,nan,nan,nan,2.085156200000000126e+01,nan,nan,nan,nan,nan,nan,nan,nan,nan,nan,nan,nan,nan,nan,nan,nan,nan,nan,nan,nan,nan,nan,nan,nan,nan,nan,nan,nan,nan,nan,nan,nan,nan,nan,nan,nan,nan,nan,nan,nan,nan,nan,nan,nan,nan,nan,nan,nan,nan,nan,nan,nan,nan,nan,nan,nan,nan,nan,nan,nan,nan,nan,nan,nan,nan
nan,nan,nan,nan,nan,nan,nan,nan,nan,nan,nan,nan,nan,nan,nan,nan,nan,nan,1.289062500000000000e+01,nan,nan,1.100000000000000000e+01,8.000000000000000000e+00,nan,nan,1.800000000000000000e+01,1.679687500000000000e+01,1.093750000000000000e+01,1.200000000000000000e+01,6.000000000000000000e+00,1.200000000000000000e+01,1.200000000000000000e+01,1.000000000000000000e+01,5.000000000000000000e+00,9.980468999999999369e+00,7.000000000000000000e+00,8.007811999999999486e+00,1.000000000000000000e+01,1.096875000000000000e+01,1.300000000000000000e+01,1.000000000000000000e+01,1.000000000000000000e+01,1.484375000000000000e+01,1.777343799999999874e+01,1.600000000000000000e+01,nan,nan,nan,1.887500000000000000e+01,1.500000000000000000e+01,2.000000000000000000e+01,1.800000000000000000e+01,1.875000000000000000e+01,1.200000000000000000e+01,nan,7.000000000000000000e+00,nan,nan,nan,nan,nan,nan,nan,2.200000000000000000e+01,nan,nan,nan,nan,nan,nan,nan,nan,nan,nan,nan,nan,nan,nan,nan,nan,nan,nan,nan,nan,nan,nan,nan,nan,nan,nan,nan,nan,nan,nan,2.000000000000000000e+01,nan,nan,5.078125000000000000e+00,nan,nan,nan,nan,nan,nan,nan,1.400000000000000000e+01,nan,nan,nan,nan,nan,nan,nan,nan,nan,nan,nan,nan,nan,nan,nan,nan,nan,nan,nan,nan,nan,nan,nan
nan,nan,nan,nan,nan,nan,nan,nan,5.078125000000000000e+00,nan,nan,nan,1.300000000000000000e+01,1.200000000000000000e+01,1.700000000000000000e+01,7.515625000000000000e+00,1.591015600000000063e+01,1.200000000000000000e+01,1.000000000000000000e+01,nan,1.096875000000000000e+01,9.000000000000000000e+00,9.000000000000000000e+00,8.992188000000000514e+00,1.191406199999999949e+01,1.400000000000000000e+01,1.386718800000000051e+01,8.000000000000000000e+00,7.031250000000000000e+00,1.000000000000000000e+01,1.200000000000000000e+01,1.300000000000000000e+01,1.400000000000000000e+01,9.000000000000000000e+00,6.000000000000000000e+00,1.300000000000000000e+01,1.300000000000000000e+01,1.500000000000000000e+01,1.500000000000000000e+01,nan,nan,1.550000000000000000e+01,nan,2.265625000000000000e+01,1.700000000000000000e+01,nan,nan,nan,1.300000000000000000e+01,1.200000000000000000e+01,9.980468999999999369e+00,1.689843799999999874e+01,1.800000000000000000e+01,9.472656000000000631e+00,nan,1.350000000000000000e+01,nan,nan,nan,nan,nan,nan,nan,2.000000000000000000e+01,nan,nan,nan,nan,nan,nan,nan,nan,nan,nan,nan,nan,nan,nan,nan,nan,nan,nan,nan,nan,nan,nan,nan,nan,nan,nan,nan,nan,nan,nan,nan,nan,nan,nan,nan,nan,nan,nan,nan,nan,nan,nan,nan,nan,nan,nan,nan,nan,nan,nan,nan,nan,nan,nan,nan,nan,nan,nan,nan,nan,nan,nan,nan,nan,nan
nan,nan,nan,nan,nan,nan,nan,nan,nan,nan,nan,nan,nan,nan,nan,nan,nan,nan,nan,nan,nan,nan,9.000000000000000000e+00,nan,nan,nan,nan,nan,nan,7.000000000000000000e+00,1.000000000000000000e+01,1.300000000000000000e+01,1.300000000000000000e+01,5.000000000000000000e+00,9.000000000000000000e+00,3.000000000000000000e+00,5.000000000000000000e+00,8.000000000000000000e+00,8.000000000000000000e+00,1.250000000000000000e+01,9.000000000000000000e+00,1.000000000000000000e+01,1.700000000000000000e+01,nan,nan,nan,nan,nan,1.900000000000000000e+01,1.837500000000000000e+01,nan,nan,8.992188000000000514e+00,nan,nan,nan,nan,nan,nan,nan,nan,nan,nan,nan,nan,nan,nan,nan,nan,nan,nan,nan,nan,nan,nan,nan,nan,nan,nan,nan,nan,nan,nan,nan,nan,nan,nan,nan,nan,nan,nan,nan,nan,nan,nan,nan,nan,nan,nan,nan,nan,nan,nan,nan,nan,nan,nan,nan,nan,nan,nan,nan,nan,nan,nan,nan,nan,nan,nan,nan,nan,nan,nan,nan,nan,nan,nan,nan,nan
nan,nan,nan,nan,nan,nan,nan,nan,nan,nan,nan,nan,nan,nan,nan,nan,nan,nan,nan,nan,nan,nan,1.100000000000000000e+01,nan,nan,nan,nan,nan,1.900000000000000000e+01,6.000000000000000000e+00,1.093750000000000000e+01,1.000000000000000000e+01,1.200000000000000000e+01,7.000000000000000000e+00,1.200000000000000000e+01,4.000000000000000000e+00,2.000000000000000000e+00,6.000000000000000000e+00,7.000000000000000000e+00,8.992188000000000514e+00,6.000000000000000000e+00,9.000000000000000000e+00,1.400000000000000000e+01,1.875000000000000000e+01,1.500000000000000000e+01,nan,nan,nan,2.500000000000000000e+01,2.200000000000000000e+01,nan,nan,1.500000000000000000e+01,nan,nan,nan,nan,nan,nan,nan,nan,nan,nan,2.100000000000000000e+01,nan,nan,nan,nan,nan,nan,nan,nan,nan,nan,nan,nan,nan,nan,nan,nan,nan,nan,nan,nan,nan,nan,nan,nan,nan,nan,nan,nan,nan,nan,nan,nan,nan,nan,nan,nan,nan,nan,nan,nan,nan,nan,nan,nan,nan,nan,nan,nan,nan,nan,nan,nan,nan,nan,nan,nan,nan,nan,nan,nan,nan,nan,nan,nan,nan
nan,nan,nan,nan,nan,nan,nan,nan,nan,nan,nan,nan,nan,nan,nan,nan,nan,nan,nan,nan,nan,nan,nan,nan,nan,nan,nan,nan,1.300000000000000000e+01,7.015625000000000000e+00,1.000000000000000000e+01,1.500000000000000000e+01,8.000000000000000000e+00,9.000000000000000000e+00,1.700000000000000000e+01,1.000000000000000000e+01,6.527344000000000257e+00,5.000000000000000000e+00,8.000000000000000000e+00,7.000000000000000000e+00,9.000000000000000000e+00,1.400000000000000000e+01,1.200000000000000000e+01,nan,nan,nan,nan,nan,1.900000000000000000e+01,1.400000000000000000e+01,nan,1.200000000000000000e+01,nan,nan,nan,nan,nan,nan,nan,nan,nan,nan,nan,2.700000000000000000e+01,nan,nan,nan,nan,nan,nan,nan,nan,nan,nan,nan,nan,nan,nan,nan,nan,nan,nan,nan,nan,nan,nan,nan,nan,nan,nan,nan,nan,nan,nan,nan,nan,nan,nan,nan,nan,nan,nan,nan,nan,nan,nan,nan,nan,nan,nan,nan,nan,nan,nan,nan,nan,nan,nan,nan,nan,nan,nan,nan,nan,nan,nan,nan,nan,nan
nan,nan,nan,nan,nan,nan,nan,nan,nan,nan,nan,nan,nan,nan,nan,nan,nan,nan,nan,nan,nan,nan,nan,nan,nan,nan,nan,nan,nan,8.000000000000000000e+00,9.000000000000000000e+00,1.900000000000000000e+01,8.000000000000000000e+00,1.400000000000000000e+01,2.000000000000000000e+01,8.000000000000000000e+00,6.000000000000000000e+00,7.000000000000000000e+00,4.000000000000000000e+00,6.000000000000000000e+00,8.000000000000000000e+00,1.100000000000000000e+01,9.000000000000000000e+00,1.300000000000000000e+01,nan,nan,nan,nan,1.700000000000000000e+01,1.400000000000000000e+01,2.000000000000000000e+01,1.300000000000000000e+01,1.800000000000000000e+01,nan,nan,nan,nan,nan,nan,nan,nan,nan,nan,2.200000000000000000e+01,nan,nan,nan,nan,nan,nan,nan,nan,nan,nan,nan,nan,nan,nan,nan,nan,nan,nan,nan,nan,nan,nan,nan,nan,nan,nan,nan,nan,nan,nan,nan,nan,nan,nan,nan,nan,nan,nan,nan,nan,nan,nan,nan,nan,nan,nan,nan,nan,nan,nan,nan,nan,nan,nan,nan,nan,nan,nan,nan,nan,nan,nan,nan,nan,nan
nan,nan,nan,nan,nan,nan,nan,nan,nan,nan,nan,nan,nan,nan,nan,nan,nan,nan,nan,nan,nan,nan,nan,nan,nan,nan,nan,nan,nan,9.000000000000000000e+00,1.200000000000000000e+01,1.400000000000000000e+01,9.000000000000000000e+00,1.500000000000000000e+01,nan,nan,8.000000000000000000e+00,1.000000000000000000e+01,6.527344000000000257e+00,5.000000000000000000e+00,1.100000000000000000e+01,9.000000000000000000e+00,7.031250000000000000e+00,9.500000000000000000e+00,1.200000000000000000e+01,nan,nan,nan,9.000000000000000000e+00,1.000000000000000000e+01,1.344488300000000081e+01,1.100000000000000000e+01,1.700000000000000000e+01,nan,nan,nan,nan,nan,nan,nan,nan,nan,nan,1.800000000000000000e+01,nan,nan,nan,nan,nan,nan,nan,nan,nan,nan,nan,nan,nan,nan,nan,nan,nan,nan,nan,nan,nan,nan,nan,nan,nan,nan,nan,nan,nan,nan,nan,nan,nan,nan,nan,nan,nan,nan,nan,nan,nan,nan,nan,nan,nan,nan,nan,nan,nan,nan,nan,nan,nan,nan,nan,nan,nan,nan,nan,nan,nan,nan,nan,nan,nan
nan,nan,nan,nan,nan,nan,nan,nan,nan,nan,nan,nan,nan,nan,nan,nan,nan,nan,nan,nan,nan,nan,7.031250000000000000e+00,nan,nan,nan,nan,nan,nan,1.100000000000000000e+01,1.484375000000000000e+01,nan,1.582031199999999949e+01,1.046875000000000000e+01,1.600000000000000000e+01,1.150000000000000000e+01,5.000000000000000000e+00,1.000000000000000000e+01,8.000000000000000000e+00,1.000000000000000000e+01,3.000000000000000000e+00,5.000000000000000000e+00,8.000000000000000000e+00,1.000000000000000000e+01,1.000000000000000000e+01,nan,nan,nan,1.700000000000000000e+01,1.650000000000000000e+01,nan,nan,nan,nan,nan,nan,nan,nan,nan,nan,nan,nan,nan,1.800000000000000000e+01,nan,nan,nan,nan,nan,nan,nan,nan,nan,nan,nan,nan,nan,nan,nan,nan,nan,nan,nan,nan,nan,nan,nan,nan,nan,nan,nan,nan,nan,nan,nan,nan,nan,nan,nan,nan,nan,nan,nan,nan,nan,nan,nan,nan,nan,nan,nan,nan,nan,nan,nan,nan,nan,nan,nan,nan,nan,nan,nan,nan,nan,nan,nan,nan,nan
nan,nan,nan,nan,nan,nan,nan,nan,nan,nan,nan,nan,nan,nan,nan,nan,nan,nan,nan,nan,nan,nan,7.031250000000000000e+00,nan,nan,nan,5.078125000000000000e+00,nan,2.100000000000000000e+01,1.400000000000000000e+01,9.000000000000000000e+00,2.000000000000000000e+01,1.200000000000000000e+01,8.000000000000000000e+00,1.887500000000000000e+01,8.000000000000000000e+00,8.000000000000000000e+00,1.600000000000000000e+01,1.400000000000000000e+01,9.000000000000000000e+00,7.031250000000000000e+00,3.125000000000000000e+00,6.000000000000000000e+00,6.527344000000000257e+00,8.000000000000000000e+00,nan,nan,nan,9.000000000000000000e+00,8.000000000000000000e+00,8.003906000000000631e+00,1.150000000000000000e+01,1.484375000000000000e+01,8.003906000000000631e+00,nan,nan,nan,nan,nan,nan,nan,nan,nan,1.700000000000000000e+01,nan,nan,nan,nan,nan,nan,nan,nan,nan,nan,nan,nan,nan,nan,nan,nan,nan,nan,nan,nan,nan,nan,nan,nan,nan,nan,nan,nan,nan,nan,nan,nan,2.500000000000000000e+01,nan,nan,nan,nan,nan,nan,nan,nan,1.093750000000000000e+01,nan,nan,1.400000000000000000e+01,nan,nan,nan,1.740722699999999890e+01,nan,nan,nan,nan,nan,nan,nan,nan,nan,nan,nan,nan,nan,nan,nan,nan
nan,nan,nan,nan,nan,nan,nan,nan,nan,nan,nan,nan,nan,nan,nan,nan,nan,nan,nan,nan,nan,nan,1.300000000000000000e+01,nan,nan,1.900000000000000000e+01,nan,nan,nan,1.400000000000000000e+01,1.541015600000000063e+01,1.936328100000000063e+01,1.368359399999999937e+01,1.500000000000000000e+01,2.400000000000000000e+01,1.700000000000000000e+01,1.100000000000000000e+01,1.400000000000000000e+01,1.300000000000000000e+01,8.984375000000000000e+00,1.100000000000000000e+01,9.000000000000000000e+00,5.000000000000000000e+00,7.000000000000000000e+00,8.992188000000000514e+00,4.101562000000000374e+00,nan,1.100000000000000000e+01,9.000000000000000000e+00,1.200000000000000000e+01,1.150000000000000000e+01,1.200000000000000000e+01,1.300000000000000000e+01,8.984375000000000000e+00,nan,nan,nan,nan,nan,nan,nan,nan,1.592187500000000000e+01,1.700000000000000000e+01,nan,nan,nan,nan,nan,nan,nan,nan,nan,nan,nan,nan,nan,nan,nan,nan,nan,nan,nan,nan,nan,nan,nan,nan,nan,nan,nan,nan,nan,nan,nan,nan,nan,nan,nan,nan,nan,nan,nan,nan,nan,5.000000000000000000e+00,8.000000000000000000e+00,9.602539000000000158e+00,nan,nan,nan,1.953120000000000134e-01,3.125000000000000000e+00,nan,1.953120000000000134e-01,nan,nan,nan,nan,nan,nan,nan,nan,nan,nan,nan,nan,nan,nan
1.700000000000000000e+01,2.100000000000000000e+01,2.400000000000000000e+01,nan,nan,nan,1.146875000000000000e+01,9.472656000000000631e+00,1.953120000000000134e-01,nan,nan,nan,nan,nan,nan,1.542187500000000000e+01,nan,nan,nan,2.656250000000000000e+01,nan,2.300000000000000000e+01,1.875000000000000000e+01,1.600000000000000000e+01,nan,1.875000000000000000e+01,1.887500000000000000e+01,nan,nan,2.000000000000000000e+01,1.689843799999999874e+01,1.800000000000000000e+01,1.700000000000000000e+01,1.600000000000000000e+01,2.200000000000000000e+01,1.900000000000000000e+01,1.800000000000000000e+01,1.900000000000000000e+01,2.300000000000000000e+01,1.600000000000000000e+01,1.300000000000000000e+01,1.244531199999999949e+01,1.200000000000000000e+01,1.000000000000000000e+01,1.000000000000000000e+01,9.500000000000000000e+00,1.300000000000000000e+01,1.093750000000000000e+01,1.000000000000000000e+01,1.200000000000000000e+01,1.289062500000000000e+01,1.400000000000000000e+01,1.600000000000000000e+01,1.450000000000000000e+01,1.600000000000000000e+01,1.800000000000000000e+01,1.500000000000000000e+01,nan,nan,nan,nan,nan,1.093750000000000000e+01,1.600000000000000000e+01,nan,nan,nan,nan,nan,nan,nan,nan,nan,nan,nan,nan,nan,nan,nan,nan,nan,nan,nan,nan,nan,nan,nan,nan,nan,nan,nan,nan,nan,nan,nan,nan,nan,nan,nan,nan,nan,nan,nan,nan,nan,nan,nan,2.050000000000000000e+01,1.350000000000000000e+01,nan,nan,6.027344000000000257e+00,nan,nan,8.984375000000000000e+00,nan,nan,1.191406199999999949e+01,nan,nan,nan,nan,nan,nan,nan,nan,nan,8.000000000000000000e+00,nan
5.566405999999999743e+00,nan,nan,nan,nan,nan,nan,1.953120000000000134e-01,1.953120000000000134e-01,nan,nan,nan,nan,nan,nan,1.171875000000000000e+00,nan,nan,nan,nan,nan,2.100000000000000000e+01,1.400000000000000000e+01,2.148438000000000070e+00,nan,6.054687999999999626e+00,1.100000000000000000e+01,nan,nan,1.800000000000000000e+01,8.007811999999999486e+00,1.950000000000000000e+01,1.400000000000000000e+01,1.400000000000000000e+01,2.500000000000000000e+01,1.750000000000000000e+01,1.500000000000000000e+01,2.000000000000000000e+01,nan,1.600000000000000000e+01,1.500000000000000000e+01,9.000000000000000000e+00,1.000000000000000000e+01,8.000000000000000000e+00,5.566405999999999743e+00,1.289062500000000000e+01,1.093750000000000000e+01,1.289062500000000000e+01,1.096875000000000000e+01,1.093750000000000000e+01,1.191406199999999949e+01,1.100000000000000000e+01,1.200000000000000000e+01,8.984375000000000000e+00,1.875000000000000000e+01,1.500000000000000000e+01,1.500000000000000000e+01,nan,nan,nan,nan,nan,1.386718800000000051e+01,1.200000000000000000e+01,nan,nan,nan,nan,nan,nan,nan,nan,nan,nan,nan,nan,nan,nan,nan,nan,nan,nan,nan,nan,nan,nan,nan,nan,nan,nan,nan,nan,nan,nan,nan,nan,nan,nan,nan,nan,nan,nan,nan,nan,nan,nan,nan,9.500000000000000000e+00,1.400000000000000000e+01,nan,nan,3.062500000000000000e+00,nan,nan,1.171875000000000000e+00,nan,nan,nan,nan,nan,nan,nan,nan,nan,nan,nan,nan,1.200000000000000000e+01,nan
2.150000000000000000e+01,2.265625000000000000e+01,nan,nan,nan,nan,2.265625000000000000e+01,1.887500000000000000e+01,3.125000000000000000e+00,nan,nan,nan,nan,nan,nan,2.628125000000000000e+01,nan,nan,nan,nan,nan,2.265625000000000000e+01,1.500000000000000000e+01,2.200000000000000000e+01,nan,8.984375000000000000e+00,1.500000000000000000e+01,nan,nan,nan,1.100000000000000000e+01,nan,nan,nan,nan,nan,nan,nan,nan,nan,nan,1.500000000000000000e+01,8.984375000000000000e+00,1.093750000000000000e+01,1.400000000000000000e+01,7.031250000000000000e+00,9.000000000000000000e+00,1.289062500000000000e+01,1.837500000000000000e+01,1.400000000000000000e+01,1.600000000000000000e+01,1.600000000000000000e+01,1.600000000000000000e+01,1.679687500000000000e+01,1.875000000000000000e+01,2.100000000000000000e+01,2.000000000000000000e+01,nan,nan,nan,nan,nan,7.031250000000000000e+00,1.500000000000000000e+01,nan,nan,nan,nan,nan,nan,nan,nan,nan,nan,nan,nan,nan,nan,nan,nan,nan,nan,nan,nan,nan,nan,nan,nan,nan,nan,nan,nan,nan,nan,nan,nan,nan,nan,nan,nan,nan,nan,nan,nan,nan,nan,nan,nan,nan,nan,nan,1.953120000000000134e-01,nan,nan,1.953120000000000134e-01,nan,nan,nan,nan,nan,nan,nan,nan,nan,nan,nan,nan,2.148438000000000070e+00,nan
1.146875000000000000e+01,nan,nan,nan,nan,nan,1.875000000000000000e+01,nan,nan,nan,nan,nan,nan,nan,nan,1.044921899999999937e+01,nan,nan,nan,nan,nan,nan,nan,nan,nan,nan,nan,nan,nan,nan,nan,nan,nan,nan,nan,nan,nan,nan,nan,nan,nan,nan,nan,1.800000000000000000e+01,1.875000000000000000e+01,7.031250000000000000e+00,3.125000000000000000e+00,1.400000000000000000e+01,1.900000000000000000e+01,1.900000000000000000e+01,1.386718800000000051e+01,2.100000000000000000e+01,1.875000000000000000e+01,1.400000000000000000e+01,nan,2.265625000000000000e+01,1.800000000000000000e+01,nan,nan,nan,nan,nan,1.093750000000000000e+01,2.022949200000000047e+01,nan,nan,nan,nan,nan,nan,nan,nan,nan,nan,nan,nan,nan,nan,nan,nan,nan,nan,nan,nan,nan,nan,nan,nan,nan,nan,nan,nan,nan,nan,nan,nan,nan,nan,nan,nan,nan,nan,nan,nan,nan,nan,nan,nan,nan,nan,nan,nan,nan,nan,nan,nan,nan,nan,nan,nan,nan,nan,nan,nan,nan,nan,nan,nan,nan
2.100000000000000000e+01,2.529296899999999937e+01,2.700000000000000000e+01,nan,nan,2.656250000000000000e+01,1.975000000000000000e+01,1.600000000000000000e+01,5.078125000000000000e+00,nan,nan,nan,nan,nan,nan,1.400000000000000000e+01,nan,nan,nan,2.100000000000000000e+01,nan,nan,2.100000000000000000e+01,9.000000000000000000e+00,nan,1.800000000000000000e+01,1.800000000000000000e+01,nan,nan,nan,1.600000000000000000e+01,nan,1.900000000000000000e+01,1.750000000000000000e+01,nan,nan,nan,nan,nan,nan,nan,1.582031199999999949e+01,1.900000000000000000e+01,1.289062500000000000e+01,1.800000000000000000e+01,1.000000000000000000e+01,1.150000000000000000e+01,8.984375000000000000e+00,1.400000000000000000e+01,1.500000000000000000e+01,1.125000000000000000e+01,1.600000000000000000e+01,1.650000000000000000e+01,1.400000000000000000e+01,nan,1.800000000000000000e+01,1.800000000000000000e+01,nan,nan,nan,nan,nan,1.093750000000000000e+01,2.000000000000000000e+01,nan,nan,nan,nan,nan,nan,nan,nan,nan,nan,nan,nan,nan,nan,nan,nan,nan,nan,nan,nan,nan,nan,nan,nan,nan,nan,nan,nan,nan,nan,nan,nan,nan,nan,nan,nan,nan,nan,nan,nan,nan,nan,nan,1.200000000000000000e+01,nan,nan,nan,4.589844000000000257e+00,nan,nan,6.542969000000000257e+00,nan,nan,nan,nan,nan,nan,nan,nan,nan,nan,nan,nan,1.728515600000000063e+01,nan
1.679687500000000000e+01,2.265625000000000000e+01,nan,nan,nan,nan,2.035156200000000126e+01,5.000000000000000000e+00,1.953120000000000134e-01,nan,nan,nan,nan,nan,nan,8.984375000000000000e+00,nan,nan,nan,nan,nan,nan,2.000000000000000000e+01,1.100000000000000000e+01,nan,1.639843799999999874e+01,1.700000000000000000e+01,1.875000000000000000e+01,2.150000000000000000e+01,1.800000000000000000e+01,1.600000000000000000e+01,1.800000000000000000e+01,1.300000000000000000e+01,1.500000000000000000e+01,2.265625000000000000e+01,nan,1.500000000000000000e+01,1.700000000000000000e+01,1.500000000000000000e+01,1.100000000000000000e+01,1.650000000000000000e+01,1.150000000000000000e+01,9.730468999999999369e+00,1.093750000000000000e+01,1.289062500000000000e+01,2.200000000000000000e+01,1.450000000000000000e+01,1.150000000000000000e+01,7.000000000000000000e+00,1.000000000000000000e+01,1.200000000000000000e+01,1.000000000000000000e+01,1.386718800000000051e+01,1.100000000000000000e+01,1.700000000000000000e+01,1.679687500000000000e+01,1.500000000000000000e+01,nan,nan,nan,nan,nan,1.500000000000000000e+01,1.900000000000000000e+01,nan,nan,nan,nan,nan,nan,nan,nan,nan,nan,nan,nan,nan,nan,nan,nan,nan,nan,nan,nan,nan,nan,nan,nan,nan,nan,nan,nan,nan,nan,nan,nan,nan,nan,nan,nan,nan,nan,nan,nan,nan,nan,nan,1.171875000000000000e+01,nan,nan,nan,2.148438000000000070e+00,2.678125000000000000e+01,nan,4.101562000000000374e+00,nan,nan,nan,nan,nan,nan,nan,nan,nan,nan,nan,nan,nan,nan
2.233984399999999937e+01,1.800000000000000000e+01,2.300000000000000000e+01,nan,nan,nan,2.800000000000000000e+01,1.800000000000000000e+01,1.171875000000000000e+00,nan,nan,nan,nan,nan,2.200000000000000000e+01,1.150000000000000000e+01,nan,nan,nan,nan,nan,2.300000000000000000e+01,2.000000000000000000e+01,1.200000000000000000e+01,nan,1.484375000000000000e+01,1.400000000000000000e+01,1.300000000000000000e+01,1.533203100000000063e+01,2.100000000000000000e+01,1.500000000000000000e+01,1.700000000000000000e+01,1.200000000000000000e+01,1.350000000000000000e+01,1.800000000000000000e+01,nan,1.500000000000000000e+01,1.500000000000000000e+01,1.400000000000000000e+01,1.000000000000000000e+01,1.300000000000000000e+01,9.000000000000000000e+00,1.093750000000000000e+01,1.100000000000000000e+01,1.100000000000000000e+01,1.500000000000000000e+01,1.492187500000000000e+01,1.400000000000000000e+01,9.000000000000000000e+00,7.031250000000000000e+00,1.100000000000000000e+01,1.000000000000000000e+01,1.150000000000000000e+01,1.289062500000000000e+01,1.300000000000000000e+01,1.386718800000000051e+01,1.689843799999999874e+01,nan,nan,nan,nan,nan,1.294531199999999949e+01,1.763671899999999937e+01,nan,nan,nan,nan,nan,nan,nan,nan,nan,nan,nan,nan,nan,nan,nan,nan,nan,nan,nan,nan,nan,nan,nan,nan,nan,nan,nan,nan,nan,nan,nan,nan,nan,nan,nan,nan,nan,nan,nan,nan,nan,nan,nan,nan,nan,nan,nan,nan,nan,1.800000000000000000e+01,1.250000000000000000e+01,nan,nan,nan,nan,nan,nan,nan,nan,nan,nan,nan,nan,1.400000000000000000e+01,nan
2.000000000000000000e+01,2.656250000000000000e+01,1.484375000000000000e+01,nan,2.400000000000000000e+01,2.700000000000000000e+01,7.000000000000000000e+00,7.031250000000000000e+00,2.148438000000000070e+00,1.600000000000000000e+01,2.400000000000000000e+01,2.167968799999999874e+01,nan,nan,nan,8.984375000000000000e+00,5.039062000000000374e+00,nan,nan,2.265625000000000000e+01,nan,2.700000000000000000e+01,2.400000000000000000e+01,8.984375000000000000e+00,nan,1.639843799999999874e+01,7.031250000000000000e+00,4.589844000000000257e+00,nan,nan,2.200000000000000000e+01,2.400000000000000000e+01,1.900000000000000000e+01,2.000000000000000000e+01,2.200000000000000000e+01,nan,nan,nan,nan,8.000000000000000000e+00,nan,8.984375000000000000e+00,1.200000000000000000e+01,1.150000000000000000e+01,2.000000000000000000e+01,1.350000000000000000e+01,1.250000000000000000e+01,1.050000000000000000e+01,1.093750000000000000e+01,1.289062500000000000e+01,8.500000000000000000e+00,1.500000000000000000e+01,1.200000000000000000e+01,1.100000000000000000e+01,1.400000000000000000e+01,1.484375000000000000e+01,1.300000000000000000e+01,nan,nan,nan,nan,nan,1.093750000000000000e+01,2.200000000000000000e+01,nan,nan,nan,nan,nan,nan,nan,nan,nan,nan,nan,nan,nan,nan,nan,nan,nan,nan,nan,nan,nan,nan,nan,nan,nan,nan,nan,nan,nan,nan,nan,nan,nan,nan,nan,nan,nan,nan,nan,nan,nan,nan,nan,5.078125000000000000e+00,nan,1.953120000000000134e-01,nan,1.171875000000000000e+00,nan,8.007811999999999486e+00,1.093750000000000000e+01,nan,nan,1.093359399999999937e+01,nan,nan,6.054687999999999626e+00,nan,nan,nan,nan,nan,7.031250000000000000e+00,7.031250000000000000e+00,nan
nan,nan,nan,nan,nan,nan,2.381640600000000063e+01,1.972656200000000126e+01,nan,nan,nan,nan,nan,nan,1.639843799999999874e+01,1.788671899999999937e+01,nan,nan,nan,nan,nan,nan,1.300000000000000000e+01,1.400000000000000000e+01,nan,1.200000000000000000e+01,1.200000000000000000e+01,nan,nan,nan,1.200000000000000000e+01,1.800000000000000000e+01,1.100000000000000000e+01,2.100000000000000000e+01,1.750000000000000000e+01,nan,nan,1.100000000000000000e+01,nan,1.300000000000000000e+01,nan,1.300000000000000000e+01,1.150000000000000000e+01,1.150000000000000000e+01,1.200000000000000000e+01,nan,nan,1.700000000000000000e+01,1.000000000000000000e+01,9.000000000000000000e+00,1.400000000000000000e+01,6.000000000000000000e+00,1.000000000000000000e+01,1.582031199999999949e+01,1.300000000000000000e+01,1.600000000000000000e+01,nan,nan,nan,nan,nan,nan,nan,1.400000000000000000e+01,nan,nan,nan,nan,nan,nan,nan,nan,nan,nan,nan,nan,nan,nan,nan,nan,nan,nan,nan,nan,nan,nan,nan,nan,nan,nan,nan,nan,nan,nan,nan,nan,nan,nan,nan,nan,nan,nan,nan,nan,nan,nan,nan,nan,nan,nan,nan,nan,nan,nan,nan,nan,nan,nan,nan,nan,nan,nan,nan,nan,nan,nan,nan,nan,nan
2.282812500000000000e+01,2.000000000000000000e+01,1.728515600000000063e+01,nan,nan,nan,1.500000000000000000e+01,1.300000000000000000e+01,9.480468999999999369e+00,1.200000000000000000e+01,1.787500000000000000e+01,nan,nan,nan,1.100000000000000000e+01,1.100000000000000000e+01,1.484375000000000000e+01,nan,1.289062500000000000e+01,1.550000000000000000e+01,1.200000000000000000e+01,1.500000000000000000e+01,1.400000000000000000e+01,8.000000000000000000e+00,1.484375000000000000e+01,1.100000000000000000e+01,8.000000000000000000e+00,1.093750000000000000e+01,1.500000000000000000e+01,1.500000000000000000e+01,1.100000000000000000e+01,2.200000000000000000e+01,1.200000000000000000e+01,1.600000000000000000e+01,1.700000000000000000e+01,nan,1.200000000000000000e+01,nan,1.600000000000000000e+01,1.350000000000000000e+01,nan,1.000000000000000000e+01,1.289062500000000000e+01,1.093750000000000000e+01,1.000000000000000000e+01,1.600000000000000000e+01,1.484375000000000000e+01,1.300000000000000000e+01,1.150000000000000000e+01,9.000000000000000000e+00,9.960938000000000514e+00,9.000000000000000000e+00,5.500000000000000000e+00,1.050000000000000000e+01,7.015625000000000000e+00,1.093750000000000000e+01,1.484375000000000000e+01,nan,nan,nan,nan,nan,1.300000000000000000e+01,1.200000000000000000e+01,nan,nan,nan,nan,nan,nan,nan,nan,nan,nan,nan,nan,nan,nan,nan,nan,nan,nan,nan,nan,nan,nan,nan,nan,nan,nan,nan,nan,nan,nan,nan,nan,nan,nan,nan,nan,nan,nan,nan,nan,nan,nan,nan,nan,nan,nan,nan,1.953120000000000134e-01,nan,nan,3.125000000000000000e+00,nan,1.837500000000000000e+01,1.639843799999999874e+01,1.400000000000000000e+01,nan,nan,nan,nan,nan,nan,nan,nan,2.100000000000000000e+01,nan
1.500000000000000000e+01,1.700000000000000000e+01,1.400000000000000000e+01,nan,2.148438000000000070e+00,1.191406199999999949e+01,1.837500000000000000e+01,1.264648399999999917e+01,1.171875000000000000e+00,4.101562000000000374e+00,1.900000000000000000e+01,nan,nan,nan,5.039062000000000374e+00,1.000000000000000000e+01,nan,nan,nan,1.800000000000000000e+01,nan,nan,1.100000000000000000e+01,1.100000000000000000e+01,nan,9.480468999999999369e+00,1.100000000000000000e+01,6.054687999999999626e+00,nan,nan,1.195703100000000063e+01,nan,1.679687500000000000e+01,1.500000000000000000e+01,2.148438000000000070e+00,nan,nan,nan,nan,nan,nan,6.027344000000000257e+00,7.000000000000000000e+00,1.170703100000000063e+01,1.000000000000000000e+01,1.484375000000000000e+01,1.093750000000000000e+01,1.150000000000000000e+01,9.000000000000000000e+00,1.289062500000000000e+01,1.093750000000000000e+01,1.400000000000000000e+01,1.093750000000000000e+01,9.000000000000000000e+00,1.200000000000000000e+01,1.093750000000000000e+01,1.100000000000000000e+01,nan,nan,nan,nan,nan,1.000000000000000000e+01,1.800000000000000000e+01,nan,nan,nan,nan,nan,nan,nan,nan,nan,nan,nan,nan,nan,nan,nan,nan,nan,nan,nan,nan,nan,nan,nan,nan,nan,nan,nan,nan,nan,nan,nan,nan,nan,nan,nan,nan,nan,nan,nan,nan,nan,nan,nan,3.000000000000000000e+00,nan,1.953120000000000134e-01,nan,1.953120000000000134e-01,nan,nan,2.148438000000000070e+00,nan,nan,2.558593799999999874e+01,nan,nan,nan,nan,nan,nan,nan,nan,nan,7.000000000000000000e+00,nan
nan,nan,nan,nan,nan,nan,1.100000000000000000e+01,1.600000000000000000e+01,nan,nan,nan,nan,nan,nan,nan,9.000000000000000000e+00,1.900000000000000000e+01,nan,nan,nan,nan,nan,nan,5.000000000000000000e+00,nan,1.100000000000000000e+01,5.000000000000000000e+00,nan,nan,nan,1.450000000000000000e+01,nan,nan,nan,nan,nan,nan,nan,nan,nan,nan,nan,nan,1.046875000000000000e+01,nan,nan,nan,1.386718800000000051e+01,1.100000000000000000e+01,1.000000000000000000e+01,1.000000000000000000e+01,7.000000000000000000e+00,4.000000000000000000e+00,9.000000000000000000e+00,2.000000000000000000e+00,5.000000000000000000e+00,1.500000000000000000e+01,nan,nan,nan,nan,nan,1.650000000000000000e+01,1.100000000000000000e+01,nan,nan,nan,nan,nan,nan,nan,nan,nan,nan,nan,nan,nan,nan,nan,nan,nan,nan,nan,nan,nan,nan,nan,nan,nan,nan,nan,nan,nan,nan,nan,nan,nan,nan,nan,nan,nan,nan,nan,nan,nan,nan,nan,nan,nan,nan,nan,nan,nan,nan,nan,nan,1.950000000000000000e+01,nan,9.000000000000000000e+00,nan,nan,nan,nan,nan,nan,nan,nan,nan,nan
1.900000000000000000e+01,2.265625000000000000e+01,1.700000000000000000e+01,nan,nan,nan,1.777343799999999874e+01,1.200000000000000000e+01,1.289062500000000000e+01,1.582031199999999949e+01,nan,1.582031199999999949e+01,2.200000000000000000e+01,1.875000000000000000e+01,1.200000000000000000e+01,1.000000000000000000e+01,1.289062500000000000e+01,1.100000000000000000e+01,1.700000000000000000e+01,nan,2.000000000000000000e+01,1.900000000000000000e+01,1.442187500000000000e+01,9.000000000000000000e+00,1.244531199999999949e+01,1.200000000000000000e+01,1.000000000000000000e+01,8.984375000000000000e+00,nan,nan,1.289062500000000000e+01,nan,1.289062500000000000e+01,6.527344000000000257e+00,1.500000000000000000e+01,nan,nan,nan,nan,nan,nan,6.027344000000000257e+00,nan,1.289062500000000000e+01,1.679687500000000000e+01,1.500000000000000000e+01,1.679687500000000000e+01,1.500000000000000000e+01,1.294531199999999949e+01,1.300000000000000000e+01,1.386718800000000051e+01,1.200000000000000000e+01,1.059667999999999921e+01,1.200000000000000000e+01,7.000000000000000000e+00,8.000000000000000000e+00,1.300000000000000000e+01,nan,nan,7.031250000000000000e+00,nan,nan,1.484375000000000000e+01,2.534179699999999968e+01,nan,nan,nan,nan,nan,nan,nan,nan,nan,nan,nan,nan,nan,nan,nan,2.100000000000000000e+01,nan,nan,nan,nan,nan,nan,nan,nan,nan,nan,nan,nan,nan,nan,nan,nan,nan,nan,nan,nan,nan,nan,nan,nan,nan,nan,nan,nan,nan,nan,nan,1.953120000000000134e-01,nan,nan,nan,nan,nan,nan,nan,1.972656200000000126e+01,2.460937500000000000e+01,nan,nan,nan,nan,nan,nan,5.078125000000000000e+00,nan
1.000000000000000000e+01,1.582031199999999949e+01,1.289062500000000000e+01,nan,1.289062500000000000e+01,1.961914099999999905e+01,8.984375000000000000e+00,9.608397999999999328e+00,1.400000000000000000e+01,1.145703100000000063e+01,1.875000000000000000e+01,1.813085900000000095e+01,1.800000000000000000e+01,nan,1.442187500000000000e+01,1.289062500000000000e+01,1.700000000000000000e+01,nan,nan,1.800000000000000000e+01,1.800000000000000000e+01,2.183984399999999937e+01,nan,1.700000000000000000e+01,nan,1.484375000000000000e+01,2.000000000000000000e+01,nan,nan,nan,nan,nan,nan,nan,nan,nan,nan,nan,nan,nan,nan,nan,nan,1.442187500000000000e+01,1.484375000000000000e+01,1.826171899999999937e+01,1.484375000000000000e+01,1.386718800000000051e+01,1.100000000000000000e+01,1.500000000000000000e+01,1.300000000000000000e+01,nan,1.300000000000000000e+01,1.093750000000000000e+01,1.582031199999999949e+01,1.300000000000000000e+01,7.031250000000000000e+00,nan,nan,1.093750000000000000e+01,nan,nan,1.386718800000000051e+01,2.200000000000000000e+01,nan,nan,nan,nan,nan,nan,nan,nan,nan,nan,nan,nan,nan,nan,nan,nan,nan,nan,nan,nan,nan,nan,nan,nan,nan,nan,nan,nan,nan,nan,nan,nan,nan,nan,nan,nan,nan,nan,nan,nan,nan,nan,nan,nan,nan,nan,nan,1.953120000000000134e-01,nan,nan,1.171875000000000000e+00,nan,nan,nan,nan,2.460937500000000000e+01,2.300000000000000000e+01,nan,nan,nan,nan,nan,nan,2.148438000000000070e+00,nan
nan,nan,nan,nan,nan,nan,nan,nan,nan,nan,nan,nan,nan,nan,nan,nan,nan,nan,nan,nan,nan,nan,nan,nan,nan,nan,nan,nan,nan,nan,nan,nan,nan,nan,nan,nan,nan,nan,nan,nan,nan,nan,nan,nan,nan,nan,nan,nan,nan,nan,nan,nan,nan,nan,nan,nan,nan,nan,nan,nan,nan,nan,nan,nan,nan,nan,nan,nan,nan,nan,nan,nan,nan,nan,nan,nan,nan,nan,nan,nan,nan,nan,nan,nan,nan,nan,nan,nan,nan,nan,nan,nan,nan,nan,nan,nan,nan,nan,nan,nan,nan,nan,nan,nan,nan,nan,nan,nan,nan,nan,nan,nan,nan,nan,nan,nan,nan,nan,nan,nan,nan,nan,nan,nan,nan,nan,nan,nan,nan
nan,nan,nan,nan,nan,nan,nan,nan,nan,nan,nan,nan,nan,nan,nan,nan,nan,nan,nan,nan,nan,nan,nan,nan,nan,nan,nan,nan,nan,nan,nan,nan,nan,nan,nan,nan,nan,nan,nan,nan,nan,nan,nan,nan,nan,nan,nan,nan,nan,nan,nan,nan,nan,nan,nan,nan,nan,nan,nan,nan,nan,nan,nan,nan,nan,nan,nan,nan,nan,nan,nan,nan,nan,nan,nan,nan,nan,nan,nan,nan,nan,nan,nan,nan,nan,nan,nan,nan,nan,nan,nan,nan,nan,nan,nan,nan,nan,nan,nan,nan,nan,nan,nan,nan,nan,nan,nan,nan,nan,nan,nan,nan,nan,nan,nan,nan,nan,nan,nan,nan,nan,nan,nan,nan,nan,nan,nan,nan,nan
nan,nan,nan,nan,nan,nan,nan,nan,nan,nan,nan,nan,nan,nan,nan,nan,nan,nan,nan,nan,nan,nan,nan,nan,nan,nan,nan,nan,nan,nan,nan,nan,nan,nan,nan,nan,nan,nan,nan,nan,nan,nan,nan,nan,nan,nan,nan,nan,nan,nan,nan,nan,nan,nan,nan,nan,nan,nan,nan,nan,nan,nan,nan,nan,nan,nan,nan,nan,nan,nan,nan,nan,nan,nan,nan,nan,nan,nan,nan,nan,nan,nan,nan,nan,nan,nan,nan,nan,nan,nan,nan,nan,nan,nan,nan,nan,nan,nan,nan,nan,nan,nan,nan,nan,nan,nan,nan,nan,nan,nan,nan,nan,nan,nan,nan,nan,nan,nan,nan,nan,nan,nan,nan,nan,nan,nan,nan,nan,nan
nan,nan,nan,nan,nan,nan,nan,nan,nan,nan,nan,nan,nan,nan,nan,nan,nan,nan,nan,nan,nan,nan,nan,nan,nan,nan,nan,nan,nan,nan,nan,nan,nan,nan,nan,nan,nan,nan,nan,nan,nan,nan,nan,nan,nan,nan,nan,nan,nan,nan,nan,nan,nan,nan,nan,nan,nan,nan,nan,nan,nan,nan,nan,nan,nan,nan,nan,nan,nan,nan,nan,nan,nan,nan,nan,nan,nan,nan,nan,nan,nan,nan,nan,nan,nan,nan,nan,nan,nan,nan,nan,nan,nan,nan,nan,nan,nan,nan,nan,nan,nan,nan,nan,nan,nan,nan,nan,nan,nan,nan,nan,nan,nan,nan,nan,nan,nan,nan,nan,nan,nan,nan,nan,nan,nan,nan,nan,nan,nan
nan,nan,nan,nan,nan,nan,nan,nan,nan,nan,nan,nan,nan,nan,nan,nan,nan,nan,nan,nan,nan,nan,nan,nan,nan,nan,nan,nan,nan,nan,nan,nan,nan,nan,nan,nan,nan,nan,nan,nan,nan,nan,nan,nan,nan,nan,nan,nan,nan,nan,nan,nan,nan,nan,nan,nan,nan,nan,nan,nan,nan,nan,nan,nan,nan,nan,nan,nan,nan,nan,nan,nan,nan,nan,nan,nan,nan,nan,nan,nan,nan,nan,nan,nan,nan,nan,nan,nan,nan,nan,nan,nan,nan,nan,nan,nan,nan,nan,nan,nan,nan,nan,nan,nan,nan,nan,nan,nan,nan,nan,nan,nan,nan,nan,nan,nan,nan,nan,nan,nan,nan,nan,nan,nan,nan,nan,nan,nan,nan
1.887500000000000000e+01,2.265625000000000000e+01,3.221093799999999874e+01,nan,nan,nan,3.300000000000000000e+01,2.509765600000000063e+01,1.171991000000000005e+00,nan,nan,nan,nan,nan,nan,1.742187500000000000e+01,nan,nan,nan,nan,nan,nan,2.150000000000000000e+01,nan,nan,nan,nan,nan,nan,nan,nan,nan,nan,1.800000000000000000e+01,nan,nan,nan,nan,nan,nan,nan,1.875000000000000000e+01,nan,1.875000000000000000e+01,2.265625000000000000e+01,1.093750000000000000e+01,1.289062500000000000e+01,1.400000000000000000e+01,1.194531199999999949e+01,1.700000000000000000e+01,1.450000000000000000e+01,2.500000000000000000e+01,2.100000000000000000e+01,1.484375000000000000e+01,2.265625000000000000e+01,2.265625000000000000e+01,1.484375000000000000e+01,nan,nan,nan,nan,nan,1.953120000000000134e-01,2.000000000000000000e+01,nan,nan,nan,nan,nan,nan,nan,nan,nan,nan,nan,nan,nan,nan,nan,nan,nan,nan,nan,nan,nan,nan,nan,nan,nan,nan,nan,nan,nan,nan,nan,nan,nan,nan,nan,nan,nan,nan,nan,nan,nan,nan,nan,nan,nan,nan,nan,nan,nan,nan,4.101562000000000374e+00,nan,nan,nan,nan,nan,nan,nan,nan,nan,nan,nan,nan,nan,nan
1.875000000000000000e+01,2.700000000000000000e+01,2.070312500000000000e+01,nan,1.923828100000000063e+01,2.350000000000000000e+01,1.350000000000000000e+01,3.125058999999999809e+00,3.125000000000000000e+00,1.484375000000000000e+01,2.265625000000000000e+01,nan,nan,nan,1.700000000000000000e+01,1.679687500000000000e+01,nan,nan,nan,2.265625000000000000e+01,2.656250000000000000e+01,2.702539099999999905e+01,1.600000000000000000e+01,1.300000000000000000e+01,nan,1.289062500000000000e+01,1.100000000000000000e+01,nan,5.078125000000000000e+00,1.986328100000000063e+01,1.300000000000000000e+01,1.600000000000000000e+01,1.200000000000000000e+01,1.300000000000000000e+01,2.700000000000000000e+01,2.200000000000000000e+01,1.800000000000000000e+01,1.700000000000000000e+01,2.000000000000000000e+01,1.950000000000000000e+01,1.800000000000000000e+01,1.300000000000000000e+01,1.500000000000000000e+01,8.007811999999999486e+00,6.054687999999999626e+00,1.484375000000000000e+01,1.679687500000000000e+01,1.093750000000000000e+01,1.400000000000000000e+01,9.000000000000000000e+00,1.400000000000000000e+01,9.000000000000000000e+00,1.200000000000000000e+01,1.289062500000000000e+01,1.500000000000000000e+01,1.289062500000000000e+01,1.300000000000000000e+01,nan,nan,5.078125000000000000e+00,nan,nan,9.000000000000000000e+00,6.000000000000000000e+00,nan,nan,nan,nan,nan,nan,nan,nan,nan,nan,nan,nan,nan,nan,nan,nan,nan,nan,nan,nan,nan,nan,nan,nan,nan,nan,nan,nan,nan,nan,nan,nan,nan,nan,nan,nan,nan,nan,nan,1.953120000000000134e-01,nan,3.125000000000000000e+00,1.953120000000000134e-01,7.031250000000000000e+00,2.148438000000000070e+00,1.953120000000000134e-01,nan,3.000000000000000000e+00,3.125000000000000000e+00,3.125000000000000000e+00,3.125000000000000000e+00,nan,nan,1.000000000000000000e+01,nan,4.589844000000000257e+00,5.078125000000000000e+00,nan,nan,nan,nan,nan,5.078125000000000000e+00,6.054687999999999626e+00,nan
1.600000000000000000e+01,nan,nan,nan,nan,nan,nan,nan,nan,nan,nan,nan,nan,nan,nan,nan,nan,nan,nan,nan,nan,nan,nan,nan,nan,nan,nan,nan,nan,nan,nan,nan,nan,nan,nan,nan,nan,nan,nan,nan,nan,nan,nan,nan,nan,nan,nan,nan,nan,nan,nan,nan,nan,nan,nan,nan,1.777343799999999874e+01,nan,nan,nan,nan,nan,nan,nan,6.054687999999999626e+00,9.000000000000000000e+00,9.000000000000000000e+00,nan,1.300000000000000000e+01,1.200000000000000000e+01,9.000000000000000000e+00,1.400000000000000000e+01,1.500000000000000000e+01,1.500000000000000000e+01,1.700000000000000000e+01,2.265625000000000000e+01,1.679687500000000000e+01,nan,2.100000000000000000e+01,1.738671899999999937e+01,nan,nan,nan,1.435546899999999937e+01,1.800000000000000000e+01,2.430468799999999874e+01,nan,nan,nan,nan,nan,nan,nan,nan,nan,nan,nan,nan,nan,nan,nan,nan,nan,nan,nan,nan,nan,1.700000000000000000e+01,nan,1.500000000000000000e+01,1.400000000000000000e+01,2.100000000000000000e+01,2.265625000000000000e+01,2.430468799999999874e+01,1.900000000000000000e+01,nan,nan,1.400000000000000000e+01,nan,1.679687500000000000e+01,1.166992199999999968e+01,nan,nan,nan,nan,nan,1.289062500000000000e+01,1.887500000000000000e+01,nan
2.265625000000000000e+01,2.010742199999999968e+01,nan,nan,nan,nan,nan,nan,nan,nan,nan,nan,nan,nan,nan,nan,nan,nan,nan,nan,nan,nan,nan,nan,nan,nan,nan,nan,nan,nan,nan,nan,nan,nan,nan,nan,nan,nan,nan,nan,nan,nan,nan,nan,nan,nan,nan,nan,nan,nan,nan,nan,nan,nan,nan,nan,nan,nan,nan,nan,nan,nan,nan,nan,1.000000000000000000e+01,6.000000000000000000e+00,8.000000000000000000e+00,nan,9.000000000000000000e+00,1.000000000000000000e+01,1.200000000000000000e+01,1.752929699999999968e+01,1.500000000000000000e+01,1.100000000000000000e+01,1.600000000000000000e+01,2.250000000000000000e+01,2.100000000000000000e+01,nan,1.875000000000000000e+01,2.000000000000000000e+01,nan,nan,nan,1.300000000000000000e+01,2.000000000000000000e+01,2.350000000000000000e+01,nan,2.400000000000000000e+01,nan,nan,nan,nan,nan,nan,nan,nan,nan,nan,nan,nan,nan,nan,nan,nan,nan,nan,nan,1.679687500000000000e+01,nan,1.500000000000000000e+01,1.591015600000000063e+01,2.000000000000000000e+01,2.196191400000000016e+01,2.265625000000000000e+01,2.070312500000000000e+01,nan,nan,1.700000000000000000e+01,nan,1.972656200000000126e+01,1.700000000000000000e+01,nan,nan,nan,nan,nan,1.679687500000000000e+01,1.500000000000000000e+01,nan
nan,nan,nan,nan,nan,nan,nan,nan,nan,nan,nan,nan,nan,nan,nan,nan,nan,nan,nan,nan,nan,nan,nan,nan,nan,nan,nan,nan,nan,nan,nan,nan,nan,nan,nan,nan,nan,nan,nan,nan,nan,nan,nan,nan,nan,nan,nan,nan,nan,nan,nan,nan,nan,nan,nan,nan,nan,nan,nan,nan,nan,nan,nan,nan,8.984375000000000000e+00,8.000000000000000000e+00,5.078125000000000000e+00,nan,1.093750000000000000e+01,1.600000000000000000e+01,9.000000000000000000e+00,1.300000000000000000e+01,1.484375000000000000e+01,1.093750000000000000e+01,1.700000000000000000e+01,2.300000000000000000e+01,nan,nan,2.000000000000000000e+01,1.500000000000000000e+01,nan,nan,nan,1.500000000000000000e+01,1.200000000000000000e+01,nan,nan,nan,nan,nan,nan,nan,nan,nan,nan,nan,nan,nan,nan,nan,nan,nan,nan,nan,nan,nan,nan,nan,nan,nan,nan,1.350000000000000000e+01,nan,2.100000000000000000e+01,1.800000000000000000e+01,nan,nan,1.200000000000000000e+01,nan,nan,1.484375000000000000e+01,nan,nan,nan,nan,nan,nan,nan,nan
nan,nan,nan,nan,nan,nan,nan,nan,nan,nan,nan,nan,nan,nan,nan,nan,nan,nan,nan,nan,nan,nan,nan,nan,nan,nan,nan,nan,nan,nan,nan,nan,nan,nan,nan,nan,nan,nan,nan,nan,nan,nan,nan,nan,nan,nan,nan,nan,nan,nan,nan,nan,nan,nan,nan,nan,nan,nan,nan,nan,nan,nan,nan,nan,nan,nan,nan,nan,nan,nan,nan,nan,nan,nan,nan,nan,nan,nan,nan,nan,nan,nan,nan,nan,nan,nan,nan,nan,nan,nan,nan,nan,nan,nan,nan,nan,nan,nan,nan,nan,nan,nan,nan,nan,nan,nan,nan,nan,nan,nan,nan,nan,nan,nan,nan,nan,nan,nan,nan,nan,nan,nan,nan,nan,nan,nan,nan,nan,nan
nan,nan,nan,nan,1.200000000000000000e+01,nan,nan,nan,nan,nan,2.000000000000000000e+01,nan,nan,nan,nan,nan,nan,nan,nan,nan,nan,nan,nan,nan,nan,nan,nan,nan,nan,nan,nan,nan,nan,nan,nan,nan,nan,nan,nan,nan,nan,nan,nan,nan,nan,nan,nan,nan,nan,nan,nan,nan,nan,nan,nan,nan,nan,nan,nan,nan,nan,nan,nan,nan,1.300000000000000000e+01,1.200000000000000000e+01,1.484375000000000000e+01,nan,7.031250000000000000e+00,1.000000000000000000e+01,1.800000000000000000e+01,nan,1.700000000000000000e+01,1.289062500000000000e+01,1.400000000000000000e+01,2.200000000000000000e+01,nan,nan,nan,nan,nan,nan,nan,1.200000000000000000e+01,1.700000000000000000e+01,nan,nan,nan,nan,nan,nan,nan,nan,nan,nan,nan,nan,nan,nan,nan,nan,nan,nan,nan,nan,nan,nan,nan,nan,nan,nan,nan,nan,nan,2.400000000000000000e+01,nan,2.150000000000000000e+01,1.800000000000000000e+01,nan,nan,2.265625000000000000e+01,nan,nan,nan,nan,nan,nan,nan,nan
1.600000000000000000e+01,1.800000000000000000e+01,nan,nan,nan,1.093750000000000000e+01,nan,nan,nan,nan,nan,nan,nan,nan,nan,nan,nan,nan,nan,nan,nan,nan,nan,nan,nan,nan,nan,nan,nan,nan,nan,nan,nan,nan,nan,nan,nan,nan,nan,nan,nan,nan,nan,nan,nan,nan,nan,nan,nan,nan,nan,nan,nan,nan,nan,nan,nan,nan,nan,nan,nan,nan,nan,nan,1.100000000000000000e+01,1.200000000000000000e+01,1.738671899999999937e+01,nan,1.093750000000000000e+01,6.000000000000000000e+00,1.800000000000000000e+01,1.600000000000000000e+01,2.000000000000000000e+01,1.700000000000000000e+01,1.950000000000000000e+01,2.500000000000000000e+01,nan,nan,nan,nan,nan,nan,nan,1.300000000000000000e+01,1.800000000000000000e+01,2.600000000000000000e+01,nan,nan,nan,nan,nan,nan,nan,nan,nan,nan,nan,nan,nan,nan,nan,nan,nan,nan,nan,nan,nan,2.000000000000000000e+01,nan,2.480468799999999874e+01,2.412109399999999937e+01,2.700000000000000000e+01,nan,2.656250000000000000e+01,2.400000000000000000e+01,nan,2.000000000000000000e+01,2.300000000000000000e+01,nan,1.900000000000000000e+01,2.100000000000000000e+01,nan,nan,nan,nan,nan,1.252441400000000016e+01,2.656250000000000000e+01,nan
nan,nan,nan,nan,nan,nan,1.777343799999999874e+01,nan,nan,nan,nan,nan,nan,nan,nan,nan,nan,nan,nan,nan,nan,nan,nan,nan,nan,nan,nan,nan,nan,nan,nan,nan,nan,nan,nan,nan,nan,nan,nan,nan,nan,nan,nan,nan,nan,nan,nan,nan,nan,nan,nan,nan,nan,nan,nan,nan,nan,nan,nan,nan,nan,nan,nan,nan,9.000000000000000000e+00,1.125000000000000000e+01,1.289062500000000000e+01,nan,1.400000000000000000e+01,1.582031199999999949e+01,5.000000000000000000e+00,8.007811999999999486e+00,1.100000000000000000e+01,1.093750000000000000e+01,1.400000000000000000e+01,1.700000000000000000e+01,1.700000000000000000e+01,2.070312500000000000e+01,1.400000000000000000e+01,1.300000000000000000e+01,1.500000000000000000e+01,nan,nan,1.300000000000000000e+01,1.600000000000000000e+01,2.500000000000000000e+01,nan,1.500000000000000000e+01,nan,1.875000000000000000e+01,1.900000000000000000e+01,nan,nan,nan,2.100000000000000000e+01,nan,nan,nan,nan,nan,nan,nan,nan,nan,nan,nan,nan,1.200000000000000000e+01,nan,1.400000000000000000e+01,1.289062500000000000e+01,1.679687500000000000e+01,1.900000000000000000e+01,2.133984399999999937e+01,1.400000000000000000e+01,1.750000000000000000e+01,2.000000000000000000e+01,1.300000000000000000e+01,nan,1.300000000000000000e+01,9.000000000000000000e+00,nan,nan,nan,nan,nan,1.386718800000000051e+01,1.386718800000000051e+01,nan
nan,nan,nan,nan,nan,nan,1.972656200000000126e+01,2.070312500000000000e+01,nan,nan,nan,nan,nan,nan,2.558593799999999874e+01,2.200000000000000000e+01,nan,nan,nan,nan,2.000000000000000000e+01,nan,nan,nan,nan,nan,nan,nan,nan,nan,nan,nan,nan,nan,nan,nan,nan,nan,nan,nan,nan,nan,nan,nan,nan,nan,nan,nan,nan,nan,nan,nan,nan,nan,nan,nan,1.484375000000000000e+01,nan,nan,nan,nan,nan,nan,nan,1.200000000000000000e+01,1.700000000000000000e+01,1.300000000000000000e+01,nan,1.800000000000000000e+01,1.700000000000000000e+01,8.000000000000000000e+00,4.000000000000000000e+00,1.100000000000000000e+01,1.600000000000000000e+01,1.600000000000000000e+01,1.679687500000000000e+01,1.500000000000000000e+01,1.900000000000000000e+01,1.100000000000000000e+01,7.031250000000000000e+00,1.289062500000000000e+01,1.787500000000000000e+01,2.265625000000000000e+01,1.777343799999999874e+01,1.500000000000000000e+01,2.300000000000000000e+01,nan,1.100000000000000000e+01,1.541015600000000063e+01,2.000000000000000000e+01,1.972656200000000126e+01,nan,nan,nan,2.000000000000000000e+01,nan,nan,nan,nan,nan,nan,nan,nan,nan,nan,nan,nan,1.442187500000000000e+01,1.679687500000000000e+01,1.600000000000000000e+01,1.200000000000000000e+01,2.070312500000000000e+01,2.100000000000000000e+01,2.000000000000000000e+01,1.400000000000000000e+01,2.000000000000000000e+01,1.679687500000000000e+01,1.000000000000000000e+01,1.800000000000000000e+01,1.100000000000000000e+01,9.000000000000000000e+00,nan,nan,7.031250000000000000e+00,nan,nan,1.100000000000000000e+01,1.900000000000000000e+01,nan
nan,nan,nan,nan,nan,nan,1.700000000000000000e+01,nan,2.085156200000000126e+01,2.307226599999999905e+01,nan,nan,nan,nan,nan,nan,nan,nan,nan,nan,nan,nan,nan,nan,nan,nan,nan,nan,nan,nan,nan,nan,nan,nan,nan,nan,nan,nan,nan,nan,nan,nan,nan,nan,nan,nan,nan,nan,nan,nan,4.101562000000000374e+00,nan,nan,nan,nan,nan,2.070312500000000000e+01,nan,nan,nan,nan,nan,nan,nan,1.386718800000000051e+01,1.777343799999999874e+01,1.500000000000000000e+01,nan,1.900000000000000000e+01,1.900000000000000000e+01,1.100000000000000000e+01,1.100000000000000000e+01,7.031250000000000000e+00,1.100000000000000000e+01,1.100000000000000000e+01,1.093750000000000000e+01,1.484375000000000000e+01,1.400000000000000000e+01,1.093750000000000000e+01,1.500000000000000000e+01,1.400000000000000000e+01,1.875000000000000000e+01,1.900000000000000000e+01,1.289062500000000000e+01,1.200000000000000000e+01,2.000000000000000000e+01,2.500000000000000000e+01,1.500000000000000000e+01,1.200000000000000000e+01,1.500000000000000000e+01,1.800000000000000000e+01,nan,nan,nan,2.100000000000000000e+01,nan,nan,nan,nan,nan,nan,nan,nan,nan,nan,nan,nan,6.039062000000000374e+00,nan,1.350000000000000000e+01,1.400000000000000000e+01,1.393359399999999937e+01,1.689843799999999874e+01,1.800000000000000000e+01,1.728515600000000063e+01,1.800000000000000000e+01,1.800000000000000000e+01,1.639843799999999874e+01,1.600000000000000000e+01,1.500000000000000000e+01,1.516601600000000083e+01,nan,nan,nan,nan,nan,1.484375000000000000e+01,1.000000000000000000e+01,nan
nan,nan,nan,nan,nan,nan,nan,nan,nan,nan,nan,nan,nan,nan,nan,nan,nan,nan,nan,nan,nan,nan,nan,nan,nan,nan,nan,nan,nan,nan,nan,nan,nan,nan,nan,nan,nan,nan,nan,nan,nan,nan,nan,nan,nan,nan,nan,nan,nan,nan,nan,nan,nan,nan,nan,nan,nan,nan,nan,nan,nan,nan,nan,nan,1.300000000000000000e+01,1.093750000000000000e+01,1.093750000000000000e+01,nan,1.100000000000000000e+01,1.400000000000000000e+01,1.093750000000000000e+01,1.400000000000000000e+01,1.200000000000000000e+01,6.000000000000000000e+00,1.093750000000000000e+01,1.800000000000000000e+01,2.200000000000000000e+01,nan,1.800000000000000000e+01,1.600000000000000000e+01,nan,nan,nan,1.100000000000000000e+01,1.600000000000000000e+01,nan,nan,nan,nan,nan,nan,nan,nan,nan,nan,nan,nan,nan,nan,nan,nan,nan,nan,nan,nan,nan,nan,nan,nan,nan,nan,nan,nan,nan,1.986328100000000063e+01,nan,9.750000000000000000e+00,1.689843799999999874e+01,nan,nan,1.875000000000000000e+01,nan,nan,nan,nan,nan,nan,nan,nan
nan,nan,nan,nan,1.900000000000000000e+01,nan,nan,nan,nan,2.241210900000000095e+01,1.300000000000000000e+01,nan,nan,nan,nan,nan,nan,nan,nan,1.300000000000000000e+01,nan,nan,nan,nan,nan,nan,nan,nan,nan,nan,nan,nan,nan,nan,nan,nan,nan,nan,nan,nan,nan,nan,nan,nan,nan,nan,nan,nan,nan,nan,nan,nan,nan,nan,nan,nan,nan,nan,nan,nan,nan,nan,nan,nan,1.700000000000000000e+01,1.700000000000000000e+01,1.800000000000000000e+01,nan,1.400000000000000000e+01,1.600000000000000000e+01,1.679687500000000000e+01,1.800000000000000000e+01,1.289062500000000000e+01,1.300000000000000000e+01,8.000000000000000000e+00,1.300000000000000000e+01,1.700000000000000000e+01,1.875000000000000000e+01,1.900000000000000000e+01,1.788671899999999937e+01,nan,nan,nan,1.200000000000000000e+01,1.200000000000000000e+01,1.850000000000000000e+01,2.000000000000000000e+01,nan,nan,nan,nan,nan,nan,nan,nan,nan,nan,nan,nan,nan,nan,nan,nan,nan,nan,nan,nan,nan,nan,nan,nan,2.600000000000000000e+01,nan,2.650000000000000000e+01,2.300000000000000000e+01,nan,nan,2.200000000000000000e+01,nan,nan,1.900000000000000000e+01,nan,1.400000000000000000e+01,nan,nan,nan,nan,2.600000000000000000e+01,nan
nan,nan,nan,nan,nan,nan,nan,nan,nan,nan,nan,1.093750000000000000e+01,8.000000000000000000e+00,nan,nan,nan,nan,nan,nan,nan,1.100000000000000000e+01,nan,nan,nan,nan,nan,nan,nan,nan,nan,nan,nan,nan,nan,nan,nan,nan,nan,nan,nan,nan,nan,nan,nan,nan,nan,nan,nan,nan,nan,nan,nan,nan,nan,nan,nan,nan,nan,nan,nan,nan,nan,nan,nan,2.000000000000000000e+01,2.500000000000000000e+01,2.628125000000000000e+01,nan,2.300000000000000000e+01,2.200000000000000000e+01,2.000000000000000000e+01,1.679687500000000000e+01,1.100000000000000000e+01,2.167968799999999874e+01,1.200000000000000000e+01,6.000000000000000000e+00,1.000000000000000000e+01,1.289062500000000000e+01,1.200000000000000000e+01,1.986328100000000063e+01,1.600000000000000000e+01,1.875000000000000000e+01,nan,1.500000000000000000e+01,9.000000000000000000e+00,1.679687500000000000e+01,2.150000000000000000e+01,2.460937500000000000e+01,nan,nan,nan,nan,nan,nan,nan,nan,nan,nan,nan,nan,nan,nan,nan,nan,nan,nan,nan,nan,nan,nan,nan,nan,nan,nan,2.200000000000000000e+01,nan,nan,2.100000000000000000e+01,nan,1.777343799999999874e+01,1.700000000000000000e+01,nan,nan,nan,nan,nan,nan,2.949218799999999874e+01,nan
nan,nan,nan,nan,nan,nan,nan,nan,nan,nan,nan,1.244531199999999949e+01,7.000000000000000000e+00,8.000000000000000000e+00,2.050000000000000000e+01,nan,nan,nan,nan,nan,9.500000000000000000e+00,7.000000000000000000e+00,nan,nan,nan,nan,nan,nan,nan,nan,nan,nan,nan,nan,nan,nan,nan,nan,nan,nan,nan,nan,nan,nan,nan,nan,nan,nan,nan,nan,nan,nan,nan,nan,nan,nan,nan,nan,nan,nan,nan,nan,nan,nan,1.582031199999999949e+01,3.200000000000000000e+01,2.350000000000000000e+01,nan,2.900000000000000000e+01,2.656250000000000000e+01,2.300000000000000000e+01,1.800000000000000000e+01,1.500000000000000000e+01,2.400000000000000000e+01,1.600000000000000000e+01,9.000000000000000000e+00,5.078125000000000000e+00,6.000000000000000000e+00,1.000000000000000000e+01,1.600000000000000000e+01,1.093750000000000000e+01,7.000000000000000000e+00,7.000000000000000000e+00,1.900000000000000000e+01,7.759765999999999941e+00,7.031250000000000000e+00,1.400000000000000000e+01,1.484375000000000000e+01,1.600000000000000000e+01,1.655273400000000095e+01,1.700000000000000000e+01,1.484375000000000000e+01,nan,nan,nan,nan,nan,nan,1.679687500000000000e+01,nan,nan,nan,nan,nan,nan,nan,nan,nan,nan,nan,nan,nan,nan,nan,nan,nan,nan,nan,nan,1.700000000000000000e+01,1.875000000000000000e+01,nan,nan,nan,nan,nan,nan,2.974609399999999937e+01,nan
nan,nan,nan,nan,nan,nan,nan,nan,nan,nan,nan,nan,1.800000000000000000e+01,1.000000000000000000e+01,nan,nan,nan,nan,nan,nan,nan,nan,nan,nan,nan,nan,nan,nan,nan,nan,nan,nan,nan,nan,nan,nan,nan,nan,nan,nan,nan,nan,nan,nan,nan,nan,nan,nan,nan,nan,nan,nan,nan,nan,nan,nan,nan,nan,nan,nan,nan,nan,nan,nan,nan,2.000000000000000000e+01,nan,nan,nan,nan,2.100000000000000000e+01,1.400000000000000000e+01,1.400000000000000000e+01,2.050000000000000000e+01,1.900000000000000000e+01,1.100000000000000000e+01,5.000000000000000000e+00,4.000000000000000000e+00,7.000000000000000000e+00,1.591015600000000063e+01,7.031250000000000000e+00,5.078125000000000000e+00,8.984375000000000000e+00,nan,1.100000000000000000e+01,9.000000000000000000e+00,nan,1.400000000000000000e+01,1.484375000000000000e+01,nan,1.591015600000000063e+01,1.600000000000000000e+01,nan,nan,nan,nan,nan,nan,1.900000000000000000e+01,nan,nan,nan,nan,nan,nan,nan,nan,nan,nan,nan,nan,nan,nan,nan,nan,nan,nan,nan,nan,1.875000000000000000e+01,nan,nan,nan,nan,nan,nan,nan,nan,nan
nan,nan,nan,nan,nan,nan,nan,nan,nan,nan,nan,nan,2.100000000000000000e+01,nan,1.800000000000000000e+01,nan,nan,nan,nan,nan,nan,nan,nan,nan,nan,nan,nan,nan,nan,nan,nan,nan,nan,nan,nan,nan,nan,nan,nan,nan,nan,nan,nan,nan,nan,nan,nan,nan,nan,nan,nan,nan,nan,nan,nan,nan,nan,nan,nan,nan,nan,nan,nan,nan,2.070312500000000000e+01,2.400000000000000000e+01,2.300000000000000000e+01,nan,2.676953100000000063e+01,2.700000000000000000e+01,1.679687500000000000e+01,1.100000000000000000e+01,1.100000000000000000e+01,1.972656200000000126e+01,1.900000000000000000e+01,1.093750000000000000e+01,8.984375000000000000e+00,7.031250000000000000e+00,4.000000000000000000e+00,1.200000000000000000e+01,7.000000000000000000e+00,7.031250000000000000e+00,1.200000000000000000e+01,1.400000000000000000e+01,1.000000000000000000e+01,1.100000000000000000e+01,2.070312500000000000e+01,1.100000000000000000e+01,1.093750000000000000e+01,1.900000000000000000e+01,1.500000000000000000e+01,1.900000000000000000e+01,2.070312500000000000e+01,2.200000000000000000e+01,1.900000000000000000e+01,2.000000000000000000e+01,nan,2.100000000000000000e+01,1.900000000000000000e+01,nan,nan,nan,nan,nan,nan,nan,nan,nan,nan,nan,nan,nan,nan,2.400000000000000000e+01,2.300000000000000000e+01,2.300000000000000000e+01,2.300000000000000000e+01,1.650000000000000000e+01,nan,1.300000000000000000e+01,1.600000000000000000e+01,nan,nan,nan,nan,nan,nan,3.000000000000000000e+01,nan
nan,nan,nan,nan,nan,nan,nan,2.265625000000000000e+01,nan,nan,nan,nan,nan,nan,nan,1.875000000000000000e+01,nan,nan,nan,nan,nan,nan,nan,nan,nan,nan,nan,nan,nan,nan,nan,nan,nan,nan,nan,nan,nan,nan,nan,nan,nan,nan,nan,nan,nan,nan,nan,nan,nan,nan,nan,nan,nan,nan,nan,2.460937500000000000e+01,nan,nan,nan,nan,nan,nan,nan,nan,1.679687500000000000e+01,2.100000000000000000e+01,1.400000000000000000e+01,nan,nan,nan,1.200000000000000000e+01,7.031250000000000000e+00,1.289062500000000000e+01,1.093750000000000000e+01,1.500000000000000000e+01,1.500000000000000000e+01,1.300000000000000000e+01,1.700000000000000000e+01,1.093750000000000000e+01,4.000000000000000000e+00,9.960938000000000514e+00,1.400000000000000000e+01,1.875000000000000000e+01,nan,1.600000000000000000e+01,1.500000000000000000e+01,nan,7.031250000000000000e+00,1.639843799999999874e+01,1.600000000000000000e+01,1.484375000000000000e+01,2.000000000000000000e+01,nan,nan,2.000000000000000000e+01,nan,nan,nan,1.923828100000000063e+01,nan,nan,nan,nan,nan,nan,nan,nan,1.200000000000000000e+01,1.244531199999999949e+01,1.300000000000000000e+01,1.400000000000000000e+01,1.400000000000000000e+01,1.700000000000000000e+01,1.550000000000000000e+01,1.000000000000000000e+01,1.600000000000000000e+01,1.200000000000000000e+01,9.000000000000000000e+00,1.300000000000000000e+01,9.228516000000000830e+00,1.093750000000000000e+01,nan,nan,1.093750000000000000e+01,nan,nan,1.400000000000000000e+01,1.300000000000000000e+01,nan
nan,nan,nan,nan,nan,nan,nan,nan,nan,nan,nan,nan,nan,nan,nan,nan,1.400000000000000000e+01,nan,nan,nan,nan,nan,nan,nan,nan,nan,nan,nan,nan,nan,nan,nan,nan,nan,nan,nan,nan,nan,nan,nan,nan,nan,nan,nan,nan,nan,nan,nan,nan,nan,nan,nan,nan,nan,nan,nan,nan,nan,nan,nan,nan,nan,nan,nan,nan,nan,nan,nan,nan,nan,1.700000000000000000e+01,1.294531199999999949e+01,1.400000000000000000e+01,9.000000000000000000e+00,1.200000000000000000e+01,1.738671899999999937e+01,8.000000000000000000e+00,8.000000000000000000e+00,5.078125000000000000e+00,9.000000000000000000e+00,2.148438000000000070e+00,5.000000000000000000e+00,9.000000000000000000e+00,1.000000000000000000e+01,1.200000000000000000e+01,9.000000000000000000e+00,nan,9.000000000000000000e+00,7.031250000000000000e+00,8.984375000000000000e+00,1.191406199999999949e+01,1.093750000000000000e+01,1.442187500000000000e+01,nan,1.300000000000000000e+01,nan,nan,1.550000000000000000e+01,1.700000000000000000e+01,nan,nan,nan,nan,nan,nan,nan,nan,nan,nan,nan,nan,nan,nan,nan,1.837500000000000000e+01,1.900000000000000000e+01,1.800000000000000000e+01,1.679687500000000000e+01,2.000000000000000000e+01,1.093750000000000000e+01,1.900000000000000000e+01,nan,nan,nan,nan,nan,nan,2.430468799999999874e+01,nan
nan,nan,nan,nan,nan,nan,nan,nan,nan,nan,nan,nan,1.500000000000000000e+01,nan,nan,nan,nan,9.000000000000000000e+00,nan,nan,nan,nan,nan,nan,nan,nan,nan,nan,nan,nan,nan,nan,nan,nan,nan,nan,nan,nan,nan,nan,nan,nan,nan,nan,nan,nan,nan,nan,nan,nan,nan,nan,nan,nan,nan,nan,nan,nan,nan,nan,nan,nan,nan,nan,nan,nan,nan,nan,nan,nan,9.000000000000000000e+00,2.100000000000000000e+01,2.100000000000000000e+01,nan,1.200000000000000000e+01,1.200000000000000000e+01,8.000000000000000000e+00,6.000000000000000000e+00,7.031250000000000000e+00,1.386718800000000051e+01,5.078125000000000000e+00,2.000000000000000000e+00,3.000000000000000000e+00,nan,1.484375000000000000e+01,8.000000000000000000e+00,1.650000000000000000e+01,1.200000000000000000e+01,7.031250000000000000e+00,9.980468999999999369e+00,1.244531199999999949e+01,8.984375000000000000e+00,1.200000000000000000e+01,nan,1.484375000000000000e+01,nan,nan,1.200000000000000000e+01,1.300000000000000000e+01,nan,nan,nan,nan,nan,nan,nan,nan,nan,nan,nan,nan,nan,nan,nan,nan,nan,nan,nan,nan,1.582031199999999949e+01,nan,nan,nan,1.289062500000000000e+01,nan,nan,nan,nan,nan
nan,nan,nan,nan,nan,nan,nan,nan,nan,nan,nan,nan,nan,nan,nan,nan,nan,nan,nan,nan,nan,nan,nan,nan,nan,nan,nan,nan,nan,nan,nan,nan,nan,nan,nan,nan,nan,nan,nan,nan,nan,nan,nan,nan,nan,nan,nan,nan,nan,nan,nan,nan,nan,nan,nan,nan,nan,nan,nan,nan,nan,nan,nan,nan,nan,nan,nan,nan,nan,nan,nan,2.250000000000000000e+01,2.600000000000000000e+01,nan,nan,1.972656200000000126e+01,6.000000000000000000e+00,6.000000000000000000e+00,1.100000000000000000e+01,1.093750000000000000e+01,7.515625000000000000e+00,3.000000000000000000e+00,1.171875000000000000e+00,nan,9.000000000000000000e+00,5.000000000000000000e+00,1.000000000000000000e+01,1.484375000000000000e+01,8.000000000000000000e+00,1.289062500000000000e+01,1.100000000000000000e+01,8.000000000000000000e+00,1.200000000000000000e+01,nan,1.350000000000000000e+01,nan,nan,1.000000000000000000e+01,8.496093999999999369e+00,nan,nan,nan,nan,nan,nan,nan,nan,nan,nan,nan,nan,nan,nan,nan,1.937500000000000000e+01,nan,2.100000000000000000e+01,nan,nan,1.289062500000000000e+01,nan,nan,nan,nan,nan,nan,nan,nan,nan
nan,nan,nan,nan,1.300000000000000000e+01,1.899414099999999905e+01,nan,nan,nan,nan,1.400000000000000000e+01,nan,nan,nan,nan,nan,nan,nan,nan,1.200000000000000000e+01,2.050000000000000000e+01,nan,nan,nan,nan,nan,nan,nan,nan,nan,nan,nan,nan,nan,nan,nan,nan,nan,nan,nan,nan,nan,nan,nan,nan,nan,nan,nan,nan,nan,nan,nan,nan,nan,nan,nan,nan,nan,nan,nan,nan,nan,nan,nan,1.600000000000000000e+01,1.500000000000000000e+01,1.600000000000000000e+01,nan,1.100000000000000000e+01,1.300000000000000000e+01,1.500000000000000000e+01,1.777343799999999874e+01,1.500000000000000000e+01,1.484375000000000000e+01,1.300000000000000000e+01,1.875000000000000000e+01,1.800000000000000000e+01,nan,1.400000000000000000e+01,nan,nan,nan,nan,8.000000000000000000e+00,1.200000000000000000e+01,1.400000000000000000e+01,nan,nan,nan,nan,nan,nan,nan,nan,nan,nan,nan,nan,nan,nan,nan,nan,nan,nan,nan,nan,nan,nan,nan,2.460937500000000000e+01,2.500000000000000000e+01,nan,nan,nan,2.200000000000000000e+01,nan,nan,2.265625000000000000e+01,nan,1.972656200000000126e+01,2.070312500000000000e+01,nan,nan,nan,nan,nan,2.000000000000000000e+01,1.985156200000000126e+01,nan
nan,nan,nan,nan,nan,nan,nan,nan,nan,nan,nan,nan,1.400000000000000000e+01,nan,nan,nan,nan,nan,nan,nan,7.000000000000000000e+00,nan,nan,nan,nan,nan,nan,nan,nan,nan,nan,nan,nan,nan,nan,nan,nan,nan,nan,nan,nan,nan,nan,nan,nan,nan,nan,nan,nan,nan,nan,nan,nan,nan,nan,nan,nan,nan,nan,nan,nan,nan,nan,nan,1.986328100000000063e+01,1.850585900000000095e+01,2.850000000000000000e+01,nan,1.200000000000000000e+01,1.294531199999999949e+01,2.150000000000000000e+01,1.800000000000000000e+01,1.500000000000000000e+01,2.100000000000000000e+01,1.200000000000000000e+01,1.000000000000000000e+01,1.100000000000000000e+01,1.400000000000000000e+01,1.300000000000000000e+01,1.800000000000000000e+01,1.582031199999999949e+01,1.400000000000000000e+01,1.400000000000000000e+01,1.100000000000000000e+01,5.000000000000000000e+00,8.000000000000000000e+00,1.220117199999999968e+01,1.800000000000000000e+01,nan,nan,nan,nan,nan,nan,nan,nan,nan,nan,nan,nan,nan,nan,nan,nan,nan,nan,nan,nan,nan,nan,nan,nan,nan,nan,1.300000000000000000e+01,nan,nan,2.100000000000000000e+01,nan,2.000000000000000000e+01,1.800000000000000000e+01,nan,nan,nan,nan,nan,nan,2.050000000000000000e+01,nan
nan,nan,nan,nan,nan,nan,nan,nan,nan,nan,nan,nan,1.100000000000000000e+01,nan,nan,nan,nan,nan,9.960938000000000514e+00,nan,7.759765999999999941e+00,7.000000000000000000e+00,nan,nan,nan,nan,nan,nan,nan,nan,nan,nan,nan,nan,nan,nan,nan,nan,nan,nan,nan,nan,nan,nan,nan,nan,nan,nan,nan,nan,nan,nan,nan,nan,nan,nan,nan,nan,nan,nan,nan,nan,nan,nan,1.368945300000000032e+01,1.400000000000000000e+01,nan,nan,1.300000000000000000e+01,1.300000000000000000e+01,2.750000000000000000e+01,2.500000000000000000e+01,2.558593799999999874e+01,2.550000000000000000e+01,1.400000000000000000e+01,1.900000000000000000e+01,7.031250000000000000e+00,9.000000000000000000e+00,1.500000000000000000e+01,1.800000000000000000e+01,1.000000000000000000e+01,8.007811999999999486e+00,7.000000000000000000e+00,1.200000000000000000e+01,7.000000000000000000e+00,3.125000000000000000e+00,8.000000000000000000e+00,1.700000000000000000e+01,1.000000000000000000e+01,1.000000000000000000e+01,1.200000000000000000e+01,8.984375000000000000e+00,1.200000000000000000e+01,1.300000000000000000e+01,1.600000000000000000e+01,1.400000000000000000e+01,1.650000000000000000e+01,1.200000000000000000e+01,1.000000000000000000e+01,nan,nan,nan,nan,nan,nan,nan,nan,1.700000000000000000e+01,1.900000000000000000e+01,2.350000000000000000e+01,nan,nan,nan,1.046875000000000000e+01,1.300000000000000000e+01,nan,1.689843799999999874e+01,1.800000000000000000e+01,1.600000000000000000e+01,1.689843799999999874e+01,2.282812500000000000e+01,nan,nan,nan,nan,nan,nan,2.200000000000000000e+01,nan
nan,nan,nan,nan,nan,nan,nan,nan,nan,nan,nan,nan,nan,nan,nan,nan,nan,nan,nan,nan,nan,nan,5.539062000000000374e+00,nan,nan,nan,nan,nan,nan,nan,nan,nan,nan,7.000000000000000000e+00,nan,nan,nan,nan,nan,nan,nan,nan,nan,nan,nan,nan,nan,nan,nan,nan,nan,nan,nan,nan,nan,nan,nan,nan,nan,nan,nan,nan,nan,nan,nan,nan,nan,nan,1.093750000000000000e+01,1.550000000000000000e+01,1.700000000000000000e+01,nan,2.550000000000000000e+01,nan,1.096875000000000000e+01,1.700000000000000000e+01,1.093750000000000000e+01,nan,nan,nan,nan,nan,1.400000000000000000e+01,1.492187500000000000e+01,1.100000000000000000e+01,8.000000000000000000e+00,4.000000000000000000e+00,1.000000000000000000e+01,nan,1.100000000000000000e+01,1.000000000000000000e+01,8.984375000000000000e+00,1.100000000000000000e+01,1.500000000000000000e+01,1.100000000000000000e+01,1.100000000000000000e+01,1.000000000000000000e+01,8.007811999999999486e+00,9.000000000000000000e+00,1.350000000000000000e+01,1.200000000000000000e+01,nan,nan,1.600000000000000000e+01,nan,1.100000000000000000e+01,1.400000000000000000e+01,1.679687500000000000e+01,1.289062500000000000e+01,2.100000000000000000e+01,nan,1.600000000000000000e+01,1.500000000000000000e+01,1.500000000000000000e+01,1.500000000000000000e+01,1.200000000000000000e+01,1.400000000000000000e+01,1.600000000000000000e+01,8.000000000000000000e+00,8.000000000000000000e+00,nan,nan,nan,nan,nan,nan,1.700000000000000000e+01,1.875000000000000000e+01,nan
nan,nan,nan,nan,nan,nan,nan,nan,nan,nan,nan,nan,nan,nan,nan,1.484375000000000000e+01,nan,nan,nan,nan,nan,nan,nan,1.700000000000000000e+01,nan,nan,nan,nan,nan,nan,nan,nan,nan,nan,nan,nan,nan,nan,nan,nan,nan,nan,nan,nan,nan,nan,nan,nan,nan,nan,nan,nan,nan,nan,nan,1.900000000000000000e+01,nan,nan,nan,nan,nan,nan,nan,nan,2.200000000000000000e+01,1.900000000000000000e+01,nan,nan,nan,nan,1.679687500000000000e+01,1.100000000000000000e+01,1.500000000000000000e+01,nan,nan,1.800000000000000000e+01,1.000000000000000000e+01,1.582031199999999949e+01,1.100000000000000000e+01,6.000000000000000000e+00,8.007811999999999486e+00,1.000000000000000000e+01,1.100000000000000000e+01,nan,1.300000000000000000e+01,1.200000000000000000e+01,nan,3.125000000000000000e+00,1.100000000000000000e+01,9.000000000000000000e+00,7.031250000000000000e+00,1.093750000000000000e+01,1.800000000000000000e+01,9.500000000000000000e+00,1.100000000000000000e+01,nan,nan,1.093750000000000000e+01,1.200000000000000000e+01,nan,nan,nan,nan,nan,nan,nan,nan,1.093750000000000000e+01,1.100000000000000000e+01,nan,nan,9.000000000000000000e+00,1.200000000000000000e+01,1.000000000000000000e+01,1.093750000000000000e+01,1.000000000000000000e+01,8.000000000000000000e+00,1.125000000000000000e+01,9.000000000000000000e+00,8.000000000000000000e+00,1.300000000000000000e+01,nan,nan,7.031250000000000000e+00,nan,nan,1.200000000000000000e+01,1.200000000000000000e+01,nan
nan,nan,nan,nan,nan,nan,nan,nan,nan,nan,nan,nan,nan,nan,nan,nan,nan,nan,nan,nan,nan,nan,nan,nan,1.500000000000000000e+01,nan,nan,nan,nan,nan,nan,nan,nan,nan,nan,nan,nan,nan,nan,nan,nan,nan,nan,nan,nan,nan,nan,nan,nan,nan,nan,nan,nan,nan,nan,nan,nan,nan,nan,nan,nan,nan,nan,nan,nan,nan,nan,nan,nan,nan,nan,1.484375000000000000e+01,1.500000000000000000e+01,nan,nan,2.070312500000000000e+01,1.000000000000000000e+01,1.093750000000000000e+01,1.093750000000000000e+01,9.000000000000000000e+00,5.000000000000000000e+00,3.125000000000000000e+00,5.078125000000000000e+00,nan,1.800000000000000000e+01,8.984375000000000000e+00,1.100000000000000000e+01,1.093750000000000000e+01,3.125000000000000000e+00,8.984375000000000000e+00,8.000000000000000000e+00,6.000000000000000000e+00,9.000000000000000000e+00,1.972656200000000126e+01,1.200000000000000000e+01,nan,nan,nan,8.984375000000000000e+00,nan,nan,nan,nan,nan,nan,nan,nan,nan,nan,nan,nan,nan,nan,nan,nan,1.533203100000000063e+01,1.300000000000000000e+01,1.886328100000000063e+01,1.700000000000000000e+01,1.191406199999999949e+01,2.200000000000000000e+01,nan,nan,nan,nan,nan,nan,nan,nan
nan,nan,nan,nan,nan,nan,nan,nan,nan,nan,nan,nan,nan,nan,nan,nan,nan,nan,nan,nan,nan,nan,nan,nan,nan,nan,nan,nan,nan,nan,3.125000000000000000e+00,nan,nan,nan,nan,nan,nan,nan,nan,nan,nan,nan,nan,nan,nan,nan,nan,nan,nan,nan,nan,nan,nan,nan,nan,nan,nan,nan,nan,nan,nan,nan,nan,nan,nan,nan,nan,nan,nan,nan,2.700000000000000000e+01,1.788671899999999937e+01,1.900000000000000000e+01,nan,nan,nan,1.679687500000000000e+01,2.200000000000000000e+01,1.700000000000000000e+01,1.600000000000000000e+01,1.200000000000000000e+01,1.289062500000000000e+01,1.500000000000000000e+01,nan,nan,1.500000000000000000e+01,1.200000000000000000e+01,1.300000000000000000e+01,9.980468999999999369e+00,5.000000000000000000e+00,7.031250000000000000e+00,7.000000000000000000e+00,1.100000000000000000e+01,7.759765999999999941e+00,9.000000000000000000e+00,9.000000000000000000e+00,9.000000000000000000e+00,1.100000000000000000e+01,1.400000000000000000e+01,nan,nan,nan,nan,1.550000000000000000e+01,nan,6.054687999999999626e+00,nan,5.078125000000000000e+00,1.300000000000000000e+01,nan,nan,1.679687500000000000e+01,1.289062500000000000e+01,1.300000000000000000e+01,1.393359399999999937e+01,1.000000000000000000e+01,1.400000000000000000e+01,1.600000000000000000e+01,1.300000000000000000e+01,1.300000000000000000e+01,2.000000000000000000e+01,nan,nan,nan,nan,nan,nan,1.300000000000000000e+01,nan
nan,nan,nan,nan,nan,nan,nan,nan,nan,nan,nan,nan,nan,nan,nan,nan,nan,nan,nan,nan,nan,nan,nan,nan,nan,nan,nan,nan,nan,nan,nan,nan,nan,nan,nan,nan,nan,nan,nan,nan,nan,nan,nan,nan,nan,nan,nan,nan,nan,nan,nan,nan,nan,nan,nan,nan,nan,nan,nan,nan,nan,nan,nan,nan,2.200000000000000000e+01,2.678125000000000000e+01,nan,nan,nan,nan,1.986328100000000063e+01,1.600000000000000000e+01,2.200000000000000000e+01,2.000000000000000000e+01,nan,nan,1.679687500000000000e+01,2.100000000000000000e+01,1.289062500000000000e+01,1.100000000000000000e+01,1.100000000000000000e+01,1.500000000000000000e+01,1.400000000000000000e+01,nan,1.450000000000000000e+01,1.400000000000000000e+01,1.000000000000000000e+01,9.000000000000000000e+00,1.093750000000000000e+01,8.000000000000000000e+00,6.054687999999999626e+00,1.100000000000000000e+01,1.400000000000000000e+01,1.500000000000000000e+01,1.000000000000000000e+01,1.300000000000000000e+01,1.100000000000000000e+01,1.300000000000000000e+01,1.600000000000000000e+01,nan,nan,nan,nan,1.393359399999999937e+01,nan,7.000000000000000000e+00,1.300000000000000000e+01,1.195703100000000063e+01,1.300000000000000000e+01,2.558593799999999874e+01,nan,1.500000000000000000e+01,1.400000000000000000e+01,1.093750000000000000e+01,1.300000000000000000e+01,1.000000000000000000e+01,9.000000000000000000e+00,1.400000000000000000e+01,9.000000000000000000e+00,1.000000000000000000e+01,1.289062500000000000e+01,nan,nan,7.031250000000000000e+00,nan,nan,1.484375000000000000e+01,1.300000000000000000e+01,nan
nan,nan,nan,nan,nan,nan,nan,nan,nan,nan,nan,nan,nan,nan,nan,nan,nan,nan,nan,nan,nan,nan,nan,nan,nan,nan,nan,nan,nan,nan,nan,nan,nan,nan,nan,nan,nan,nan,nan,nan,nan,nan,nan,nan,nan,nan,nan,nan,nan,nan,nan,nan,nan,nan,nan,nan,nan,nan,nan,nan,nan,nan,nan,nan,nan,nan,nan,nan,nan,nan,nan,nan,2.200000000000000000e+01,nan,nan,nan,1.500000000000000000e+01,1.300000000000000000e+01,1.300000000000000000e+01,1.294531199999999949e+01,1.093750000000000000e+01,8.984375000000000000e+00,7.031250000000000000e+00,nan,nan,1.000000000000000000e+01,1.046875000000000000e+01,1.625000000000000000e+01,7.000000000000000000e+00,7.031250000000000000e+00,1.093750000000000000e+01,3.000000000000000000e+00,8.984375000000000000e+00,1.145703100000000063e+01,7.000000000000000000e+00,8.984375000000000000e+00,1.300000000000000000e+01,1.000000000000000000e+01,7.031250000000000000e+00,nan,nan,nan,nan,nan,nan,nan,nan,nan,nan,nan,nan,nan,1.300000000000000000e+01,1.500000000000000000e+01,8.007811999999999486e+00,1.100000000000000000e+01,1.300000000000000000e+01,nan,nan,9.960938000000000514e+00,nan,nan,nan,nan,nan,nan,nan,nan,nan
nan,nan,nan,nan,nan,nan,nan,nan,nan,nan,nan,nan,nan,nan,nan,nan,nan,nan,nan,nan,nan,nan,nan,nan,nan,nan,nan,nan,nan,nan,nan,nan,nan,nan,nan,nan,nan,nan,nan,nan,nan,nan,nan,nan,nan,nan,nan,nan,nan,nan,nan,nan,nan,nan,nan,nan,nan,nan,nan,nan,nan,nan,nan,nan,nan,nan,nan,nan,nan,nan,nan,nan,nan,nan,nan,nan,nan,8.500000000000000000e+00,1.484375000000000000e+01,nan,nan,1.100000000000000000e+01,1.484375000000000000e+01,nan,nan,1.200000000000000000e+01,9.000000000000000000e+00,nan,1.484375000000000000e+01,1.093750000000000000e+01,1.777343799999999874e+01,5.078125000000000000e+00,3.000000000000000000e+00,8.000000000000000000e+00,7.000000000000000000e+00,8.000000000000000000e+00,1.700000000000000000e+01,9.000000000000000000e+00,7.000000000000000000e+00,nan,nan,nan,nan,nan,nan,nan,nan,nan,nan,nan,nan,nan,1.046875000000000000e+01,6.054687999999999626e+00,nan,nan,nan,nan,nan,nan,nan,nan,nan,nan,nan,nan,nan,nan,nan
nan,nan,nan,nan,nan,nan,nan,nan,nan,nan,nan,nan,nan,nan,nan,nan,nan,nan,nan,nan,nan,nan,nan,nan,nan,nan,nan,nan,nan,nan,nan,nan,nan,nan,nan,nan,nan,nan,nan,nan,nan,nan,nan,nan,nan,nan,nan,nan,nan,nan,nan,nan,nan,nan,nan,nan,nan,nan,nan,nan,nan,nan,nan,nan,nan,nan,nan,nan,nan,nan,nan,nan,nan,nan,nan,nan,nan,nan,nan,nan,nan,nan,nan,nan,nan,nan,1.250000000000000000e+01,nan,nan,2.509765600000000063e+01,1.484375000000000000e+01,1.250000000000000000e+01,8.007811999999999486e+00,4.000000000000000000e+00,9.500000000000000000e+00,7.000000000000000000e+00,8.984375000000000000e+00,6.527344000000000257e+00,1.200000000000000000e+01,8.007811999999999486e+00,9.500000000000000000e+00,8.000000000000000000e+00,nan,1.000000000000000000e+01,1.100000000000000000e+01,1.393359399999999937e+01,1.343359399999999937e+01,nan,nan,nan,nan,nan,1.289062500000000000e+01,1.093750000000000000e+01,nan,1.100000000000000000e+01,nan,nan,nan,nan,nan,nan,nan,nan,nan,nan,nan,nan,nan
nan,nan,nan,nan,nan,nan,nan,nan,nan,nan,nan,nan,nan,nan,nan,nan,nan,nan,nan,nan,nan,nan,nan,nan,nan,nan,nan,nan,nan,nan,nan,nan,nan,nan,nan,nan,nan,nan,nan,nan,nan,nan,nan,nan,nan,nan,nan,nan,nan,nan,nan,nan,nan,nan,nan,nan,nan,nan,nan,nan,nan,nan,nan,nan,nan,nan,nan,nan,nan,nan,3.000000000000000000e+01,2.167968799999999874e+01,1.900000000000000000e+01,nan,nan,nan,nan,nan,1.800000000000000000e+01,2.460937500000000000e+01,1.250000000000000000e+01,nan,nan,nan,nan,1.700000000000000000e+01,1.200000000000000000e+01,1.700000000000000000e+01,nan,8.000000000000000000e+00,1.100000000000000000e+01,8.000000000000000000e+00,8.000000000000000000e+00,1.093750000000000000e+01,7.000000000000000000e+00,7.031250000000000000e+00,8.984375000000000000e+00,1.000000000000000000e+01,1.300000000000000000e+01,nan,8.000000000000000000e+00,nan,7.000000000000000000e+00,6.000000000000000000e+00,nan,7.031250000000000000e+00,8.000000000000000000e+00,1.093750000000000000e+01,1.096875000000000000e+01,nan,nan,1.100000000000000000e+01,1.200000000000000000e+01,1.100000000000000000e+01,1.300000000000000000e+01,9.000000000000000000e+00,1.393359399999999937e+01,1.600000000000000000e+01,1.700000000000000000e+01,1.350000000000000000e+01,1.600000000000000000e+01,nan,nan,nan,nan,nan,2.148438000000000070e+00,1.900000000000000000e+01,nan
nan,nan,nan,nan,nan,nan,nan,nan,nan,nan,nan,nan,nan,nan,nan,nan,nan,nan,nan,nan,nan,nan,nan,nan,nan,nan,nan,nan,nan,nan,nan,nan,nan,nan,nan,nan,nan,nan,nan,nan,nan,nan,nan,nan,nan,nan,nan,nan,nan,nan,nan,nan,nan,nan,nan,nan,nan,nan,nan,nan,nan,nan,nan,nan,nan,nan,nan,nan,nan,nan,nan,nan,nan,nan,nan,nan,nan,nan,nan,nan,nan,nan,nan,nan,nan,1.700000000000000000e+01,1.300000000000000000e+01,nan,nan,1.191406199999999949e+01,1.250000000000000000e+01,5.078125000000000000e+00,9.000000000000000000e+00,8.000000000000000000e+00,7.000000000000000000e+00,4.000000000000000000e+00,6.000000000000000000e+00,8.000000000000000000e+00,1.400000000000000000e+01,nan,nan,nan,nan,nan,nan,nan,nan,nan,nan,nan,nan,nan,1.046875000000000000e+01,1.400000000000000000e+01,1.300000000000000000e+01,nan,1.500000000000000000e+01,nan,nan,nan,nan,nan,nan,nan,nan,nan,nan,nan,nan
nan,nan,nan,nan,nan,nan,nan,nan,nan,nan,nan,nan,nan,nan,nan,nan,nan,nan,nan,nan,nan,nan,nan,nan,nan,nan,nan,nan,nan,nan,nan,nan,nan,nan,nan,nan,nan,nan,nan,nan,nan,nan,nan,nan,nan,nan,nan,nan,nan,nan,nan,nan,nan,nan,nan,nan,nan,nan,nan,nan,nan,nan,nan,nan,nan,nan,nan,nan,nan,nan,nan,nan,nan,nan,nan,nan,nan,nan,nan,nan,nan,nan,nan,nan,nan,nan,1.343359399999999937e+01,nan,nan,1.096875000000000000e+01,9.500000000000000000e+00,1.300000000000000000e+01,1.700000000000000000e+01,7.000000000000000000e+00,1.100000000000000000e+01,8.000000000000000000e+00,6.000000000000000000e+00,9.000000000000000000e+00,1.900000000000000000e+01,1.100000000000000000e+01,8.503906000000000631e+00,7.000000000000000000e+00,6.000000000000000000e+00,9.000000000000000000e+00,9.960938000000000514e+00,9.000000000000000000e+00,9.000000000000000000e+00,1.100000000000000000e+01,1.100000000000000000e+01,nan,nan,4.101562000000000374e+00,1.093750000000000000e+01,8.000000000000000000e+00,4.050780999999999743e+00,1.000000000000000000e+01,1.300000000000000000e+01,1.293359399999999937e+01,nan,1.191406199999999949e+01,nan,nan,nan,nan,nan,nan,nan,1.150000000000000000e+01,nan
nan,nan,nan,nan,nan,nan,nan,nan,nan,nan,nan,nan,nan,nan,nan,nan,nan,nan,nan,nan,nan,nan,1.600000000000000000e+01,nan,nan,nan,nan,nan,nan,nan,3.171093799999999874e+01,nan,nan,1.300000000000000000e+01,nan,nan,nan,nan,nan,nan,nan,nan,nan,nan,nan,nan,nan,nan,nan,nan,nan,nan,nan,nan,nan,nan,nan,nan,nan,nan,nan,nan,nan,nan,nan,nan,nan,nan,nan,nan,nan,nan,9.000000000000000000e+00,nan,nan,nan,1.100000000000000000e+01,nan,1.650000000000000000e+01,nan,nan,nan,1.500000000000000000e+01,nan,nan,1.100000000000000000e+01,8.000000000000000000e+00,nan,nan,1.700000000000000000e+01,1.400000000000000000e+01,1.093750000000000000e+01,1.093750000000000000e+01,7.000000000000000000e+00,1.100000000000000000e+01,8.984375000000000000e+00,1.300000000000000000e+01,5.000000000000000000e+00,1.000000000000000000e+01,9.000000000000000000e+00,9.000000000000000000e+00,1.582031199999999949e+01,nan,1.100000000000000000e+01,1.000000000000000000e+01,1.300000000000000000e+01,1.300000000000000000e+01,1.500000000000000000e+01,1.500000000000000000e+01,nan,nan,nan,1.300000000000000000e+01,1.400000000000000000e+01,1.300000000000000000e+01,1.100000000000000000e+01,2.085156200000000126e+01,1.900000000000000000e+01,nan,nan,nan,nan,nan,nan,nan,nan,nan,2.300000000000000000e+01,nan
nan,nan,nan,nan,nan,nan,nan,nan,nan,nan,nan,nan,nan,nan,nan,nan,nan,nan,nan,nan,nan,nan,nan,nan,nan,nan,nan,nan,nan,nan,nan,nan,nan,nan,nan,nan,nan,nan,nan,nan,nan,nan,nan,nan,nan,nan,nan,nan,nan,nan,nan,nan,nan,nan,nan,nan,nan,nan,nan,nan,nan,nan,nan,nan,nan,nan,nan,nan,nan,nan,nan,nan,2.558593799999999874e+01,nan,nan,nan,1.600000000000000000e+01,1.500000000000000000e+01,1.900000000000000000e+01,nan,nan,1.100000000000000000e+01,9.000000000000000000e+00,nan,nan,1.000000000000000000e+01,9.000000000000000000e+00,nan,1.000000000000000000e+01,1.679687500000000000e+01,1.600000000000000000e+01,6.000000000000000000e+00,8.984375000000000000e+00,1.000000000000000000e+01,1.400000000000000000e+01,1.700000000000000000e+01,1.800000000000000000e+01,1.093750000000000000e+01,6.000000000000000000e+00,nan,nan,nan,nan,nan,nan,nan,nan,nan,nan,nan,nan,nan,nan,nan,nan,nan,1.500000000000000000e+01,nan,nan,1.386718800000000051e+01,nan,nan,nan,nan,nan,nan,nan,nan,nan
nan,nan,nan,nan,nan,nan,nan,nan,nan,nan,nan,nan,nan,nan,nan,nan,nan,nan,nan,nan,nan,nan,nan,nan,nan,nan,nan,nan,nan,nan,nan,nan,nan,nan,nan,nan,nan,nan,nan,nan,nan,nan,nan,nan,nan,nan,nan,nan,nan,nan,nan,nan,nan,nan,nan,nan,nan,nan,nan,nan,nan,nan,nan,nan,nan,nan,nan,nan,nan,nan,nan,nan,nan,nan,nan,nan,nan,nan,nan,nan,nan,nan,nan,nan,nan,nan,1.300000000000000000e+01,nan,nan,nan,nan,1.582031199999999949e+01,nan,6.000000000000000000e+00,1.492187500000000000e+01,1.337890600000000063e+01,1.093750000000000000e+01,6.000000000000000000e+00,1.582031199999999949e+01,6.527344000000000257e+00,4.000000000000000000e+00,8.007811999999999486e+00,6.527344000000000257e+00,1.400000000000000000e+01,5.039062000000000374e+00,1.000000000000000000e+01,1.875000000000000000e+01,9.472656000000000631e+00,nan,nan,nan,nan,9.000000000000000000e+00,1.145703100000000063e+01,nan,1.700000000000000000e+01,nan,nan,nan,nan,nan,nan,nan,nan,nan,nan,nan,nan,nan
nan,nan,nan,nan,nan,nan,nan,nan,nan,nan,nan,nan,nan,nan,nan,nan,nan,nan,nan,nan,nan,nan,nan,nan,nan,nan,nan,nan,nan,nan,nan,nan,nan,1.650000000000000000e+01,nan,nan,nan,nan,nan,nan,nan,nan,nan,nan,nan,nan,nan,nan,nan,nan,nan,nan,nan,nan,nan,nan,nan,nan,nan,nan,nan,nan,nan,nan,nan,nan,nan,nan,nan,nan,nan,nan,nan,nan,nan,nan,nan,nan,nan,nan,nan,nan,nan,nan,nan,nan,1.100000000000000000e+01,nan,nan,nan,nan,nan,nan,6.054687999999999626e+00,1.191406199999999949e+01,8.007811999999999486e+00,1.100000000000000000e+01,6.000000000000000000e+00,1.450000000000000000e+01,3.000000000000000000e+00,3.000000000000000000e+00,7.000000000000000000e+00,8.000000000000000000e+00,7.031250000000000000e+00,4.000000000000000000e+00,8.000000000000000000e+00,1.000000000000000000e+01,5.078125000000000000e+00,8.984375000000000000e+00,nan,nan,2.000000000000000000e+00,1.191406199999999949e+01,7.000000000000000000e+00,1.171875000000000000e+00,1.777343799999999874e+01,nan,nan,nan,nan,nan,nan,nan,nan,nan,nan,nan,1.300000000000000000e+01,nan
nan,nan,nan,nan,nan,nan,nan,nan,nan,nan,nan,nan,nan,nan,nan,nan,nan,nan,nan,nan,nan,nan,nan,nan,nan,nan,nan,nan,nan,nan,nan,nan,nan,nan,nan,nan,nan,nan,nan,nan,nan,nan,nan,nan,nan,nan,nan,nan,nan,nan,nan,nan,nan,nan,nan,nan,nan,nan,nan,nan,nan,nan,nan,nan,nan,nan,nan,nan,nan,nan,nan,nan,nan,nan,nan,nan,nan,nan,nan,nan,nan,nan,nan,nan,nan,nan,nan,nan,nan,nan,nan,nan,nan,9.500000000000000000e+00,nan,nan,9.960938000000000514e+00,1.750000000000000000e+01,nan,5.078125000000000000e+00,9.500000000000000000e+00,4.000000000000000000e+00,4.000000000000000000e+00,8.992188000000000514e+00,nan,1.700000000000000000e+01,1.289062500000000000e+01,nan,nan,nan,nan,nan,nan,nan,nan,nan,nan,nan,nan,nan,nan,nan,nan,nan,nan,nan,nan,nan,nan
nan,nan,nan,nan,nan,nan,nan,nan,nan,nan,nan,nan,nan,nan,nan,nan,nan,nan,nan,nan,nan,nan,nan,nan,nan,nan,nan,nan,nan,nan,nan,nan,nan,nan,nan,nan,nan,nan,nan,nan,nan,nan,nan,nan,nan,nan,nan,nan,nan,nan,nan,nan,nan,nan,nan,nan,nan,nan,nan,nan,nan,nan,nan,nan,nan,nan,nan,nan,nan,nan,nan,nan,nan,nan,nan,nan,nan,nan,nan,nan,nan,nan,nan,nan,nan,nan,nan,nan,nan,nan,nan,nan,nan,nan,nan,nan,6.000000000000000000e+00,8.984375000000000000e+00,nan,7.000000000000000000e+00,5.000000000000000000e+00,5.000000000000000000e+00,2.000000000000000000e+00,6.000000000000000000e+00,4.000000000000000000e+00,8.007811999999999486e+00,5.000000000000000000e+00,1.096875000000000000e+01,nan,nan,nan,nan,1.000000000000000000e+01,8.000000000000000000e+00,5.078125000000000000e+00,nan,nan,nan,nan,nan,nan,nan,nan,nan,nan,nan,nan,1.500000000000000000e+01,nan
nan,nan,nan,nan,nan,nan,nan,nan,nan,nan,nan,nan,nan,nan,nan,nan,nan,nan,nan,nan,nan,nan,nan,nan,nan,nan,nan,nan,nan,nan,nan,nan,nan,nan,nan,nan,nan,nan,nan,nan,nan,nan,nan,nan,nan,nan,nan,nan,nan,nan,nan,nan,nan,nan,nan,nan,nan,nan,nan,nan,nan,nan,nan,nan,nan,nan,nan,nan,nan,nan,nan,nan,nan,nan,nan,nan,nan,nan,nan,nan,nan,nan,nan,nan,nan,nan,nan,nan,nan,1.100000000000000000e+01,1.300000000000000000e+01,nan,1.093750000000000000e+01,1.000000000000000000e+01,1.000000000000000000e+01,1.050000000000000000e+01,8.984375000000000000e+00,9.500000000000000000e+00,nan,nan,6.054687999999999626e+00,8.250000000000000000e+00,7.000000000000000000e+00,3.125000000000000000e+00,8.000000000000000000e+00,9.000000000000000000e+00,6.000000000000000000e+00,1.000000000000000000e+01,nan,nan,nan,4.101562000000000374e+00,1.100000000000000000e+01,8.000000000000000000e+00,4.101562000000000374e+00,9.968750000000000000e+00,1.200000000000000000e+01,nan,nan,nan,nan,nan,nan,nan,nan,nan,nan,1.450000000000000000e+01,nan
nan,nan,nan,nan,nan,nan,nan,nan,nan,nan,nan,nan,nan,nan,nan,nan,nan,nan,nan,nan,nan,nan,nan,nan,nan,nan,nan,nan,nan,nan,nan,nan,nan,nan,nan,nan,nan,nan,nan,nan,nan,nan,nan,nan,nan,nan,nan,nan,nan,nan,nan,nan,nan,nan,nan,nan,nan,nan,nan,nan,nan,nan,nan,nan,nan,nan,nan,nan,nan,nan,nan,nan,nan,nan,nan,nan,nan,nan,nan,nan,nan,nan,nan,nan,nan,nan,nan,nan,nan,nan,nan,nan,nan,9.500000000000000000e+00,nan,nan,1.442187500000000000e+01,8.984375000000000000e+00,nan,8.000000000000000000e+00,3.000000000000000000e+00,1.194531199999999949e+01,4.550780999999999743e+00,1.000000000000000000e+01,2.000000000000000000e+00,5.078125000000000000e+00,7.031250000000000000e+00,7.031250000000000000e+00,nan,nan,nan,3.613281000000000187e+00,7.031250000000000000e+00,1.244531199999999949e+01,2.574218999999999813e+00,nan,nan,nan,nan,nan,nan,nan,nan,nan,nan,nan,nan,1.492187500000000000e+01,nan
nan,nan,nan,nan,nan,nan,nan,nan,nan,nan,nan,nan,nan,nan,nan,nan,nan,nan,nan,nan,nan,nan,nan,nan,nan,nan,nan,nan,nan,nan,nan,nan,nan,nan,nan,nan,nan,nan,nan,nan,nan,1.800000000000000000e+01,1.600000000000000000e+01,1.289062500000000000e+01,1.550000000000000000e+01,nan,nan,nan,nan,1.800000000000000000e+01,nan,nan,nan,nan,nan,nan,nan,nan,nan,nan,nan,nan,nan,1.289062500000000000e+01,nan,nan,nan,nan,nan,nan,nan,nan,nan,nan,nan,nan,nan,nan,nan,nan,nan,nan,nan,nan,nan,nan,9.000000000000000000e+00,nan,nan,5.078125000000000000e+00,5.078125000000000000e+00,nan,1.194531199999999949e+01,1.600000000000000000e+01,1.000000000000000000e+01,1.700000000000000000e+01,1.000000000000000000e+01,9.000000000000000000e+00,2.000000000000000000e+01,1.100000000000000000e+01,8.000000000000000000e+00,nan,1.200000000000000000e+01,1.093750000000000000e+01,8.007811999999999486e+00,2.574218999999999813e+00,5.000000000000000000e+00,8.007811999999999486e+00,9.000000000000000000e+00,nan,nan,8.992188000000000514e+00,8.000000000000000000e+00,9.000000000000000000e+00,4.101562000000000374e+00,1.100000000000000000e+01,1.484375000000000000e+01,7.031250000000000000e+00,nan,5.000000000000000000e+00,6.000000000000000000e+00,nan,nan,nan,nan,nan,nan,1.400000000000000000e+01,nan
nan,nan,nan,nan,nan,nan,nan,nan,nan,nan,nan,nan,nan,nan,nan,nan,nan,nan,nan,nan,nan,nan,nan,nan,nan,nan,nan,nan,nan,nan,nan,nan,nan,nan,nan,nan,nan,nan,nan,nan,nan,nan,1.887500000000000000e+01,nan,nan,nan,nan,nan,nan,nan,nan,nan,nan,nan,nan,nan,nan,nan,nan,nan,nan,nan,nan,nan,nan,nan,nan,nan,nan,nan,nan,nan,nan,nan,nan,nan,nan,nan,nan,nan,nan,nan,nan,nan,nan,nan,1.200000000000000000e+01,nan,nan,1.492187500000000000e+01,1.400000000000000000e+01,nan,nan,1.350000000000000000e+01,1.100000000000000000e+01,nan,1.400000000000000000e+01,1.000000000000000000e+01,nan,nan,9.000000000000000000e+00,1.600000000000000000e+01,4.500000000000000000e+00,7.031250000000000000e+00,9.000000000000000000e+00,7.000000000000000000e+00,4.000000000000000000e+00,9.000000000000000000e+00,9.000000000000000000e+00,1.100000000000000000e+01,nan,1.100000000000000000e+01,8.000000000000000000e+00,1.000000000000000000e+01,1.207910200000000067e+01,1.000000000000000000e+01,1.093750000000000000e+01,1.689843799999999874e+01,nan,1.800000000000000000e+01,1.200000000000000000e+01,nan,nan,nan,nan,nan,nan,1.600000000000000000e+01,nan
nan,nan,nan,nan,nan,nan,nan,nan,nan,nan,nan,nan,nan,nan,nan,nan,nan,nan,nan,nan,nan,nan,nan,nan,nan,nan,nan,nan,nan,nan,nan,nan,nan,nan,nan,nan,nan,nan,nan,nan,nan,nan,1.953120000000000134e-01,9.242188000000000514e+00,2.148438000000000070e+00,1.171875000000000000e+00,nan,6.765625000000000000e+00,1.000000000000000000e+01,4.101562000000000374e+00,1.150000000000000000e+01,nan,nan,9.960938000000000514e+00,nan,nan,nan,nan,nan,nan,nan,nan,nan,2.148438000000000070e+00,2.300000000000000000e+01,2.100000000000000000e+01,nan,nan,nan,2.400000000000000000e+01,2.600000000000000000e+01,1.600000000000000000e+01,7.031250000000000000e+00,3.125000000000000000e+00,nan,nan,nan,nan,nan,2.133984399999999937e+01,nan,nan,nan,2.200000000000000000e+01,nan,2.070312500000000000e+01,1.777343799999999874e+01,nan,nan,2.148438000000000070e+00,4.101562000000000374e+00,1.171875000000000000e+00,nan,7.515625000000000000e+00,9.472656000000000631e+00,3.125000000000000000e+00,1.500000000000000000e+01,1.100000000000000000e+01,nan,7.515625000000000000e+00,7.015625000000000000e+00,nan,1.600000000000000000e+01,1.200000000000000000e+01,6.054687999999999626e+00,1.100000000000000000e+01,1.100000000000000000e+01,8.007811999999999486e+00,9.000000000000000000e+00,1.093750000000000000e+01,1.484375000000000000e+01,9.000000000000000000e+00,1.000000000000000000e+01,1.191406199999999949e+01,1.093750000000000000e+01,1.300000000000000000e+01,1.400000000000000000e+01,1.289062500000000000e+01,3.613281000000000187e+00,1.582031199999999949e+01,1.400000000000000000e+01,nan,nan,nan,nan,nan,1.289062500000000000e+01,1.600000000000000000e+01,nan
nan,nan,nan,nan,nan,nan,nan,nan,nan,nan,nan,nan,nan,nan,nan,nan,nan,nan,nan,nan,nan,nan,nan,nan,nan,nan,nan,nan,nan,nan,1.953120000000000134e-01,nan,nan,nan,nan,nan,nan,nan,nan,nan,nan,nan,nan,nan,8.984375000000000000e+00,nan,nan,nan,nan,3.125000000000000000e+00,nan,nan,nan,nan,nan,nan,nan,nan,nan,nan,nan,nan,nan,2.148438000000000070e+00,1.344531199999999949e+01,nan,nan,nan,nan,nan,nan,nan,nan,nan,nan,nan,nan,nan,nan,nan,nan,nan,nan,nan,nan,1.500000000000000000e+01,1.200000000000000000e+01,1.093750000000000000e+01,nan,2.148438000000000070e+00,8.000000000000000000e+00,1.171875000000000000e+00,nan,nan,6.527344000000000257e+00,nan,8.000000000000000000e+00,8.984375000000000000e+00,nan,4.101562000000000374e+00,4.550780999999999743e+00,nan,nan,7.031250000000000000e+00,3.125000000000000000e+00,1.000000000000000000e+01,1.400000000000000000e+01,8.000000000000000000e+00,5.078125000000000000e+00,1.100000000000000000e+01,1.400000000000000000e+01,1.200000000000000000e+01,1.300000000000000000e+01,9.000000000000000000e+00,1.100000000000000000e+01,8.992188000000000514e+00,1.200000000000000000e+01,1.400000000000000000e+01,1.100000000000000000e+01,1.484375000000000000e+01,1.689843799999999874e+01,nan,nan,nan,nan,nan,1.484375000000000000e+01,9.000000000000000000e+00,nan
nan,nan,nan,nan,nan,nan,nan,nan,1.953120000000000134e-01,nan,nan,nan,nan,nan,nan,nan,nan,nan,nan,nan,nan,nan,nan,nan,nan,nan,nan,nan,nan,nan,nan,nan,nan,nan,nan,nan,nan,nan,nan,nan,nan,nan,nan,1.953120000000000134e-01,nan,1.171875000000000000e+00,nan,1.171875000000000000e+00,6.835940000000000349e-01,nan,1.953120000000000134e-01,nan,1.953120000000000134e-01,1.953120000000000134e-01,nan,nan,nan,nan,nan,nan,nan,nan,nan,1.953120000000000134e-01,2.400000000000000000e+01,2.700000000000000000e+01,nan,nan,nan,2.232812500000000000e+01,2.800000000000000000e+01,2.600000000000000000e+01,nan,nan,nan,nan,nan,nan,nan,2.800000000000000000e+01,nan,nan,nan,nan,nan,2.150000000000000000e+01,1.875000000000000000e+01,2.381640600000000063e+01,nan,nan,1.400000000000000000e+01,nan,nan,nan,nan,nan,nan,1.392193699999999978e+01,nan,nan,nan,nan,nan,nan,nan,1.800000000000000000e+01,2.035156200000000126e+01,1.484375000000000000e+01,1.484375000000000000e+01,6.000000000000000000e+00,1.000000000000000000e+01,1.500000000000000000e+01,1.875000000000000000e+01,1.289062500000000000e+01,1.500000000000000000e+01,1.200000000000000000e+01,1.875000000000000000e+01,1.700000000000000000e+01,2.430468799999999874e+01,2.100000000000000000e+01,1.875000000000000000e+01,nan,nan,nan,nan,nan,7.031250000000000000e+00,1.500000000000000000e+01,nan
nan,nan,nan,nan,nan,nan,nan,nan,nan,nan,nan,nan,nan,nan,nan,nan,nan,nan,nan,nan,nan,nan,nan,nan,nan,nan,nan,nan,nan,nan,nan,nan,nan,nan,nan,nan,nan,nan,nan,nan,nan,nan,nan,nan,nan,nan,nan,nan,nan,nan,nan,nan,nan,nan,nan,nan,nan,nan,nan,nan,nan,nan,nan,nan,2.150000000000000000e+01,2.300000000000000000e+01,2.100000000000000000e+01,nan,nan,nan,2.400000000000000000e+01,2.600000000000000000e+01,nan,4.101562000000000374e+00,nan,nan,nan,nan,nan,2.500000000000000000e+01,nan,nan,nan,2.825781200000000126e+01,nan,nan,2.300000000000000000e+01,2.460937500000000000e+01,nan,nan,nan,nan,nan,nan,nan,nan,nan,nan,nan,nan,nan,nan,nan,nan,nan,nan,nan,2.000000000000000000e+01,2.070312500000000000e+01,1.093750000000000000e+01,7.031250000000000000e+00,1.500000000000000000e+01,1.093750000000000000e+01,1.800000000000000000e+01,1.600000000000000000e+01,1.900000000000000000e+01,1.972656200000000126e+01,1.600000000000000000e+01,2.500000000000000000e+01,2.100000000000000000e+01,1.700000000000000000e+01,nan,nan,nan,nan,nan,9.960938000000000514e+00,2.070312500000000000e+01,nan
nan,nan,nan,nan,nan,nan,nan,nan,nan,nan,nan,nan,nan,nan,nan,nan,nan,nan,nan,nan,nan,nan,nan,nan,nan,nan,nan,nan,nan,nan,nan,nan,nan,nan,nan,nan,nan,nan,nan,nan,nan,nan,nan,1.171875000000000000e+00,nan,nan,nan,8.496093999999999369e+00,nan,nan,7.519530999999999743e+00,nan,1.335938000000000070e+00,1.171875000000000000e+00,nan,nan,nan,nan,nan,nan,nan,nan,nan,3.125000000000000000e+00,2.600000000000000000e+01,2.300000000000000000e+01,nan,nan,nan,2.460937500000000000e+01,2.600000000000000000e+01,2.579296899999999937e+01,4.050780999999999743e+00,1.837500000000000000e+01,nan,nan,nan,nan,nan,2.000000000000000000e+01,nan,nan,nan,2.035156200000000126e+01,nan,2.700000000000000000e+01,2.085156200000000126e+01,1.435546899999999937e+01,nan,1.900000000000000000e+01,1.300000000000000000e+01,nan,nan,nan,2.200000000000000000e+01,nan,1.400000000000000000e+01,1.650000000000000000e+01,nan,nan,5.078125000000000000e+00,nan,nan,5.039062000000000374e+00,nan,1.500000000000000000e+01,1.400000000000000000e+01,1.200000000000000000e+01,1.600000000000000000e+01,1.300000000000000000e+01,1.600000000000000000e+01,8.007811999999999486e+00,1.484375000000000000e+01,1.300000000000000000e+01,1.100000000000000000e+01,1.500000000000000000e+01,1.500000000000000000e+01,1.450000000000000000e+01,1.400000000000000000e+01,1.972656200000000126e+01,1.679687500000000000e+01,nan,nan,nan,nan,nan,1.289062500000000000e+01,2.100000000000000000e+01,nan
nan,nan,nan,nan,nan,nan,nan,nan,nan,nan,nan,nan,nan,nan,nan,nan,nan,nan,nan,nan,nan,nan,nan,nan,nan,nan,nan,nan,nan,nan,nan,nan,nan,nan,nan,nan,nan,nan,nan,nan,nan,nan,nan,nan,nan,nan,nan,nan,2.300000000000000000e+01,7.000000000000000000e+00,nan,nan,nan,nan,nan,nan,nan,nan,nan,nan,nan,nan,nan,5.078125000000000000e+00,nan,2.300000000000000000e+01,nan,nan,nan,nan,2.825781200000000126e+01,2.233984399999999937e+01,1.600000000000000000e+01,1.550000000000000000e+01,nan,nan,nan,nan,nan,2.182812500000000000e+01,nan,nan,nan,nan,nan,2.100000000000000000e+01,1.900000000000000000e+01,1.800000000000000000e+01,nan,1.484375000000000000e+01,1.700000000000000000e+01,1.300000000000000000e+01,2.500000000000000000e+01,1.900000000000000000e+01,1.484375000000000000e+01,1.900000000000000000e+01,1.300000000000000000e+01,1.400000000000000000e+01,nan,nan,1.046875000000000000e+01,nan,1.100000000000000000e+01,1.000000000000000000e+01,5.078125000000000000e+00,1.000000000000000000e+01,8.000000000000000000e+00,1.093750000000000000e+01,1.600000000000000000e+01,1.650000000000000000e+01,1.800000000000000000e+01,1.386718800000000051e+01,7.000000000000000000e+00,8.984375000000000000e+00,1.100000000000000000e+01,9.980468999999999369e+00,1.200000000000000000e+01,1.484375000000000000e+01,4.589844000000000257e+00,1.600000000000000000e+01,1.400000000000000000e+01,nan,nan,nan,nan,nan,1.679687500000000000e+01,2.100000000000000000e+01,nan
nan,nan,nan,nan,nan,nan,nan,nan,nan,nan,nan,nan,nan,nan,nan,nan,nan,nan,nan,nan,nan,nan,nan,nan,nan,nan,nan,nan,nan,nan,nan,nan,nan,nan,nan,nan,nan,nan,nan,nan,nan,nan,nan,nan,nan,nan,nan,nan,nan,3.125000000000000000e+00,1.484375000000000000e+01,nan,nan,nan,nan,nan,nan,nan,nan,nan,nan,nan,nan,2.148438000000000070e+00,2.167968799999999874e+01,2.070312500000000000e+01,2.460937500000000000e+01,nan,nan,nan,2.460937500000000000e+01,2.200000000000000000e+01,1.500000000000000000e+01,nan,nan,nan,nan,nan,2.900000000000000000e+01,2.100000000000000000e+01,nan,nan,nan,nan,nan,1.300000000000000000e+01,1.700000000000000000e+01,9.960938000000000514e+00,nan,1.484375000000000000e+01,1.200000000000000000e+01,6.527344000000000257e+00,nan,7.515625000000000000e+00,1.400000000000000000e+01,1.200000000000000000e+01,1.093750000000000000e+01,1.100000000000000000e+01,nan,nan,1.100000000000000000e+01,nan,7.027344000000000257e+00,7.031250000000000000e+00,3.000000000000000000e+00,9.480468999999999369e+00,8.000000000000000000e+00,1.000000000000000000e+01,1.100000000000000000e+01,1.484375000000000000e+01,1.289062500000000000e+01,1.200000000000000000e+01,8.992188000000000514e+00,6.000000000000000000e+00,1.000000000000000000e+01,8.000000000000000000e+00,1.000000000000000000e+01,1.289062500000000000e+01,1.000000000000000000e+01,1.289062500000000000e+01,1.000000000000000000e+01,nan,nan,nan,nan,nan,8.984375000000000000e+00,1.600000000000000000e+01,nan
nan,nan,nan,nan,nan,nan,nan,nan,1.953120000000000134e-01,nan,nan,nan,nan,nan,nan,nan,nan,nan,nan,nan,nan,nan,nan,nan,nan,nan,nan,nan,nan,nan,nan,nan,nan,nan,nan,nan,nan,nan,nan,nan,nan,nan,1.171875000000000000e+00,1.171875000000000000e+00,1.171875000000000000e+00,6.835940000000000349e-01,nan,3.125000000000000000e+00,6.054687999999999626e+00,4.101562000000000374e+00,9.500000000000000000e+00,nan,3.125000000000000000e+00,2.148438000000000070e+00,nan,nan,6.054687999999999626e+00,nan,nan,nan,nan,nan,8.742188000000000514e+00,3.125000000000000000e+00,2.200000000000000000e+01,2.400000000000000000e+01,1.875000000000000000e+01,nan,2.800000000000000000e+01,2.500000000000000000e+01,1.900000000000000000e+01,1.400000000000000000e+01,1.200000000000000000e+01,1.350000000000000000e+01,2.300000000000000000e+01,2.300000000000000000e+01,nan,nan,2.400000000000000000e+01,1.500000000000000000e+01,nan,nan,nan,2.460937500000000000e+01,2.400000000000000000e+01,2.300000000000000000e+01,2.265625000000000000e+01,1.200000000000000000e+01,nan,1.300000000000000000e+01,8.992188000000000514e+00,nan,nan,5.566405999999999743e+00,2.100000000000000000e+01,7.519530999999999743e+00,5.078125000000000000e+00,9.960938000000000514e+00,nan,nan,2.148438000000000070e+00,nan,2.636718999999999813e+00,1.953120000000000134e-01,8.984375000000000000e+00,7.031250000000000000e+00,6.027344000000000257e+00,1.200000000000000000e+01,1.972656200000000126e+01,1.300000000000000000e+01,1.393359399999999937e+01,1.000000000000000000e+01,1.000000000000000000e+01,1.100000000000000000e+01,8.000000000000000000e+00,1.300000000000000000e+01,1.191406199999999949e+01,1.100000000000000000e+01,1.400000000000000000e+01,1.300000000000000000e+01,1.400000000000000000e+01,nan,nan,nan,nan,nan,1.093750000000000000e+01,2.200000000000000000e+01,nan
nan,nan,nan,nan,nan,nan,nan,nan,nan,nan,nan,nan,nan,nan,nan,nan,nan,nan,nan,nan,nan,nan,nan,nan,nan,nan,nan,nan,nan,nan,nan,nan,nan,nan,nan,nan,nan,nan,nan,nan,nan,nan,nan,nan,nan,nan,nan,nan,nan,nan,nan,nan,2.200000000000000000e+01,nan,nan,nan,nan,nan,nan,nan,nan,nan,nan,nan,nan,nan,nan,nan,nan,nan,2.100000000000000000e+01,1.900000000000000000e+01,1.600000000000000000e+01,nan,nan,nan,nan,nan,nan,1.800000000000000000e+01,1.400000000000000000e+01,nan,nan,nan,nan,2.150000000000000000e+01,1.700000000000000000e+01,1.289062500000000000e+01,nan,1.000000000000000000e+01,1.100000000000000000e+01,nan,nan,nan,1.289062500000000000e+01,1.500000000000000000e+01,7.515625000000000000e+00,1.300000000000000000e+01,nan,nan,nan,nan,nan,1.200000000000000000e+01,nan,1.100000000000000000e+01,1.093750000000000000e+01,1.093750000000000000e+01,1.200000000000000000e+01,1.791015600000000063e+01,1.679687500000000000e+01,1.300000000000000000e+01,1.093750000000000000e+01,8.984375000000000000e+00,1.289062500000000000e+01,4.000000000000000000e+00,1.000000000000000000e+01,1.500000000000000000e+01,1.244531199999999949e+01,1.381152299999999933e+01,1.800000000000000000e+01,nan,nan,nan,nan,nan,nan,1.500000000000000000e+01,nan
nan,nan,nan,nan,nan,nan,nan,nan,nan,nan,nan,nan,nan,nan,nan,nan,nan,nan,nan,nan,nan,nan,nan,nan,nan,nan,nan,nan,nan,nan,nan,nan,nan,nan,nan,nan,nan,nan,nan,nan,nan,nan,nan,nan,nan,nan,nan,nan,nan,1.075000000000000000e+01,3.125000000000000000e+00,nan,2.000000000000000000e+01,nan,1.600000000000000000e+01,nan,nan,nan,nan,nan,nan,nan,nan,1.300000000000000000e+01,2.600000000000000000e+01,2.083984399999999937e+01,9.500000000000000000e+00,nan,nan,nan,2.000000000000000000e+01,1.679687500000000000e+01,1.400000000000000000e+01,1.550000000000000000e+01,1.950000000000000000e+01,nan,1.800000000000000000e+01,nan,1.900000000000000000e+01,1.200000000000000000e+01,1.600000000000000000e+01,1.800000000000000000e+01,1.400000000000000000e+01,nan,1.500000000000000000e+01,1.700000000000000000e+01,1.700000000000000000e+01,9.000000000000000000e+00,1.289062500000000000e+01,1.093750000000000000e+01,9.960938000000000514e+00,1.093750000000000000e+01,nan,1.400000000000000000e+01,1.200000000000000000e+01,1.300000000000000000e+01,1.300000000000000000e+01,1.093750000000000000e+01,1.700000000000000000e+01,nan,nan,nan,nan,nan,nan,1.100000000000000000e+01,1.400000000000000000e+01,1.093750000000000000e+01,1.200000000000000000e+01,1.788671899999999937e+01,1.700000000000000000e+01,1.200000000000000000e+01,1.100000000000000000e+01,8.000000000000000000e+00,1.050000000000000000e+01,8.000000000000000000e+00,6.000000000000000000e+00,1.100000000000000000e+01,6.000000000000000000e+00,1.000000000000000000e+01,1.500000000000000000e+01,nan,nan,9.960938000000000514e+00,nan,nan,1.484375000000000000e+01,1.300000000000000000e+01,nan
nan,nan,nan,nan,nan,nan,nan,nan,nan,nan,nan,nan,nan,nan,nan,nan,nan,nan,nan,nan,nan,nan,nan,nan,nan,nan,nan,nan,nan,nan,nan,nan,nan,nan,nan,nan,nan,nan,nan,nan,nan,nan,nan,nan,nan,nan,nan,5.539062000000000374e+00,nan,nan,2.000000000000000000e+01,nan,nan,nan,nan,nan,nan,nan,nan,nan,nan,nan,nan,5.078125000000000000e+00,1.800000000000000000e+01,1.837500000000000000e+01,1.738671899999999937e+01,nan,2.381640600000000063e+01,2.082519500000000079e+01,1.875000000000000000e+01,1.300000000000000000e+01,9.980468999999999369e+00,1.679687500000000000e+01,1.800000000000000000e+01,nan,nan,nan,nan,1.289062500000000000e+01,nan,nan,nan,2.035156200000000126e+01,1.000000000000000000e+01,1.200000000000000000e+01,1.044921899999999937e+01,1.200000000000000000e+01,nan,1.300000000000000000e+01,1.200000000000000000e+01,nan,nan,nan,2.050000000000000000e+01,nan,nan,6.054687999999999626e+00,nan,nan,nan,nan,nan,nan,nan,9.000000000000000000e+00,1.300000000000000000e+01,1.300000000000000000e+01,1.500000000000000000e+01,1.600000000000000000e+01,1.484375000000000000e+01,1.150000000000000000e+01,1.450000000000000000e+01,1.400000000000000000e+01,1.100000000000000000e+01,1.600000000000000000e+01,1.200000000000000000e+01,9.960938000000000514e+00,1.200000000000000000e+01,1.200000000000000000e+01,1.191406199999999949e+01,nan,nan,1.171875000000000000e+00,nan,nan,1.350000000000000000e+01,2.000000000000000000e+01,nan
nan,nan,nan,nan,nan,nan,nan,nan,nan,nan,nan,nan,nan,nan,nan,nan,nan,nan,nan,nan,nan,nan,nan,nan,nan,nan,nan,nan,nan,nan,nan,nan,nan,nan,nan,nan,nan,nan,nan,nan,nan,nan,nan,nan,nan,nan,nan,nan,nan,nan,nan,nan,1.700000000000000000e+01,nan,6.500000000000000000e+00,nan,nan,nan,nan,nan,nan,nan,nan,nan,nan,nan,nan,nan,nan,nan,2.000000000000000000e+01,1.600000000000000000e+01,1.000000000000000000e+01,nan,nan,nan,nan,nan,2.000000000000000000e+01,9.000000000000000000e+00,1.679687500000000000e+01,nan,nan,nan,nan,1.400000000000000000e+01,nan,5.000000000000000000e+00,1.100000000000000000e+01,1.200000000000000000e+01,6.054687999999999626e+00,nan,nan,nan,1.000000000000000000e+01,nan,nan,nan,1.600000000000000000e+01,nan,nan,nan,nan,nan,nan,nan,nan,9.000000000000000000e+00,1.000000000000000000e+01,nan,nan,1.200000000000000000e+01,1.000000000000000000e+01,8.000000000000000000e+00,1.093750000000000000e+01,8.000000000000000000e+00,4.000000000000000000e+00,1.100000000000000000e+01,1.000000000000000000e+00,6.000000000000000000e+00,1.300000000000000000e+01,nan,nan,nan,nan,nan,nan,1.200000000000000000e+01,nan
nan,nan,nan,nan,nan,nan,1.972656200000000126e+01,2.656250000000000000e+01,nan,nan,nan,nan,nan,nan,nan,2.035156200000000126e+01,nan,nan,nan,nan,nan,nan,nan,1.911914099999999905e+01,nan,nan,1.739843799999999874e+01,nan,nan,nan,nan,nan,nan,nan,nan,nan,nan,nan,nan,nan,nan,nan,nan,nan,nan,nan,nan,nan,nan,nan,nan,nan,nan,nan,nan,2.265625000000000000e+01,2.460937500000000000e+01,nan,nan,nan,nan,nan,nan,nan,2.000000000000000000e+01,2.282812500000000000e+01,2.094726599999999905e+01,nan,nan,nan,1.875000000000000000e+01,1.093750000000000000e+01,1.500000000000000000e+01,2.500000000000000000e+01,nan,2.035156200000000126e+01,1.875000000000000000e+01,1.950000000000000000e+01,1.400000000000000000e+01,8.984375000000000000e+00,1.200000000000000000e+01,1.300000000000000000e+01,1.294531199999999949e+01,nan,2.000000000000000000e+01,1.492187500000000000e+01,5.078125000000000000e+00,8.000000000000000000e+00,1.000000000000000000e+01,9.000000000000000000e+00,1.000000000000000000e+01,5.078125000000000000e+00,nan,nan,9.960938000000000514e+00,nan,nan,4.101562000000000374e+00,1.386718800000000051e+01,nan,nan,nan,nan,nan,nan,4.000000000000000000e+00,1.484375000000000000e+01,1.289062500000000000e+01,1.862500000000000000e+01,1.875000000000000000e+01,1.800000000000000000e+01,1.484375000000000000e+01,1.500000000000000000e+01,1.200000000000000000e+01,1.200000000000000000e+01,1.046875000000000000e+01,1.093750000000000000e+01,1.300000000000000000e+01,8.000000000000000000e+00,6.176758000000000415e+00,1.200000000000000000e+01,nan,nan,2.074218999999999813e+00,nan,nan,1.600000000000000000e+01,2.500000000000000000e+01,nan
nan,nan,nan,nan,nan,nan,2.167968799999999874e+01,2.265625000000000000e+01,nan,nan,nan,nan,nan,nan,nan,nan,nan,nan,nan,nan,nan,nan,nan,nan,nan,nan,nan,nan,nan,nan,nan,nan,nan,nan,nan,nan,nan,nan,nan,nan,nan,nan,nan,nan,nan,nan,nan,nan,nan,nan,3.125000000000000000e+00,nan,nan,nan,nan,nan,2.070312500000000000e+01,nan,nan,nan,nan,nan,nan,2.148438000000000070e+00,1.200000000000000000e+01,1.655273400000000095e+01,1.500000000000000000e+01,nan,2.167968799999999874e+01,2.167968799999999874e+01,1.093750000000000000e+01,9.960938000000000514e+00,1.500000000000000000e+01,1.700000000000000000e+01,1.800000000000000000e+01,1.777343799999999874e+01,1.800000000000000000e+01,nan,1.700000000000000000e+01,1.400000000000000000e+01,1.700000000000000000e+01,nan,nan,1.800000000000000000e+01,1.800000000000000000e+01,2.070312500000000000e+01,nan,1.600000000000000000e+01,nan,8.984375000000000000e+00,1.093750000000000000e+01,3.125000000000000000e+00,nan,nan,6.054687999999999626e+00,nan,nan,1.171875000000000000e+00,nan,nan,nan,nan,nan,nan,nan,4.101562000000000374e+00,nan,1.484375000000000000e+01,1.875000000000000000e+01,1.600000000000000000e+01,1.500000000000000000e+01,1.400000000000000000e+01,1.484375000000000000e+01,1.100000000000000000e+01,1.289062500000000000e+01,1.484375000000000000e+01,1.533203100000000063e+01,1.191406199999999949e+01,1.500000000000000000e+01,1.289062500000000000e+01,8.007811999999999486e+00,nan,nan,7.031250000000000000e+00,nan,nan,1.484375000000000000e+01,2.200000000000000000e+01,nan
nan,nan,nan,nan,nan,nan,nan,nan,nan,nan,nan,nan,nan,nan,nan,nan,nan,nan,nan,nan,nan,nan,nan,nan,nan,nan,nan,nan,nan,nan,nan,nan,nan,nan,nan,nan,nan,nan,nan,nan,nan,nan,nan,nan,nan,nan,nan,nan,nan,nan,nan,nan,nan,nan,nan,nan,nan,nan,nan,nan,nan,nan,nan,nan,nan,nan,nan,nan,nan,nan,nan,nan,nan,nan,nan,nan,nan,nan,nan,nan,nan,nan,nan,nan,nan,nan,nan,nan,nan,nan,nan,nan,nan,nan,nan,nan,nan,nan,nan,nan,nan,nan,nan,nan,nan,nan,nan,nan,nan,nan,nan,nan,nan,nan,nan,nan,nan,nan,nan,nan,nan,nan,nan,nan,nan,nan,nan,nan,nan
nan,nan,nan,nan,nan,nan,nan,nan,nan,nan,nan,nan,nan,nan,nan,nan,nan,nan,nan,nan,nan,nan,nan,nan,nan,nan,nan,nan,nan,nan,nan,nan,nan,nan,nan,nan,nan,nan,nan,nan,nan,nan,nan,nan,nan,nan,nan,nan,nan,nan,nan,nan,nan,nan,nan,nan,nan,nan,nan,nan,nan,nan,nan,nan,nan,nan,nan,nan,nan,nan,nan,nan,nan,nan,nan,nan,nan,nan,nan,nan,nan,nan,nan,nan,nan,nan,nan,nan,nan,nan,nan,nan,nan,nan,nan,nan,nan,nan,nan,nan,nan,nan,nan,nan,nan,nan,nan,nan,nan,nan,nan,nan,nan,nan,nan,nan,nan,nan,nan,nan,nan,nan,nan,nan,nan,nan,nan,nan,nan
nan,nan,nan,nan,nan,nan,nan,nan,nan,nan,nan,nan,nan,nan,nan,nan,nan,nan,nan,nan,nan,nan,nan,nan,nan,nan,nan,nan,nan,nan,nan,nan,nan,nan,nan,nan,nan,nan,nan,nan,nan,nan,nan,nan,nan,nan,nan,nan,nan,nan,nan,nan,nan,nan,nan,nan,nan,nan,nan,nan,nan,nan,nan,nan,nan,nan,nan,nan,nan,nan,nan,nan,nan,nan,nan,nan,nan,nan,nan,nan,nan,nan,nan,nan,nan,nan,nan,nan,nan,nan,nan,nan,nan,nan,nan,nan,nan,nan,nan,nan,nan,nan,nan,nan,nan,nan,nan,nan,nan,nan,nan,nan,nan,nan,nan,nan,nan,5.078125000000000000e+00,nan,3.125000000000000000e+00,8.007811999999999486e+00,nan,nan,nan,nan,nan,nan,nan,nan
nan,nan,nan,nan,nan,nan,nan,nan,nan,nan,nan,nan,nan,nan,nan,nan,nan,nan,nan,nan,nan,nan,nan,nan,nan,nan,nan,nan,nan,nan,nan,nan,nan,nan,nan,nan,nan,nan,nan,nan,nan,nan,nan,nan,nan,nan,nan,nan,nan,nan,nan,nan,nan,nan,nan,nan,nan,nan,nan,nan,nan,nan,nan,nan,nan,nan,nan,nan,nan,nan,nan,nan,nan,nan,nan,nan,nan,nan,nan,nan,nan,nan,nan,nan,nan,nan,nan,nan,nan,nan,nan,nan,nan,nan,nan,nan,nan,nan,nan,nan,nan,nan,nan,nan,nan,nan,nan,nan,nan,nan,nan,nan,nan,nan,nan,nan,nan,nan,nan,nan,nan,nan,nan,nan,nan,nan,nan,nan,nan
nan,nan,nan,nan,nan,nan,nan,nan,nan,nan,nan,nan,nan,nan,nan,nan,nan,nan,nan,nan,nan,nan,nan,nan,nan,nan,nan,nan,nan,nan,nan,nan,nan,nan,nan,nan,nan,nan,nan,nan,nan,nan,nan,nan,nan,nan,nan,nan,nan,nan,nan,nan,nan,nan,nan,nan,nan,nan,nan,nan,nan,nan,nan,nan,nan,nan,nan,nan,nan,nan,nan,nan,nan,nan,nan,nan,nan,nan,nan,nan,nan,nan,nan,nan,nan,nan,nan,nan,nan,nan,nan,nan,nan,nan,nan,nan,nan,nan,nan,nan,nan,nan,nan,nan,nan,nan,nan,nan,nan,nan,nan,nan,nan,nan,nan,nan,nan,nan,nan,nan,nan,nan,nan,nan,nan,nan,nan,nan,nan
nan,nan,nan,nan,nan,nan,nan,nan,nan,nan,nan,nan,nan,nan,nan,nan,nan,nan,nan,nan,nan,nan,nan,nan,nan,nan,nan,nan,nan,nan,nan,nan,nan,nan,nan,nan,nan,nan,nan,nan,nan,nan,nan,4.101562000000000374e+00,nan,nan,nan,8.496093999999999369e+00,nan,nan,1.071875000000000000e+01,nan,nan,nan,nan,nan,nan,nan,nan,nan,nan,nan,nan,1.171875000000000000e+00,2.656250000000000000e+01,2.300000000000000000e+01,3.632812500000000000e+01,nan,nan,nan,3.500000000000000000e+01,3.046875000000000000e+01,7.015625000000000000e+00,2.167968799999999874e+01,nan,nan,nan,nan,nan,nan,nan,nan,nan,2.300000000000000000e+01,nan,nan,2.000000000000000000e+01,nan,nan,nan,7.519530999999999743e+00,nan,nan,nan,nan,nan,nan,3.125000000000000000e+00,nan,nan,nan,nan,nan,nan,nan,1.484375000000000000e+01,1.400000000000000000e+01,2.100000000000000000e+01,2.265625000000000000e+01,9.000000000000000000e+00,1.289068699999999978e+01,1.875000000000000000e+01,1.689843799999999874e+01,1.484375000000000000e+01,1.484375000000000000e+01,2.100000000000000000e+01,1.900000000000000000e+01,1.484375000000000000e+01,2.600000000000000000e+01,2.000000000000000000e+01,1.582031199999999949e+01,nan,nan,nan,nan,nan,1.953120000000000134e-01,2.000000000000000000e+01,nan
6.500000000000000000e+00,nan,nan,nan,nan,nan,nan,nan,1.953120000000000134e-01,nan,nan,nan,nan,nan,nan,nan,nan,nan,nan,nan,nan,nan,nan,nan,nan,nan,nan,nan,nan,nan,nan,nan,nan,nan,nan,nan,nan,nan,nan,nan,nan,nan,1.953120000000000134e-01,3.125000000000000000e+00,6.054687999999999626e+00,1.171875000000000000e+00,nan,4.101562000000000374e+00,5.078125000000000000e+00,5.078125000000000000e+00,7.031250000000000000e+00,nan,1.171875000000000000e+00,4.101562000000000374e+00,nan,6.000000000000000000e+00,3.125000000000000000e+00,nan,nan,nan,nan,nan,8.242188000000000514e+00,8.000000000000000000e+00,2.381640600000000063e+01,2.200000000000000000e+01,1.900000000000000000e+01,nan,1.972656200000000126e+01,2.500000000000000000e+01,1.484375000000000000e+01,8.984375000000000000e+00,3.000000000000000000e+00,1.191406199999999949e+01,8.992188000000000514e+00,nan,nan,nan,nan,1.679687500000000000e+01,nan,nan,nan,1.750000000000000000e+01,1.700000000000000000e+01,1.900000000000000000e+01,1.500000000000000000e+01,1.700000000000000000e+01,nan,8.007811999999999486e+00,1.000000000000000000e+01,3.125000000000000000e+00,nan,6.054687999999999626e+00,8.000000000000000000e+00,4.101562000000000374e+00,7.031250000000000000e+00,7.000000000000000000e+00,nan,8.007811999999999486e+00,9.960938000000000514e+00,nan,6.054687999999999626e+00,5.000000000000000000e+00,8.984375000000000000e+00,9.000000000000000000e+00,1.300000000000000000e+01,8.000000000000000000e+00,6.298828000000000316e+00,1.386718800000000051e+01,1.700000000000000000e+01,1.191406199999999949e+01,1.225000000000000000e+01,8.000000000000000000e+00,1.093750000000000000e+01,7.515625000000000000e+00,1.100000000000000000e+01,1.191406199999999949e+01,1.600000000000000000e+01,1.400000000000000000e+01,1.289062500000000000e+01,nan,nan,7.031250000000000000e+00,nan,nan,8.984375000000000000e+00,6.000000000000000000e+00,nan
nan,nan,nan,nan,nan,nan,nan,nan,nan,nan,nan,nan,nan,nan,nan,nan,nan,nan,nan,nan,nan,nan,nan,nan,nan,nan,nan,nan,nan,nan,nan,nan,nan,nan,nan,nan,nan,nan,nan,nan,nan,nan,nan,nan,nan,nan,nan,nan,nan,nan,nan,nan,nan,nan,nan,nan,nan,nan,nan,nan,nan,nan,nan,nan,nan,nan,nan,nan,nan,nan,nan,nan,nan,nan,nan,nan,nan,nan,nan,nan,nan,nan,nan,nan,nan,nan,nan,nan,nan,nan,nan,nan,nan,nan,nan,nan,nan,nan,nan,nan,nan,nan,nan,nan,nan,nan,nan,nan,nan,nan,nan,nan,nan,nan,nan,nan,nan,nan,nan,nan,nan,nan,nan,nan,nan,nan,nan,nan,nan
