1.942981199999999831e+01,1.232604199999999928e+01,1.405810499999999941e+01,nan,9.663176999999999239e+00,1.078640299999999996e+01,1.209137899999999988e+01,9.290217999999999421e+00,8.010827000000000808e+00,8.401118000000000308e+00,9.067197999999999425e+00,7.596765000000000434e+00,7.682039999999999758e+00,nan,6.759769000000000361e+00,7.328015999999999863e+00,nan,nan,nan,1.085384799999999927e+01,7.935603000000000407e+00,8.128073999999999799e+00,nan,6.068869000000000291e+00,nan,nan,6.284870999999999874e+00,nan,nan,nan,nan,nan,nan,nan,nan,nan,nan,nan,nan,nan,nan,nan,nan,7.925723999999999769e+00,nan,8.511082000000000036e+00,8.830705999999999278e+00,8.328459000000000501e+00,8.551667999999999381e+00,7.967661999999999800e+00,8.708726000000000411e+00,nan,6.798632999999999704e+00,7.982577000000000034e+00,nan,8.522880999999999929e+00,1.430230899999999927e+01,nan,nan,nan,nan,nan,7.875181000000000431e+00,7.298464000000000063e+00,9.341248999999999469e+00,9.050034999999999386e+00,nan,nan,nan,6.802017000000000202e+00,nan,nan,nan,nan,nan,nan,nan,nan,nan,nan,nan,nan,nan,9.794532999999999490e+00,nan,nan,nan,nan,nan,nan,nan,nan,nan,nan,nan,nan,nan,nan,nan,nan,nan,nan,nan,nan,nan,nan,nan,nan,nan,nan,nan,nan,nan,nan,nan,nan,nan,nan,nan,nan,8.393133999999999872e+00,nan,nan,nan,nan,nan,nan,nan,nan
1.246106799999999915e+01,1.589591599999999971e+01,1.294716500000000003e+01,nan,9.977921000000000262e+00,9.875223000000000084e+00,9.512473999999999208e+00,7.445123999999999853e+00,9.570862999999999232e+00,9.626611999999999725e+00,7.661635000000000417e+00,6.917653999999999748e+00,nan,nan,7.101416000000000395e+00,6.763614999999999711e+00,nan,nan,nan,9.081490999999999758e+00,6.731093999999999689e+00,nan,nan,nan,nan,nan,nan,nan,nan,nan,nan,nan,nan,nan,nan,nan,nan,nan,nan,nan,nan,nan,nan,7.489967000000000041e+00,nan,nan,7.199316999999999744e+00,7.141459000000000223e+00,8.475844000000000378e+00,7.725189999999999557e+00,8.199517000000000166e+00,nan,6.595474000000000281e+00,7.883332000000000228e+00,nan,9.439754000000000644e+00,9.183764000000000038e+00,nan,nan,nan,nan,nan,6.669895000000000351e+00,nan,nan,1.049167800000000028e+01,nan,nan,7.055299999999999905e+00,nan,nan,nan,nan,nan,nan,nan,nan,nan,nan,nan,nan,nan,nan,nan,nan,nan,nan,nan,nan,nan,nan,nan,nan,nan,nan,nan,nan,nan,nan,nan,nan,nan,nan,nan,nan,nan,nan,nan,nan,nan,nan,nan,nan,nan,nan,nan,nan,nan,nan,nan,nan,nan,nan,nan,nan,nan,nan,nan,nan
1.387262699999999960e+01,1.204931400000000075e+01,1.877809900000000098e+01,nan,7.857217999999999591e+00,7.885145999999999766e+00,1.303519299999999959e+01,8.454116000000000852e+00,8.910999999999999588e+00,9.219723000000000113e+00,7.548102000000000089e+00,6.834598999999999869e+00,nan,nan,6.486989000000000338e+00,8.929707999999999757e+00,nan,nan,nan,7.822667000000000037e+00,nan,nan,nan,nan,nan,nan,nan,nan,nan,nan,nan,nan,nan,nan,nan,nan,nan,nan,nan,nan,nan,nan,nan,nan,nan,nan,nan,nan,nan,8.086971000000000132e+00,7.746027999999999913e+00,nan,7.247061999999999671e+00,7.913599999999999746e+00,nan,5.958806000000000047e+00,8.209334000000000131e+00,nan,nan,nan,nan,nan,7.193623999999999796e+00,nan,nan,nan,nan,nan,nan,nan,nan,nan,nan,nan,nan,nan,nan,nan,nan,nan,nan,nan,nan,nan,nan,nan,nan,nan,nan,nan,nan,nan,nan,nan,nan,nan,nan,nan,nan,nan,nan,nan,nan,nan,nan,nan,nan,nan,nan,nan,nan,nan,nan,nan,nan,nan,nan,nan,nan,nan,nan,nan,nan,nan,nan,nan,nan,nan,nan
nan,nan,nan,nan,nan,nan,nan,nan,nan,nan,nan,nan,nan,nan,nan,nan,nan,nan,nan,nan,nan,nan,nan,nan,nan,nan,nan,nan,nan,nan,nan,nan,nan,nan,nan,nan,nan,nan,nan,nan,nan,nan,nan,nan,nan,nan,nan,nan,nan,nan,nan,nan,nan,nan,nan,nan,nan,nan,nan,nan,nan,nan,nan,nan,nan,nan,nan,nan,nan,nan,nan,nan,nan,nan,nan,nan,nan,nan,nan,nan,nan,nan,nan,nan,nan,nan,nan,nan,nan,nan,nan,nan,nan,nan,nan,nan,nan,nan,nan,nan,nan,nan,nan,nan,nan,nan,nan,nan,nan,nan,nan,nan,nan,nan,nan,nan,nan,nan,nan,nan,nan,nan,nan,nan,nan,nan,nan,nan,nan
8.390981000000000023e+00,9.716792999999999125e+00,8.537561999999999429e+00,nan,1.220235899999999951e+01,9.295999000000000123e+00,7.616543000000000063e+00,nan,7.844497999999999749e+00,9.009722000000000008e+00,1.069663500000000056e+01,7.650352999999999959e+00,nan,nan,nan,nan,nan,nan,nan,1.017473299999999981e+01,8.513992000000000004e+00,nan,nan,nan,nan,nan,nan,nan,nan,nan,nan,nan,nan,nan,nan,nan,nan,nan,nan,nan,nan,nan,nan,nan,nan,nan,nan,1.019101399999999913e+01,nan,nan,8.233453000000000799e+00,nan,nan,7.830743000000000009e+00,nan,nan,7.026653999999999733e+00,nan,nan,nan,nan,nan,nan,nan,nan,nan,nan,nan,9.085283999999999693e+00,nan,nan,nan,nan,nan,7.396080999999999683e+00,nan,nan,nan,nan,nan,nan,nan,nan,8.678442000000000434e+00,nan,nan,nan,nan,nan,nan,nan,nan,nan,nan,nan,nan,nan,nan,nan,nan,nan,nan,nan,nan,nan,nan,nan,nan,nan,nan,nan,nan,nan,nan,nan,nan,nan,nan,nan,nan,nan,nan,nan,nan,nan,nan,nan,nan,nan
1.077361499999999950e+01,1.012353899999999918e+01,9.201793000000000333e+00,nan,1.068443199999999926e+01,1.136361699999999963e+01,7.984928000000000026e+00,nan,7.795410000000000394e+00,9.344179999999999708e+00,8.969829000000000718e+00,7.855128999999999806e+00,nan,nan,nan,nan,nan,nan,nan,9.136488999999999194e+00,8.021981999999999502e+00,nan,nan,nan,nan,nan,nan,nan,nan,nan,nan,nan,nan,nan,nan,nan,nan,nan,nan,nan,nan,nan,nan,8.733653999999999584e+00,nan,9.594906999999999186e+00,9.349755000000000038e+00,9.573999000000000592e+00,1.033190399999999975e+01,7.764084000000000430e+00,1.069359099999999962e+01,nan,7.417214999999999669e+00,1.096890800000000077e+01,nan,nan,8.219661999999999580e+00,nan,nan,nan,nan,nan,8.566926999999999737e+00,8.843583000000000638e+00,nan,7.602669999999999817e+00,nan,nan,nan,1.360939199999999971e+01,nan,nan,nan,nan,nan,nan,nan,nan,nan,nan,nan,nan,nan,7.980565999999999605e+00,nan,nan,nan,nan,nan,nan,nan,nan,nan,nan,nan,nan,nan,nan,nan,nan,nan,nan,nan,nan,nan,nan,nan,nan,nan,nan,nan,nan,nan,nan,nan,nan,nan,nan,nan,nan,nan,nan,nan,nan,nan,nan,nan,nan,nan
1.054746199999999945e+01,9.140409999999999258e+00,1.213958900000000085e+01,nan,6.752680999999999933e+00,7.107141999999999626e+00,1.620445399999999836e+01,1.171289999999999942e+01,9.189735999999999905e+00,8.451822999999999197e+00,7.606405999999999779e+00,7.385591999999999935e+00,7.400456000000000145e+00,6.349842999999999904e+00,8.185017000000000209e+00,9.715312000000000836e+00,6.783027999999999835e+00,nan,nan,8.078986999999999696e+00,8.905970999999999194e+00,5.866240000000000343e+00,nan,7.049779000000000018e+00,nan,8.403916000000000608e+00,6.819035000000000402e+00,nan,nan,nan,7.623922000000000310e+00,nan,nan,nan,nan,nan,nan,nan,nan,nan,nan,nan,nan,6.654823999999999629e+00,nan,6.909263000000000154e+00,6.646619000000000277e+00,6.246660000000000323e+00,6.957379999999999676e+00,6.722507000000000232e+00,6.888461999999999641e+00,8.282285999999999149e+00,6.717812999999999590e+00,7.490499999999999936e+00,nan,7.704184999999999839e+00,1.126009299999999946e+01,nan,nan,nan,nan,nan,6.762381999999999671e+00,6.009171000000000262e+00,nan,nan,nan,nan,nan,nan,8.414701000000000874e+00,7.863000000000000433e+00,6.059802999999999606e+00,nan,nan,nan,nan,nan,nan,nan,nan,nan,nan,nan,nan,nan,nan,nan,nan,nan,nan,nan,nan,nan,nan,nan,nan,nan,nan,nan,nan,nan,nan,nan,nan,nan,nan,nan,nan,nan,nan,nan,nan,nan,nan,nan,nan,nan,nan,nan,7.307604000000000433e+00,nan,nan,nan,nan,nan,nan,nan,nan
8.922183000000000419e+00,8.206543999999999173e+00,9.396746999999999517e+00,nan,6.867542000000000257e+00,6.903514000000000372e+00,1.266393399999999936e+01,1.883659700000000115e+01,8.832964000000000482e+00,7.497982999999999620e+00,7.368503999999999721e+00,7.654995999999999690e+00,8.350787000000000404e+00,7.300657000000000174e+00,8.851070999999999245e+00,1.363349799999999945e+01,7.346332999999999558e+00,6.155480999999999980e+00,nan,7.350494999999999557e+00,8.942016999999999882e+00,7.498001000000000360e+00,nan,9.720872999999999209e+00,7.999820999999999849e+00,8.617571999999999122e+00,8.628845000000000098e+00,nan,nan,nan,7.703778999999999932e+00,nan,nan,nan,nan,nan,nan,nan,nan,nan,nan,nan,nan,6.858539999999999637e+00,nan,6.251409999999999911e+00,7.809801000000000215e+00,7.766218000000000288e+00,9.491384000000000043e+00,7.491028000000000020e+00,7.146630000000000038e+00,7.874285000000000423e+00,7.444153000000000020e+00,8.167141000000000872e+00,8.229328999999999894e+00,9.718996000000000635e+00,1.221403899999999965e+01,nan,nan,nan,nan,nan,7.587553999999999910e+00,6.319992000000000054e+00,nan,nan,nan,nan,nan,nan,7.539166999999999952e+00,7.974359999999999893e+00,nan,nan,nan,nan,nan,nan,nan,7.221904999999999575e+00,nan,nan,nan,nan,nan,nan,nan,nan,nan,nan,nan,nan,nan,nan,nan,nan,nan,nan,nan,nan,nan,nan,nan,nan,nan,nan,nan,nan,nan,nan,nan,nan,nan,nan,nan,nan,nan,nan,nan,nan,8.043777000000000399e+00,nan,nan,nan,nan,nan,nan,nan,nan
7.199987000000000137e+00,7.532926999999999929e+00,7.915608999999999895e+00,nan,7.104500999999999955e+00,6.826976000000000155e+00,8.839968999999999966e+00,8.393435000000000201e+00,1.125754099999999980e+01,8.764416000000000651e+00,8.997999000000000080e+00,8.440834000000000614e+00,7.781460000000000043e+00,7.142673000000000272e+00,8.701009000000000881e+00,7.798691999999999958e+00,7.020040999999999976e+00,6.518727000000000160e+00,7.438013999999999903e+00,7.563926000000000371e+00,8.378247999999999251e+00,7.154500999999999777e+00,nan,6.760436999999999585e+00,7.458173999999999637e+00,7.712259999999999671e+00,7.559499999999999886e+00,nan,nan,nan,8.503541999999999490e+00,nan,nan,nan,7.975245000000000140e+00,nan,nan,nan,nan,nan,nan,nan,nan,9.055386000000000379e+00,nan,nan,nan,7.612156999999999840e+00,8.190963999999999245e+00,8.105396999999999963e+00,6.860702999999999996e+00,nan,7.734669000000000239e+00,8.104684000000000665e+00,nan,6.987000000000000099e+00,7.381168999999999869e+00,nan,nan,nan,nan,nan,nan,6.722338999999999842e+00,nan,nan,nan,nan,nan,nan,nan,nan,7.303781999999999996e+00,nan,nan,nan,nan,nan,nan,nan,nan,nan,nan,nan,nan,nan,nan,nan,nan,nan,nan,nan,nan,nan,nan,nan,nan,nan,nan,nan,nan,nan,nan,nan,nan,nan,nan,nan,nan,nan,nan,nan,nan,nan,nan,nan,nan,nan,nan,nan,nan,nan,nan,nan,nan,nan,nan,nan,nan
7.652712000000000181e+00,7.659403000000000183e+00,9.022088999999999359e+00,nan,8.183856000000000464e+00,7.310837000000000252e+00,8.952942999999999429e+00,7.889129999999999754e+00,8.695819000000000187e+00,1.042860300000000073e+01,8.064600000000000435e+00,6.921440999999999732e+00,7.462655999999999956e+00,nan,7.870228000000000002e+00,8.210328000000000515e+00,nan,nan,nan,7.478500000000000369e+00,7.206293999999999755e+00,nan,nan,nan,nan,nan,nan,nan,nan,nan,nan,nan,nan,nan,nan,nan,nan,nan,nan,nan,nan,nan,nan,nan,nan,nan,nan,1.004416600000000059e+01,nan,8.143658000000000285e+00,6.630595999999999712e+00,nan,9.329262999999999195e+00,8.784836999999999563e+00,nan,8.449835999999999459e+00,7.295310999999999879e+00,nan,nan,nan,nan,nan,nan,nan,nan,nan,nan,nan,nan,nan,nan,nan,6.918415000000000425e+00,nan,6.415236000000000161e+00,nan,nan,nan,nan,nan,nan,nan,nan,nan,nan,nan,nan,nan,nan,nan,nan,nan,nan,nan,nan,nan,nan,nan,nan,nan,nan,nan,nan,nan,nan,nan,nan,nan,nan,nan,nan,nan,nan,nan,nan,nan,nan,nan,nan,nan,nan,nan,nan,nan,nan,nan,nan,nan,nan
8.721064000000000149e+00,7.466441999999999801e+00,7.861784000000000106e+00,nan,1.070161599999999957e+01,8.790518999999999750e+00,7.790682000000000329e+00,7.927048000000000094e+00,9.227470999999999535e+00,9.336956999999999951e+00,1.334054099999999998e+01,9.702296000000000475e+00,7.929585000000000328e+00,6.489840000000000053e+00,6.842675999999999981e+00,nan,nan,nan,nan,1.225293500000000080e+01,9.859799000000000646e+00,7.663086999999999982e+00,nan,nan,nan,nan,nan,nan,nan,nan,nan,nan,nan,nan,nan,nan,nan,nan,nan,nan,nan,nan,nan,nan,nan,nan,nan,7.266270999999999702e+00,nan,6.754153999999999769e+00,7.591688000000000436e+00,nan,nan,6.570965000000000167e+00,nan,nan,8.221344999999999459e+00,nan,nan,nan,nan,nan,nan,nan,nan,nan,nan,nan,7.745500999999999969e+00,nan,nan,nan,7.064554000000000222e+00,nan,8.784065000000000012e+00,nan,nan,nan,nan,nan,nan,nan,nan,8.708339999999999748e+00,nan,nan,nan,nan,nan,nan,nan,nan,nan,nan,nan,nan,nan,nan,nan,nan,nan,nan,nan,nan,nan,nan,nan,nan,nan,nan,nan,nan,nan,nan,nan,nan,nan,nan,nan,nan,nan,nan,nan,nan,nan,nan,nan,nan,nan
7.067675000000000374e+00,7.720120999999999789e+00,8.601176000000000599e+00,nan,8.432311000000000334e+00,7.916386000000000145e+00,8.017015000000000668e+00,7.323125000000000107e+00,8.754051999999999722e+00,8.648650999999999200e+00,9.222151000000000209e+00,1.312634599999999985e+01,1.084787099999999960e+01,8.408813999999999567e+00,8.657681000000000182e+00,6.277815999999999619e+00,6.264882000000000062e+00,5.841010999999999953e+00,6.762102999999999753e+00,7.621305999999999692e+00,1.069936000000000043e+01,8.516989999999999839e+00,1.015872000000000064e+01,nan,nan,nan,nan,nan,nan,nan,nan,nan,nan,nan,nan,nan,nan,nan,nan,nan,nan,nan,nan,nan,nan,nan,nan,nan,nan,nan,7.316680999999999990e+00,nan,nan,6.552291999999999561e+00,nan,7.331971000000000238e+00,6.952968000000000259e+00,nan,nan,nan,nan,nan,nan,nan,nan,nan,nan,nan,nan,nan,nan,nan,nan,nan,6.093924999999999592e+00,8.428717000000000681e+00,7.124347000000000207e+00,nan,nan,nan,nan,nan,nan,nan,nan,nan,nan,nan,nan,nan,nan,nan,nan,nan,nan,nan,nan,nan,nan,nan,nan,nan,nan,nan,nan,nan,nan,nan,nan,nan,nan,nan,nan,nan,nan,nan,nan,nan,nan,nan,nan,nan,nan,nan,nan,nan,nan,nan,nan
nan,6.108277000000000179e+00,nan,nan,nan,nan,7.361767999999999645e+00,7.608429000000000109e+00,8.094592999999999705e+00,8.648564999999999614e+00,8.192104999999999748e+00,9.645146999999999693e+00,1.513130300000000084e+01,1.321805499999999967e+01,9.351960999999999302e+00,8.117485999999999535e+00,8.324984000000000606e+00,8.915435999999999694e+00,1.203606699999999918e+01,7.056283999999999779e+00,1.224215399999999931e+01,1.241873900000000042e+01,9.291624000000000549e+00,6.824962000000000195e+00,7.954057999999999851e+00,nan,7.057915000000000383e+00,8.140461000000000169e+00,nan,nan,nan,nan,nan,nan,8.300088000000000577e+00,nan,nan,nan,nan,nan,nan,nan,nan,nan,nan,nan,nan,nan,nan,nan,nan,nan,nan,nan,nan,8.228908999999999807e+00,6.663648000000000238e+00,nan,nan,nan,nan,nan,nan,nan,nan,nan,nan,nan,nan,nan,nan,nan,nan,nan,nan,7.441258999999999624e+00,8.150339000000000667e+00,7.814752999999999616e+00,6.405314999999999870e+00,nan,nan,7.183690000000000353e+00,nan,nan,7.703585999999999601e+00,8.087289999999999424e+00,nan,nan,nan,nan,nan,nan,nan,nan,nan,nan,nan,nan,nan,nan,nan,nan,nan,nan,nan,nan,nan,nan,nan,nan,nan,nan,nan,nan,nan,nan,nan,nan,nan,nan,nan,nan,nan,nan,nan,nan,nan,nan,nan
nan,nan,nan,nan,nan,nan,7.220562000000000147e+00,6.769502000000000130e+00,8.264865000000000350e+00,7.880906999999999663e+00,7.030923999999999729e+00,7.956053999999999959e+00,1.268270000000000053e+01,1.117084099999999935e+01,1.011038699999999935e+01,7.201880000000000059e+00,8.411053000000000779e+00,1.009355500000000028e+01,1.049976700000000029e+01,nan,8.716651000000000593e+00,8.824097000000000079e+00,7.859281000000000184e+00,6.630163999999999724e+00,7.567072999999999716e+00,nan,nan,8.849209999999999354e+00,1.080278000000000027e+01,nan,8.487202999999999165e+00,nan,nan,nan,9.825461999999999918e+00,nan,nan,nan,nan,nan,nan,nan,nan,nan,nan,nan,nan,nan,nan,nan,nan,nan,nan,nan,nan,8.256543999999999883e+00,6.423531999999999798e+00,nan,nan,nan,nan,nan,nan,nan,nan,nan,nan,nan,nan,nan,nan,nan,nan,nan,nan,nan,7.046102000000000309e+00,7.808524000000000242e+00,nan,nan,nan,nan,nan,nan,nan,nan,nan,nan,nan,nan,nan,nan,nan,nan,nan,nan,nan,nan,nan,nan,nan,nan,nan,nan,nan,nan,nan,nan,nan,nan,nan,nan,nan,nan,nan,nan,nan,nan,nan,nan,nan,nan,nan,nan,nan,nan,nan,nan,nan
6.234488999999999947e+00,7.259543999999999997e+00,6.696329999999999671e+00,nan,nan,nan,7.502990999999999744e+00,7.705205000000000304e+00,8.631486000000000658e+00,8.805013999999999896e+00,7.274601999999999791e+00,8.470603999999999800e+00,9.132317999999999714e+00,9.350068000000000268e+00,1.430047199999999918e+01,8.213689999999999714e+00,1.053440100000000079e+01,7.906826999999999828e+00,6.798305000000000042e+00,6.268779000000000323e+00,8.539685000000000414e+00,8.721885999999999584e+00,7.638842999999999606e+00,6.576616999999999713e+00,7.796208000000000027e+00,8.052407999999999788e+00,7.590461999999999598e+00,8.506947999999999510e+00,9.374121999999999844e+00,nan,8.778945999999999472e+00,8.309328999999999965e+00,nan,7.654025999999999996e+00,1.004513799999999968e+01,nan,nan,nan,nan,nan,nan,nan,nan,nan,nan,nan,nan,nan,nan,7.228735000000000355e+00,6.804734999999999978e+00,nan,8.100941000000000614e+00,6.628584000000000032e+00,7.544324999999999726e+00,7.411893000000000065e+00,6.721524999999999750e+00,nan,nan,nan,nan,nan,nan,6.580442999999999820e+00,nan,nan,nan,nan,nan,nan,nan,nan,6.691290999999999656e+00,nan,nan,7.557652000000000037e+00,7.367548000000000208e+00,nan,8.382918000000000092e+00,nan,7.498530999999999835e+00,nan,nan,nan,nan,nan,nan,nan,nan,nan,nan,nan,nan,nan,nan,nan,nan,nan,nan,nan,nan,nan,nan,nan,nan,nan,nan,nan,nan,nan,nan,nan,nan,nan,nan,nan,nan,nan,nan,nan,nan,nan,nan,nan,nan,nan,nan,nan,nan
7.114772000000000318e+00,6.329739000000000004e+00,7.016020000000000145e+00,nan,nan,nan,8.699274000000000839e+00,1.095346499999999956e+01,7.397452000000000361e+00,7.091864000000000168e+00,6.316316999999999737e+00,6.242923000000000222e+00,8.194121000000000876e+00,7.209544000000000175e+00,8.423047000000000395e+00,1.780334099999999964e+01,9.430441000000000074e+00,7.491374000000000422e+00,7.569791000000000381e+00,6.307286999999999644e+00,8.125496999999999304e+00,8.789825999999999695e+00,nan,1.521086200000000055e+01,7.758936000000000277e+00,9.351777000000000228e+00,1.023593200000000003e+01,9.556366999999999834e+00,nan,nan,8.180315000000000225e+00,nan,nan,nan,nan,nan,nan,nan,nan,nan,nan,nan,nan,9.440723000000000198e+00,nan,7.013094999999999857e+00,8.289611000000000729e+00,7.838741999999999877e+00,7.417567000000000021e+00,6.868934000000000317e+00,7.527325000000000266e+00,8.790513999999999939e+00,8.634439999999999671e+00,8.838786999999999949e+00,8.157310000000000727e+00,1.202290200000000020e+01,8.978127000000000635e+00,nan,nan,nan,nan,nan,7.362528000000000183e+00,6.588443999999999967e+00,nan,nan,nan,nan,nan,nan,nan,8.687865000000000393e+00,nan,nan,nan,nan,nan,nan,nan,8.783338999999999785e+00,nan,nan,nan,nan,nan,nan,nan,7.728235999999999883e+00,nan,nan,nan,nan,nan,nan,nan,nan,nan,nan,nan,nan,nan,nan,nan,nan,nan,nan,nan,nan,nan,nan,nan,nan,nan,nan,7.537638000000000282e+00,nan,nan,nan,nan,7.589649999999999785e+00,6.268285999999999802e+00,nan,nan,nan,nan,nan,nan,nan,nan
nan,nan,nan,nan,nan,nan,6.916909000000000418e+00,7.035318000000000183e+00,7.133448999999999707e+00,nan,nan,6.787444999999999951e+00,8.186016999999999655e+00,7.579721000000000153e+00,1.035574899999999943e+01,8.671492999999999896e+00,1.683775299999999930e+01,1.015839300000000023e+01,8.245718999999999355e+00,nan,7.169080000000000119e+00,9.574080000000000368e+00,nan,8.673654000000000863e+00,1.064525500000000058e+01,8.491917000000000826e+00,8.659651999999999461e+00,8.475540999999999769e+00,nan,nan,8.091701000000000477e+00,nan,nan,6.855267999999999695e+00,6.833811999999999998e+00,nan,nan,nan,nan,nan,nan,nan,nan,nan,nan,nan,nan,nan,nan,nan,6.276721000000000217e+00,nan,7.145491999999999955e+00,6.398858999999999853e+00,nan,7.315919000000000061e+00,6.649567000000000228e+00,nan,nan,nan,nan,nan,nan,nan,nan,nan,nan,nan,nan,nan,nan,nan,nan,nan,nan,nan,nan,nan,nan,nan,8.839912999999999244e+00,nan,nan,nan,nan,nan,nan,nan,nan,nan,nan,nan,nan,nan,nan,nan,nan,nan,nan,nan,nan,nan,nan,nan,nan,nan,nan,nan,nan,nan,nan,nan,nan,nan,nan,nan,nan,nan,nan,nan,nan,nan,nan,nan,nan,nan,nan,nan,nan
nan,nan,nan,nan,nan,nan,6.830791999999999753e+00,6.522109999999999630e+00,6.802294999999999980e+00,9.451632999999999285e+00,6.183552999999999855e+00,6.856387999999999927e+00,8.628474000000000643e+00,9.125332000000000221e+00,7.823210000000000441e+00,6.997581000000000273e+00,9.687196000000000140e+00,1.416529300000000013e+01,1.251635100000000023e+01,nan,7.001644999999999897e+00,9.347533000000000314e+00,7.917451999999999934e+00,6.942750000000000199e+00,1.022984399999999994e+01,7.890340000000000131e+00,7.504089999999999705e+00,9.103517999999999333e+00,6.861680999999999919e+00,8.819993000000000194e+00,6.781482999999999706e+00,nan,nan,6.529253999999999891e+00,8.423533000000000825e+00,nan,nan,nan,nan,nan,nan,nan,nan,nan,nan,nan,nan,nan,nan,nan,nan,nan,6.426378999999999841e+00,nan,nan,7.270421999999999940e+00,7.392135999999999818e+00,nan,nan,nan,nan,nan,nan,nan,nan,nan,nan,nan,nan,nan,nan,nan,nan,nan,nan,nan,7.316220999999999641e+00,nan,nan,nan,7.020628999999999564e+00,7.216871000000000258e+00,nan,nan,nan,nan,nan,nan,nan,nan,nan,nan,nan,nan,nan,nan,nan,nan,nan,nan,nan,nan,nan,nan,nan,nan,nan,nan,nan,nan,nan,nan,nan,nan,nan,nan,nan,nan,nan,nan,nan,nan,nan,nan,nan,nan,nan,nan,nan
nan,nan,nan,nan,nan,nan,nan,nan,6.518104000000000120e+00,nan,nan,7.154240999999999850e+00,1.018835699999999989e+01,1.016166899999999984e+01,7.014841999999999800e+00,6.851334999999999731e+00,7.527419000000000082e+00,1.292811099999999946e+01,1.805418900000000093e+01,nan,7.234361999999999959e+00,1.241459700000000055e+01,8.771421000000000134e+00,7.148829000000000100e+00,9.735125999999999280e+00,7.798568999999999640e+00,6.943997000000000419e+00,9.429541999999999646e+00,8.145720999999999989e+00,1.145870200000000061e+01,6.615704000000000029e+00,nan,nan,7.958319999999999617e+00,1.005899400000000021e+01,nan,nan,nan,nan,nan,nan,nan,nan,nan,nan,nan,nan,nan,nan,nan,nan,nan,nan,nan,nan,8.146269999999999456e+00,7.877557999999999616e+00,nan,nan,nan,nan,nan,nan,nan,nan,nan,nan,nan,nan,nan,nan,nan,nan,nan,nan,nan,nan,nan,nan,nan,nan,nan,nan,nan,nan,nan,nan,nan,nan,nan,nan,nan,nan,nan,nan,nan,nan,nan,nan,nan,nan,nan,nan,nan,nan,nan,nan,nan,nan,nan,nan,nan,nan,nan,nan,nan,nan,nan,nan,nan,nan,nan,nan,nan,nan,nan,nan,nan,nan
9.784814000000000789e+00,8.829926000000000386e+00,8.240674999999999528e+00,nan,1.083093700000000048e+01,9.542396999999999352e+00,8.106973999999999236e+00,6.422647999999999691e+00,8.136715000000000586e+00,9.179282000000000608e+00,1.200550999999999924e+01,8.115743000000000151e+00,6.448349000000000331e+00,nan,5.996537000000000006e+00,nan,nan,nan,nan,1.239911000000000030e+01,1.160828700000000069e+01,9.378652999999999906e+00,nan,nan,nan,nan,nan,nan,nan,nan,nan,nan,nan,nan,nan,nan,nan,nan,nan,nan,nan,nan,nan,nan,nan,nan,nan,nan,nan,nan,6.622476999999999947e+00,nan,nan,nan,nan,nan,9.572732000000000241e+00,nan,nan,nan,nan,nan,7.366849000000000203e+00,nan,nan,nan,nan,nan,9.216684000000000765e+00,nan,nan,nan,nan,nan,9.905882000000000076e+00,nan,nan,nan,nan,nan,nan,nan,nan,1.210822399999999988e+01,nan,nan,nan,nan,nan,nan,nan,nan,nan,nan,nan,nan,nan,nan,nan,nan,nan,nan,nan,nan,nan,nan,nan,nan,nan,nan,nan,nan,nan,nan,nan,nan,nan,nan,nan,nan,nan,nan,nan,nan,nan,nan,nan,nan,nan
7.010169999999999568e+00,7.477077999999999669e+00,nan,nan,7.705517999999999645e+00,7.745138999999999996e+00,7.752356999999999942e+00,8.136385000000000645e+00,8.365430999999999173e+00,7.686163999999999774e+00,9.841400000000000148e+00,1.003948699999999938e+01,1.255759800000000048e+01,7.607966000000000228e+00,8.377501000000000531e+00,8.081013000000000446e+00,6.476623000000000019e+00,7.017224999999999824e+00,8.462737999999999872e+00,1.026356700000000011e+01,1.292119699999999938e+01,1.478319199999999967e+01,1.011036900000000038e+01,7.720575000000000188e+00,nan,8.904643999999999338e+00,nan,nan,nan,nan,nan,nan,nan,nan,1.131966500000000053e+01,nan,nan,nan,nan,nan,nan,nan,nan,nan,nan,nan,nan,nan,nan,nan,7.195464000000000304e+00,nan,nan,7.399577999999999989e+00,nan,9.011988000000000554e+00,9.286466000000000776e+00,nan,nan,nan,nan,nan,nan,nan,nan,nan,nan,nan,nan,nan,nan,nan,nan,nan,1.217016600000000004e+01,1.109407299999999985e+01,9.378773999999999944e+00,nan,nan,nan,nan,nan,nan,nan,1.180804900000000046e+01,nan,nan,nan,nan,nan,nan,nan,nan,nan,nan,nan,nan,nan,nan,nan,nan,nan,nan,nan,nan,nan,nan,nan,nan,nan,nan,nan,nan,nan,nan,nan,nan,nan,nan,nan,nan,nan,nan,nan,nan,nan,nan,nan,nan
8.137945000000000206e+00,7.043369000000000213e+00,nan,nan,6.583667000000000158e+00,8.944212999999999525e+00,7.072314000000000433e+00,6.641844999999999999e+00,6.921408999999999700e+00,7.103174000000000099e+00,7.463021999999999601e+00,7.253745000000000331e+00,1.116263299999999958e+01,7.981917000000000151e+00,7.476073999999999664e+00,7.784646000000000399e+00,8.350120999999999682e+00,7.968225999999999587e+00,1.249714999999999954e+01,8.754901000000000266e+00,1.100297499999999928e+01,1.742836399999999841e+01,1.366730199999999940e+01,7.678341999999999778e+00,7.652455999999999925e+00,7.835842999999999670e+00,7.879770999999999859e+00,7.990073999999999899e+00,nan,nan,7.231092000000000297e+00,nan,nan,9.106153000000000830e+00,1.158605999999999980e+01,nan,nan,nan,nan,nan,nan,nan,nan,nan,nan,nan,nan,nan,nan,nan,5.928303999999999796e+00,nan,6.100651000000000046e+00,6.606094999999999828e+00,nan,8.294024999999999537e+00,6.638741999999999699e+00,nan,nan,nan,nan,nan,nan,7.670632000000000339e+00,nan,nan,nan,nan,nan,nan,nan,nan,nan,nan,nan,nan,8.815001999999999782e+00,nan,nan,nan,nan,nan,nan,nan,nan,1.110922899999999913e+01,nan,nan,nan,nan,nan,nan,nan,nan,nan,nan,nan,nan,nan,nan,nan,nan,nan,nan,nan,nan,nan,nan,nan,nan,nan,nan,nan,nan,nan,nan,nan,nan,nan,nan,nan,nan,nan,nan,nan,nan,nan,nan,nan
nan,nan,nan,nan,nan,7.938407999999999909e+00,nan,nan,nan,nan,nan,nan,8.632721000000000089e+00,nan,nan,nan,nan,nan,1.029420799999999936e+01,nan,1.002056800000000081e+01,1.452670499999999976e+01,1.491261500000000062e+01,7.090161000000000158e+00,nan,7.365664999999999907e+00,7.357751000000000374e+00,8.981901000000000579e+00,7.516305000000000014e+00,7.538986999999999661e+00,7.708340999999999887e+00,7.516877000000000031e+00,7.323781000000000319e+00,1.182121800000000000e+01,1.007367400000000046e+01,7.057718000000000380e+00,7.135616999999999877e+00,7.659970999999999641e+00,7.304940000000000211e+00,7.211770999999999709e+00,8.377504000000000062e+00,9.095923000000000869e+00,8.371755999999999531e+00,9.253448000000000562e+00,9.825934999999999420e+00,7.224973999999999563e+00,nan,6.508074999999999832e+00,7.141250999999999571e+00,7.646406999999999954e+00,7.748280000000000278e+00,8.687580999999999776e+00,6.893143000000000242e+00,6.413075000000000081e+00,7.656044999999999767e+00,8.101397999999999655e+00,nan,nan,nan,nan,nan,nan,7.949188000000000365e+00,1.132692399999999999e+01,nan,nan,nan,nan,nan,nan,nan,nan,nan,nan,nan,nan,nan,nan,nan,nan,nan,nan,nan,nan,nan,nan,1.486398600000000059e+01,nan,nan,nan,nan,nan,nan,nan,nan,nan,nan,nan,nan,nan,nan,nan,nan,nan,nan,nan,nan,nan,nan,nan,nan,nan,nan,nan,nan,nan,nan,nan,nan,nan,nan,nan,nan,nan,nan,nan,nan,nan,nan
6.588854999999999684e+00,nan,7.004297000000000217e+00,nan,nan,nan,7.229573000000000249e+00,8.627983999999999654e+00,6.734313000000000216e+00,nan,nan,nan,7.580451000000000050e+00,6.697632999999999726e+00,6.937699000000000282e+00,1.212705700000000064e+01,9.284478000000000009e+00,7.799274999999999736e+00,7.856656000000000084e+00,nan,7.489348999999999812e+00,7.417111000000000232e+00,nan,1.855708299999999866e+01,9.715021000000000129e+00,8.998822999999999794e+00,1.175418200000000013e+01,1.252272800000000075e+01,nan,nan,8.525824000000000069e+00,nan,6.935153999999999819e+00,nan,nan,nan,nan,nan,nan,nan,nan,nan,nan,8.642105000000000814e+00,nan,nan,7.478950000000000209e+00,8.050482000000000582e+00,7.861439999999999984e+00,7.354758000000000351e+00,7.917739000000000082e+00,7.840588999999999587e+00,9.240655999999999537e+00,7.705479999999999663e+00,8.609318000000000026e+00,1.161358399999999946e+01,7.652110000000000412e+00,nan,nan,nan,nan,nan,7.339533999999999558e+00,6.792875999999999692e+00,nan,nan,nan,nan,nan,nan,nan,nan,nan,nan,nan,nan,nan,nan,nan,nan,nan,nan,nan,nan,nan,nan,nan,7.642147999999999719e+00,nan,nan,nan,nan,nan,nan,nan,nan,nan,nan,nan,nan,nan,nan,nan,nan,nan,nan,nan,nan,nan,nan,nan,nan,nan,nan,nan,nan,nan,nan,nan,9.033082000000000278e+00,nan,nan,nan,nan,nan,nan,nan,nan,nan
nan,nan,nan,nan,nan,nan,7.140933999999999671e+00,6.322860999999999621e+00,6.131583000000000006e+00,nan,nan,6.053126999999999924e+00,7.034279999999999866e+00,7.137415999999999983e+00,6.977521999999999558e+00,7.327179000000000109e+00,1.003946200000000033e+01,1.046795900000000046e+01,1.077700399999999981e+01,nan,nan,8.536338999999999899e+00,7.581242999999999732e+00,8.487163000000000679e+00,1.610962299999999914e+01,8.954103999999999175e+00,8.671075000000000088e+00,9.681767000000000678e+00,6.530974999999999753e+00,9.554418000000000077e+00,6.580135000000000289e+00,8.047662000000000759e+00,nan,7.808441000000000187e+00,8.279457999999999984e+00,nan,nan,nan,nan,nan,nan,nan,nan,nan,nan,nan,nan,nan,nan,7.261538999999999966e+00,nan,nan,6.406054000000000137e+00,6.662417999999999729e+00,nan,7.666864999999999597e+00,6.191917000000000115e+00,nan,nan,nan,nan,nan,nan,nan,nan,nan,nan,nan,nan,nan,nan,nan,nan,nan,nan,nan,nan,nan,nan,nan,nan,nan,nan,nan,nan,nan,nan,nan,nan,nan,nan,nan,nan,nan,nan,nan,nan,nan,nan,nan,nan,nan,nan,nan,nan,nan,nan,nan,nan,nan,nan,nan,nan,nan,nan,nan,nan,nan,nan,nan,nan,nan,nan,nan,nan,nan,nan,nan,nan
nan,nan,nan,nan,nan,nan,7.509282999999999930e+00,7.824904000000000082e+00,8.093493999999999744e+00,nan,nan,7.378072999999999659e+00,7.040333999999999648e+00,8.388476999999999961e+00,8.587194999999999467e+00,8.033129999999999882e+00,9.201840999999999937e+00,8.838775000000000048e+00,9.099342000000000041e+00,nan,8.000094000000000705e+00,8.760306999999999178e+00,7.527858000000000160e+00,7.909389000000000003e+00,9.628933999999999216e+00,1.188411999999999935e+01,1.062327299999999930e+01,9.968702000000000396e+00,8.386946999999999264e+00,7.512929999999999886e+00,9.518803000000000125e+00,8.111413000000000650e+00,7.715330999999999939e+00,8.466200999999999866e+00,7.824028000000000205e+00,nan,nan,nan,nan,nan,nan,nan,6.747044999999999959e+00,7.157490000000000130e+00,nan,nan,nan,6.511459000000000330e+00,7.437044000000000210e+00,7.462995000000000267e+00,7.195946000000000176e+00,8.886955999999999634e+00,7.359990999999999950e+00,7.072830999999999868e+00,7.843964999999999854e+00,7.489564999999999806e+00,6.600684000000000218e+00,nan,nan,nan,nan,nan,nan,6.180499000000000187e+00,nan,nan,nan,nan,nan,nan,nan,nan,nan,nan,nan,nan,nan,nan,nan,nan,nan,nan,nan,nan,nan,nan,nan,nan,nan,nan,nan,nan,nan,nan,nan,nan,nan,nan,nan,nan,nan,nan,nan,nan,nan,nan,nan,nan,nan,nan,nan,nan,nan,nan,nan,nan,nan,nan,nan,nan,nan,nan,nan,nan,nan,nan,nan,nan,nan
6.172659999999999592e+00,nan,7.204251000000000182e+00,nan,nan,nan,7.826229999999999798e+00,7.660019000000000133e+00,7.308812999999999782e+00,nan,nan,nan,6.490664999999999907e+00,6.501426999999999623e+00,7.234880999999999673e+00,9.333280000000000243e+00,8.519595999999999947e+00,7.484396000000000271e+00,8.991796000000000788e+00,nan,7.223310999999999815e+00,8.498874000000000706e+00,6.520861000000000018e+00,1.065221999999999980e+01,9.777566000000000201e+00,1.059883800000000065e+01,1.593566900000000075e+01,8.871314999999999173e+00,6.991579999999999906e+00,7.817783000000000371e+00,7.841683999999999877e+00,8.219614999999999227e+00,7.294001999999999875e+00,6.492650000000000254e+00,8.018363000000000795e+00,nan,nan,nan,nan,nan,nan,nan,nan,6.690750000000000419e+00,nan,nan,nan,7.764925999999999995e+00,7.724911999999999779e+00,7.505379999999999718e+00,6.804504999999999804e+00,8.440673999999999566e+00,9.796519999999999229e+00,7.097633000000000081e+00,1.011670900000000017e+01,9.199859999999999260e+00,7.067676999999999765e+00,nan,nan,nan,nan,nan,7.465310999999999808e+00,6.379018000000000299e+00,nan,nan,nan,nan,nan,nan,nan,nan,nan,nan,nan,nan,nan,nan,nan,nan,nan,nan,nan,nan,nan,nan,nan,nan,nan,nan,nan,nan,nan,nan,nan,nan,nan,nan,nan,nan,nan,nan,nan,nan,nan,nan,nan,nan,nan,nan,nan,nan,nan,nan,nan,nan,nan,nan,nan,6.919027999999999956e+00,nan,nan,nan,nan,nan,nan,nan,nan,nan
nan,nan,nan,nan,nan,nan,nan,nan,9.301240999999999204e+00,nan,nan,nan,7.578158000000000172e+00,7.675879000000000119e+00,7.579894999999999605e+00,6.874289000000000094e+00,8.302835999999999217e+00,9.222433999999999799e+00,1.121952699999999936e+01,nan,nan,8.004785999999999291e+00,7.885631000000000057e+00,8.073869999999999436e+00,9.713506000000000640e+00,8.926864999999999384e+00,8.045832000000000761e+00,1.452800300000000000e+01,1.045499000000000045e+01,8.229860999999999649e+00,8.811916000000000082e+00,8.512460000000000804e+00,7.307299999999999685e+00,8.278377000000000763e+00,1.007400400000000040e+01,nan,nan,nan,nan,nan,nan,nan,nan,nan,nan,nan,nan,nan,8.518072000000000088e+00,7.020776999999999823e+00,7.165560000000000151e+00,nan,7.423231000000000357e+00,6.990058000000000327e+00,nan,7.435848000000000013e+00,nan,nan,nan,nan,nan,nan,nan,nan,nan,nan,nan,nan,nan,nan,nan,nan,nan,nan,nan,nan,nan,nan,nan,nan,nan,nan,nan,nan,nan,nan,nan,nan,nan,nan,nan,nan,nan,nan,nan,nan,nan,nan,nan,nan,nan,nan,nan,nan,nan,nan,nan,nan,nan,nan,nan,nan,nan,nan,nan,nan,nan,nan,nan,nan,nan,nan,nan,nan,nan,nan,nan,nan,nan
nan,nan,nan,nan,nan,nan,nan,nan,nan,nan,nan,nan,nan,nan,nan,nan,nan,7.164805000000000312e+00,8.121161999999999992e+00,nan,nan,7.673885000000000289e+00,7.103741999999999557e+00,nan,7.542404999999999582e+00,7.413001000000000396e+00,7.889808999999999628e+00,1.171762200000000043e+01,1.175478799999999957e+01,1.059663399999999989e+01,8.590944000000000358e+00,9.466146000000000171e+00,7.754177000000000319e+00,8.398258000000000223e+00,1.119078200000000045e+01,nan,nan,nan,nan,nan,nan,nan,nan,nan,nan,nan,nan,nan,7.465347999999999651e+00,7.504982000000000042e+00,6.210791999999999646e+00,nan,6.515194000000000152e+00,nan,nan,nan,nan,nan,nan,nan,nan,nan,nan,6.503542000000000378e+00,nan,nan,nan,nan,nan,nan,nan,nan,nan,nan,nan,nan,nan,nan,nan,nan,nan,nan,nan,nan,nan,nan,nan,nan,nan,nan,nan,nan,nan,nan,nan,nan,nan,nan,nan,nan,nan,nan,nan,nan,nan,nan,nan,nan,nan,nan,nan,nan,nan,nan,nan,nan,nan,nan,nan,nan,nan,nan,nan,nan,nan,nan,nan,nan,nan
nan,nan,nan,nan,nan,nan,nan,nan,nan,nan,nan,nan,nan,nan,nan,nan,nan,nan,nan,nan,nan,9.702099000000000473e+00,7.801167000000000407e+00,nan,nan,7.045817999999999692e+00,7.348677000000000348e+00,8.365956999999999866e+00,1.009260399999999969e+01,1.284436000000000000e+01,8.498255000000000337e+00,9.248775999999999442e+00,9.845235999999999876e+00,1.057378899999999966e+01,8.640504999999999214e+00,8.323209999999999553e+00,8.759816000000000713e+00,1.074541699999999977e+01,8.781243999999999161e+00,8.356251000000000317e+00,7.776366000000000334e+00,7.599918999999999869e+00,7.842793000000000347e+00,6.440964000000000134e+00,6.858620000000000161e+00,nan,nan,nan,7.101510000000000211e+00,6.757449000000000261e+00,6.525730000000000253e+00,6.785669999999999646e+00,6.791546000000000305e+00,nan,nan,nan,nan,nan,nan,nan,nan,nan,nan,6.190252000000000088e+00,nan,nan,nan,nan,nan,nan,nan,nan,nan,nan,nan,nan,nan,nan,nan,nan,nan,nan,nan,nan,nan,nan,nan,nan,nan,nan,nan,nan,nan,nan,nan,nan,nan,nan,nan,nan,nan,nan,nan,nan,nan,nan,nan,nan,nan,nan,nan,nan,nan,nan,nan,nan,nan,nan,nan,nan,nan,nan,nan,nan,nan,nan,nan,nan,nan
nan,nan,nan,nan,nan,nan,6.592768000000000406e+00,7.715127999999999986e+00,7.013281000000000098e+00,nan,nan,nan,nan,nan,6.628955000000000375e+00,6.512836000000000070e+00,6.388389000000000095e+00,nan,7.645207000000000086e+00,nan,nan,7.652105999999999852e+00,7.651309000000000360e+00,6.905409999999999826e+00,7.039360000000000284e+00,8.620969999999999800e+00,7.894734999999999836e+00,9.311014999999999375e+00,8.847599999999999909e+00,8.174936000000000647e+00,1.019311899999999937e+01,9.468935000000000102e+00,8.361378000000000199e+00,8.528995000000000104e+00,8.874330999999999747e+00,nan,6.304149999999999920e+00,7.436993000000000187e+00,7.035350000000000215e+00,8.383782999999999319e+00,nan,6.923795000000000144e+00,6.722671000000000063e+00,6.359736999999999973e+00,nan,nan,nan,7.154541000000000039e+00,7.258522000000000141e+00,7.053587000000000273e+00,6.823082999999999565e+00,8.230021000000000697e+00,6.832893999999999579e+00,6.572651999999999717e+00,nan,6.276748999999999690e+00,6.040581000000000422e+00,nan,nan,nan,nan,nan,nan,6.591674000000000255e+00,nan,nan,nan,nan,nan,nan,nan,nan,nan,nan,nan,nan,nan,nan,nan,nan,nan,nan,nan,nan,nan,nan,nan,nan,nan,nan,nan,nan,nan,nan,nan,nan,nan,nan,nan,nan,nan,nan,nan,nan,nan,nan,nan,nan,nan,nan,nan,nan,nan,nan,nan,nan,nan,nan,nan,nan,nan,nan,nan,nan,nan,nan,nan,nan,nan
nan,nan,nan,nan,nan,nan,nan,nan,nan,nan,nan,nan,nan,nan,nan,nan,nan,nan,nan,nan,nan,nan,9.268810000000000215e+00,nan,nan,7.401317999999999842e+00,8.218716999999999828e+00,6.986269000000000062e+00,9.358031999999999684e+00,9.271388999999999214e+00,9.322252000000000649e+00,1.085762300000000025e+01,8.677137999999999352e+00,8.933597999999999928e+00,8.584815000000000751e+00,nan,nan,7.879197999999999702e+00,8.044734999999999303e+00,7.914003000000000121e+00,nan,nan,6.193226000000000120e+00,nan,nan,nan,nan,nan,7.725094999999999601e+00,7.100462000000000273e+00,6.295964999999999812e+00,6.632723000000000368e+00,5.769261000000000195e+00,nan,nan,nan,nan,nan,nan,nan,nan,nan,nan,6.146024999999999849e+00,nan,nan,nan,nan,nan,nan,nan,nan,nan,nan,nan,nan,nan,nan,nan,nan,nan,nan,nan,nan,nan,nan,nan,nan,nan,nan,nan,nan,nan,nan,nan,nan,nan,nan,nan,nan,nan,nan,nan,nan,nan,nan,nan,nan,nan,nan,nan,nan,nan,nan,nan,nan,nan,nan,nan,nan,nan,nan,nan,nan,nan,nan,nan,nan,nan
nan,nan,nan,nan,nan,nan,nan,nan,nan,nan,nan,nan,nan,nan,nan,nan,nan,nan,nan,nan,nan,nan,7.159836999999999563e+00,nan,nan,7.687999999999999723e+00,8.132286000000000570e+00,7.243176000000000059e+00,8.466075000000000017e+00,9.957838999999999885e+00,8.645137000000000072e+00,8.929719000000000406e+00,1.139253800000000005e+01,8.759059999999999846e+00,8.156459999999999155e+00,6.941581000000000223e+00,8.092352999999999241e+00,9.662758000000000180e+00,9.482554999999999623e+00,1.022352599999999967e+01,7.206768000000000285e+00,7.163920000000000066e+00,8.275819999999999510e+00,7.459951000000000221e+00,8.605453999999999937e+00,nan,nan,6.184681999999999569e+00,7.468474999999999753e+00,8.336335999999999302e+00,6.495033000000000278e+00,7.877085000000000115e+00,6.941442999999999586e+00,6.249316000000000315e+00,nan,6.143097000000000030e+00,nan,nan,nan,nan,nan,nan,nan,6.339603000000000321e+00,nan,nan,nan,nan,nan,nan,nan,nan,nan,nan,nan,nan,nan,nan,nan,nan,nan,nan,nan,nan,nan,nan,nan,nan,nan,nan,nan,nan,nan,nan,nan,nan,nan,nan,nan,nan,nan,nan,nan,nan,nan,nan,nan,nan,nan,nan,nan,nan,nan,nan,nan,nan,nan,nan,nan,nan,nan,nan,nan,nan,nan,nan,nan,nan,nan
nan,nan,nan,nan,nan,nan,nan,nan,nan,nan,nan,nan,nan,nan,nan,nan,nan,nan,8.143857000000000568e+00,nan,nan,9.153620000000000090e+00,1.208476899999999965e+01,nan,nan,6.763969999999999594e+00,6.697042999999999857e+00,8.806200999999999723e+00,8.175639999999999574e+00,1.099131500000000017e+01,7.750092999999999677e+00,7.894263999999999726e+00,8.431487000000000620e+00,1.353379699999999985e+01,1.031908499999999940e+01,1.105393300000000067e+01,9.410278999999999172e+00,8.511411999999999978e+00,8.036215000000000330e+00,8.412580000000000169e+00,7.819867999999999597e+00,9.064044000000000878e+00,7.581929999999999836e+00,7.226880999999999666e+00,7.978627999999999609e+00,nan,nan,nan,6.769688000000000372e+00,6.495086999999999833e+00,6.004665000000000141e+00,6.584355999999999653e+00,6.450529000000000401e+00,6.660268000000000299e+00,nan,6.981247999999999898e+00,nan,nan,nan,nan,nan,nan,nan,7.263253999999999877e+00,nan,nan,nan,nan,nan,nan,nan,nan,nan,nan,nan,nan,nan,nan,nan,nan,nan,nan,nan,nan,nan,nan,nan,nan,nan,nan,nan,nan,nan,nan,8.279835000000000278e+00,nan,nan,8.137802999999999898e+00,nan,nan,nan,nan,nan,nan,nan,6.583167000000000435e+00,nan,nan,nan,nan,nan,nan,nan,nan,nan,nan,nan,nan,nan,nan,nan,nan,nan,nan,nan,nan,nan,nan,nan
nan,nan,nan,nan,nan,nan,nan,nan,8.742193000000000325e+00,nan,nan,nan,7.346702999999999761e+00,7.549180999999999919e+00,7.215175999999999590e+00,8.666059999999999874e+00,6.754799000000000220e+00,7.568374000000000379e+00,1.045894599999999919e+01,nan,7.860326999999999842e+00,1.101967299999999916e+01,9.636881999999999948e+00,6.823979999999999713e+00,7.715962000000000209e+00,7.507257000000000069e+00,8.411239999999999384e+00,1.038059800000000088e+01,1.059996100000000041e+01,9.373989999999999156e+00,7.972072999999999965e+00,7.700026000000000259e+00,7.587672000000000416e+00,9.855256999999999934e+00,1.267193499999999950e+01,8.629016000000000020e+00,6.921763000000000332e+00,7.791960000000000441e+00,6.740636000000000294e+00,nan,nan,6.919626000000000055e+00,nan,6.496140999999999721e+00,6.906558000000000419e+00,nan,nan,nan,6.532804999999999751e+00,7.536933999999999578e+00,7.254342000000000290e+00,6.928269000000000233e+00,6.813505000000000145e+00,6.789443999999999591e+00,nan,7.085671999999999748e+00,nan,nan,nan,nan,nan,nan,nan,6.997205000000000119e+00,nan,nan,nan,nan,nan,nan,nan,nan,nan,nan,nan,nan,nan,nan,nan,nan,nan,nan,nan,nan,nan,nan,nan,nan,nan,nan,nan,nan,nan,nan,nan,nan,nan,nan,nan,nan,nan,nan,nan,nan,nan,nan,nan,nan,nan,nan,nan,nan,nan,nan,nan,nan,nan,nan,nan,nan,nan,nan,nan,nan,nan,nan,nan,nan,nan
nan,nan,nan,nan,nan,nan,nan,nan,nan,nan,nan,nan,nan,nan,nan,nan,nan,nan,nan,nan,nan,nan,7.224083000000000254e+00,nan,nan,nan,nan,nan,nan,9.193676999999999211e+00,6.540509000000000128e+00,6.484487999999999808e+00,7.580625000000000391e+00,1.121098600000000012e+01,8.392976000000000880e+00,1.504418300000000031e+01,1.233248799999999967e+01,9.501198999999999728e+00,8.518822999999999368e+00,8.073646999999999352e+00,8.437944999999999141e+00,8.623934999999999462e+00,8.067907999999999191e+00,nan,nan,nan,nan,nan,6.663361000000000089e+00,6.952555000000000263e+00,nan,nan,7.550963999999999565e+00,nan,nan,nan,nan,nan,nan,nan,nan,nan,nan,nan,nan,nan,nan,nan,nan,nan,nan,nan,nan,nan,nan,nan,nan,nan,nan,nan,nan,nan,nan,nan,nan,nan,nan,nan,nan,nan,nan,nan,nan,nan,nan,nan,nan,nan,nan,nan,nan,nan,nan,nan,nan,nan,nan,nan,nan,nan,nan,nan,nan,nan,nan,nan,nan,nan,nan,nan,nan,nan,nan,nan,nan,nan,nan,nan,nan
nan,nan,nan,nan,nan,nan,nan,nan,nan,nan,nan,nan,nan,nan,nan,nan,nan,nan,nan,nan,nan,nan,7.670278999999999847e+00,nan,nan,nan,nan,nan,6.839345999999999925e+00,1.033403299999999980e+01,7.104856999999999978e+00,6.881464000000000247e+00,8.050786999999999694e+00,9.236048999999999509e+00,7.341408999999999629e+00,1.303949099999999994e+01,1.440710400000000035e+01,1.018554400000000015e+01,9.507535999999999987e+00,9.145974000000000714e+00,1.015180699999999980e+01,8.790950999999999738e+00,8.102104999999999890e+00,6.465838999999999892e+00,7.491350999999999871e+00,nan,nan,nan,6.638107999999999898e+00,6.739713000000000065e+00,nan,nan,6.990204999999999558e+00,nan,nan,nan,nan,nan,nan,nan,nan,nan,nan,6.095289000000000179e+00,nan,nan,nan,nan,nan,nan,nan,nan,nan,nan,nan,nan,nan,nan,nan,nan,nan,nan,nan,nan,nan,nan,nan,nan,nan,nan,nan,nan,nan,nan,nan,nan,nan,nan,nan,nan,nan,nan,nan,nan,nan,nan,nan,nan,nan,nan,nan,nan,nan,nan,nan,nan,nan,nan,nan,nan,nan,nan,nan,nan,nan,nan,nan,nan,nan
nan,nan,nan,nan,nan,nan,nan,nan,nan,nan,nan,nan,nan,nan,nan,nan,nan,nan,nan,nan,nan,nan,nan,nan,nan,nan,nan,nan,7.389814999999999579e+00,1.046820300000000081e+01,6.849541000000000324e+00,7.091148999999999702e+00,1.010299599999999920e+01,8.355584999999999596e+00,6.513606000000000229e+00,8.406463999999999714e+00,9.354259000000000768e+00,1.226428499999999921e+01,9.541347999999999274e+00,8.736653000000000446e+00,8.594635000000000247e+00,7.325027999999999651e+00,8.265081000000000344e+00,nan,nan,nan,nan,nan,6.599590000000000067e+00,7.264135999999999704e+00,nan,6.327516000000000140e+00,nan,nan,nan,nan,nan,nan,nan,nan,nan,nan,nan,5.695742000000000083e+00,nan,nan,nan,nan,nan,nan,nan,nan,nan,nan,nan,nan,nan,nan,nan,nan,nan,nan,nan,nan,nan,nan,nan,nan,nan,nan,nan,nan,nan,nan,nan,nan,nan,nan,nan,nan,nan,nan,nan,nan,nan,nan,nan,nan,nan,nan,nan,nan,nan,nan,nan,nan,nan,nan,nan,nan,nan,nan,nan,nan,nan,nan,nan,nan,nan
nan,nan,nan,nan,nan,nan,nan,nan,nan,nan,nan,nan,nan,nan,nan,nan,nan,nan,nan,nan,nan,nan,nan,nan,nan,nan,nan,nan,nan,9.033060000000000755e+00,6.524664999999999715e+00,6.941292999999999935e+00,8.781472000000000833e+00,7.871347000000000094e+00,6.184782000000000224e+00,9.305552000000000490e+00,9.699595999999999663e+00,1.074083399999999955e+01,1.439182399999999973e+01,1.140704099999999954e+01,9.489103000000000065e+00,7.458652999999999977e+00,7.975431999999999633e+00,7.401285999999999810e+00,nan,nan,nan,nan,6.621656999999999904e+00,6.526585999999999999e+00,5.998827000000000353e+00,6.249305999999999806e+00,5.909597999999999907e+00,nan,nan,nan,nan,nan,nan,nan,nan,nan,nan,6.591035999999999895e+00,nan,nan,nan,nan,nan,nan,nan,nan,nan,nan,nan,nan,nan,nan,nan,nan,nan,nan,nan,nan,nan,nan,nan,nan,nan,nan,nan,nan,nan,nan,nan,nan,nan,nan,nan,nan,nan,nan,nan,nan,nan,nan,nan,nan,nan,nan,nan,nan,nan,nan,nan,nan,nan,nan,nan,nan,nan,nan,nan,nan,nan,nan,nan,nan,nan
nan,nan,nan,nan,nan,nan,nan,nan,nan,nan,nan,nan,nan,nan,nan,nan,nan,nan,nan,nan,nan,nan,nan,nan,nan,nan,nan,nan,nan,9.606956000000000273e+00,8.105268000000000583e+00,7.193086000000000091e+00,9.315524999999999167e+00,7.383885000000000254e+00,nan,nan,8.522700000000000387e+00,1.056752700000000011e+01,1.250607499999999916e+01,1.264067999999999969e+01,8.421277999999999153e+00,9.015430999999999528e+00,9.618472000000000577e+00,7.797729000000000354e+00,7.404448000000000363e+00,nan,nan,nan,8.000978999999999175e+00,8.810064999999999813e+00,7.283964000000000105e+00,7.734814000000000078e+00,6.592081000000000301e+00,nan,nan,nan,nan,nan,nan,nan,nan,nan,nan,6.589770999999999823e+00,nan,nan,nan,nan,nan,nan,nan,nan,nan,nan,nan,nan,nan,nan,nan,nan,nan,nan,nan,nan,nan,nan,nan,nan,nan,nan,nan,nan,nan,nan,nan,nan,nan,nan,nan,nan,nan,nan,nan,nan,nan,nan,nan,nan,nan,nan,nan,nan,nan,nan,nan,nan,nan,nan,nan,nan,nan,nan,nan,nan,nan,nan,nan,nan,nan
nan,nan,nan,nan,nan,nan,nan,nan,nan,nan,nan,nan,nan,nan,nan,nan,nan,nan,nan,nan,nan,nan,8.116096999999999895e+00,nan,nan,nan,nan,nan,nan,8.654185999999999268e+00,6.593773999999999802e+00,nan,6.989783000000000079e+00,8.009800999999999505e+00,7.206622000000000305e+00,8.065747000000000000e+00,1.198284999999999911e+01,8.884069999999999467e+00,9.493952000000000169e+00,8.616084000000000742e+00,1.521217399999999920e+01,9.335207000000000477e+00,9.237515000000000143e+00,7.807826000000000377e+00,7.849717000000000056e+00,nan,nan,nan,7.177938000000000152e+00,6.016073999999999700e+00,nan,nan,nan,nan,nan,nan,nan,nan,nan,nan,nan,nan,nan,6.691086000000000311e+00,nan,nan,nan,nan,nan,nan,nan,nan,nan,nan,nan,nan,nan,nan,nan,nan,nan,nan,nan,nan,nan,nan,nan,nan,nan,nan,nan,nan,nan,nan,nan,nan,nan,nan,nan,nan,nan,nan,nan,nan,nan,nan,nan,nan,nan,nan,nan,nan,nan,nan,nan,nan,nan,nan,nan,nan,nan,nan,nan,nan,nan,nan,nan,nan,nan
nan,nan,nan,nan,nan,nan,nan,nan,nan,nan,nan,nan,nan,nan,nan,nan,nan,nan,nan,nan,nan,nan,8.814201999999999870e+00,nan,nan,nan,6.789244000000000057e+00,nan,6.767676999999999943e+00,7.612871000000000166e+00,7.526397000000000226e+00,6.882018999999999664e+00,8.091473000000000582e+00,9.386988999999999805e+00,7.265153999999999890e+00,8.984092000000000411e+00,9.354345000000000354e+00,8.578569999999999141e+00,8.371904999999999930e+00,9.114983999999999753e+00,1.034246899999999947e+01,1.393899399999999922e+01,1.066295999999999999e+01,1.054918699999999987e+01,8.516723000000000710e+00,nan,nan,nan,8.349631000000000469e+00,7.735613999999999990e+00,7.112566000000000166e+00,7.634387000000000256e+00,6.628560000000000230e+00,7.351161000000000278e+00,nan,nan,nan,nan,nan,nan,nan,nan,nan,7.445594999999999963e+00,nan,nan,nan,nan,nan,nan,nan,nan,nan,nan,nan,nan,nan,nan,nan,nan,nan,nan,nan,nan,nan,nan,nan,nan,nan,nan,nan,nan,nan,nan,nan,nan,7.680437999999999654e+00,nan,nan,nan,nan,nan,nan,nan,nan,8.707371999999999446e+00,nan,nan,8.913774999999999338e+00,nan,nan,nan,7.322366999999999848e+00,nan,nan,nan,nan,nan,nan,nan,nan,nan,nan,nan,nan,nan,nan,nan,nan
nan,nan,nan,nan,nan,nan,nan,nan,nan,nan,nan,nan,nan,nan,nan,nan,nan,nan,nan,nan,nan,nan,7.036088999999999594e+00,nan,nan,6.688185999999999964e+00,nan,nan,nan,8.556112999999999857e+00,6.691671000000000369e+00,6.639489000000000196e+00,9.017215000000000202e+00,7.422217999999999982e+00,5.944096000000000046e+00,7.727933000000000163e+00,8.316302999999999557e+00,9.113282999999999134e+00,9.752957000000000320e+00,1.088397699999999979e+01,9.371297000000000210e+00,1.057595399999999941e+01,1.333422499999999999e+01,9.686726000000000170e+00,9.546065999999999718e+00,9.680787000000000475e+00,nan,8.000078000000000245e+00,9.832043000000000532e+00,7.886275000000000368e+00,7.282693000000000083e+00,7.314835999999999672e+00,6.862814000000000192e+00,7.955955000000000332e+00,nan,nan,nan,nan,nan,nan,nan,nan,6.474891000000000396e+00,7.756066999999999823e+00,nan,nan,nan,nan,nan,nan,nan,nan,nan,nan,nan,nan,nan,nan,nan,nan,nan,nan,nan,nan,nan,nan,nan,nan,nan,nan,nan,nan,nan,nan,nan,nan,nan,nan,nan,nan,nan,nan,nan,nan,nan,8.883558999999999983e+00,1.180285499999999921e+01,8.535294999999999632e+00,nan,nan,nan,1.583629499999999979e+01,1.019304099999999913e+01,nan,1.693658100000000033e+01,nan,nan,nan,nan,nan,nan,nan,nan,nan,nan,nan,nan,nan,nan
8.184005000000000862e+00,7.894287000000000276e+00,8.417816000000000187e+00,nan,nan,nan,8.693103999999999942e+00,7.512507000000000268e+00,1.768629599999999868e+01,nan,nan,nan,nan,nan,nan,6.616354000000000291e+00,nan,nan,nan,6.599864000000000175e+00,nan,6.838675000000000281e+00,7.721327999999999747e+00,6.726926999999999879e+00,nan,6.461178000000000310e+00,6.779748999999999803e+00,nan,nan,6.594650999999999819e+00,7.603206000000000131e+00,6.981353000000000364e+00,8.872087999999999752e+00,7.505175000000000374e+00,6.019128000000000256e+00,6.617517999999999567e+00,6.536328000000000138e+00,8.103980999999999213e+00,7.169442000000000093e+00,9.205897999999999470e+00,8.384686000000000305e+00,9.468728999999999729e+00,1.003170199999999923e+01,1.107730800000000038e+01,1.273054899999999989e+01,1.103147700000000064e+01,8.567562999999999818e+00,1.076095499999999916e+01,9.846930999999999656e+00,9.006014000000000408e+00,8.898898000000000863e+00,8.277347000000000676e+00,7.403069999999999595e+00,8.825362000000000151e+00,7.376453999999999844e+00,8.028874999999999318e+00,9.035683000000000575e+00,nan,nan,nan,nan,nan,1.114858199999999933e+01,1.152245800000000031e+01,nan,nan,nan,nan,nan,nan,nan,nan,nan,nan,nan,nan,nan,nan,nan,nan,nan,nan,nan,nan,nan,nan,nan,nan,nan,nan,nan,nan,nan,nan,nan,nan,nan,nan,nan,nan,nan,nan,nan,nan,nan,nan,nan,8.005181000000000324e+00,7.885788999999999938e+00,nan,nan,9.735673999999999495e+00,nan,nan,8.223767999999999745e+00,nan,nan,6.641036999999999857e+00,nan,nan,nan,nan,nan,nan,nan,nan,nan,8.968170000000000641e+00,nan
8.121496999999999744e+00,nan,nan,nan,nan,nan,nan,1.180109999999999992e+01,2.175684599999999946e+01,nan,nan,nan,nan,nan,nan,1.324523800000000051e+01,nan,nan,nan,nan,nan,6.938634999999999664e+00,9.348670000000000258e+00,8.760730999999999824e+00,nan,7.766443999999999903e+00,8.296540999999999499e+00,nan,nan,7.899195999999999884e+00,7.679540000000000255e+00,6.996269999999999989e+00,8.704437999999999676e+00,8.194390000000000285e+00,7.832021000000000122e+00,6.840008000000000088e+00,6.585542000000000229e+00,6.797811000000000270e+00,nan,7.074473000000000233e+00,7.739516000000000062e+00,1.031007899999999999e+01,1.040585199999999944e+01,1.047399799999999992e+01,1.274879699999999971e+01,8.930253000000000441e+00,9.303791000000000366e+00,8.739556999999999576e+00,8.825177999999999301e+00,8.806725999999999388e+00,8.286628000000000327e+00,8.070622999999999436e+00,7.521177999999999919e+00,8.401426000000000727e+00,7.318386000000000280e+00,7.824288000000000132e+00,7.771886000000000294e+00,nan,nan,nan,nan,nan,9.595238000000000156e+00,1.286167200000000044e+01,nan,nan,nan,nan,nan,nan,nan,nan,nan,nan,nan,nan,nan,nan,nan,nan,nan,nan,nan,nan,nan,nan,nan,nan,nan,nan,nan,nan,nan,nan,nan,nan,nan,nan,nan,nan,nan,nan,nan,nan,nan,nan,nan,9.373077999999999577e+00,9.027779999999999916e+00,nan,nan,1.251725599999999972e+01,nan,nan,1.246908200000000022e+01,nan,nan,nan,nan,nan,nan,nan,nan,nan,nan,nan,nan,7.083806000000000047e+00,nan
8.767497999999999791e+00,7.888900999999999719e+00,nan,nan,nan,nan,7.370258999999999894e+00,8.476822999999999553e+00,1.089963099999999940e+01,nan,nan,nan,nan,nan,nan,7.691482999999999848e+00,nan,nan,nan,nan,nan,6.960577999999999932e+00,8.784031000000000589e+00,6.383494999999999919e+00,nan,7.788926000000000016e+00,7.804517999999999844e+00,nan,nan,nan,8.585444999999999993e+00,nan,nan,nan,nan,nan,nan,nan,nan,nan,nan,8.946756999999999849e+00,8.877777000000000029e+00,1.285737100000000055e+01,1.354260200000000047e+01,1.293432800000000071e+01,1.322445699999999924e+01,9.991538000000000252e+00,8.255808000000000035e+00,8.142184000000000310e+00,9.198392000000000124e+00,9.079988000000000170e+00,7.607895000000000074e+00,8.882720000000000837e+00,7.732776999999999568e+00,1.103011099999999978e+01,1.004612999999999978e+01,nan,nan,nan,nan,nan,1.259741099999999925e+01,1.649168900000000093e+01,nan,nan,nan,nan,nan,nan,nan,nan,nan,nan,nan,nan,nan,nan,nan,nan,nan,nan,nan,nan,nan,nan,nan,nan,nan,nan,nan,nan,nan,nan,nan,nan,nan,nan,nan,nan,nan,nan,nan,nan,nan,nan,nan,nan,nan,nan,nan,1.556710499999999975e+01,nan,nan,1.180398800000000037e+01,nan,nan,nan,nan,nan,nan,nan,nan,nan,nan,nan,nan,9.660486000000000573e+00,nan
9.259850999999999388e+00,nan,nan,nan,nan,nan,7.079164999999999708e+00,nan,nan,nan,nan,nan,nan,nan,nan,1.399499999999999922e+01,nan,nan,nan,nan,nan,nan,nan,nan,nan,nan,nan,nan,nan,nan,nan,nan,nan,nan,nan,nan,nan,nan,nan,nan,nan,nan,nan,9.858845999999999776e+00,1.148519800000000046e+01,1.388972900000000088e+01,1.827830799999999911e+01,1.090312100000000051e+01,7.062057000000000251e+00,8.235298000000000229e+00,9.765064000000000632e+00,7.397827000000000375e+00,7.024080999999999797e+00,1.205632100000000051e+01,nan,9.370727999999999724e+00,1.182854599999999934e+01,nan,nan,nan,nan,nan,1.463360100000000052e+01,1.197337100000000021e+01,nan,nan,nan,nan,nan,nan,nan,nan,nan,nan,nan,nan,nan,nan,nan,nan,nan,nan,nan,nan,nan,nan,nan,nan,nan,nan,nan,nan,nan,nan,nan,nan,nan,nan,nan,nan,nan,nan,nan,nan,nan,nan,nan,nan,nan,nan,nan,nan,nan,nan,nan,nan,nan,nan,nan,nan,nan,nan,nan,nan,nan,nan,nan,nan,nan
7.902232999999999841e+00,6.665983999999999909e+00,8.480836000000000041e+00,nan,nan,8.508554000000000173e+00,7.186768999999999963e+00,7.528323000000000320e+00,7.572714000000000389e+00,nan,nan,nan,nan,nan,nan,7.463948000000000249e+00,nan,nan,nan,6.673117999999999661e+00,nan,nan,8.657876999999999157e+00,7.245421000000000333e+00,nan,8.828808999999999685e+00,7.688616999999999813e+00,nan,nan,nan,9.270395000000000607e+00,nan,7.562344999999999651e+00,6.803950999999999638e+00,nan,nan,nan,nan,nan,nan,nan,7.317090999999999568e+00,7.742195999999999856e+00,9.858525000000000205e+00,9.923932999999999893e+00,1.018394400000000033e+01,9.382113999999999621e+00,1.066109100000000076e+01,8.309155999999999764e+00,8.333735000000000781e+00,1.014311299999999960e+01,8.059946999999999306e+00,7.561745000000000161e+00,9.038410000000000721e+00,nan,9.789839999999999876e+00,8.258331000000000088e+00,nan,nan,nan,nan,nan,1.042832399999999993e+01,1.046344400000000086e+01,nan,nan,nan,nan,nan,nan,nan,nan,nan,nan,nan,nan,nan,nan,nan,nan,nan,nan,nan,nan,nan,nan,nan,nan,nan,nan,nan,nan,nan,nan,nan,nan,nan,nan,nan,nan,nan,nan,nan,nan,nan,nan,nan,6.519512999999999892e+00,nan,nan,nan,9.397467999999999932e+00,nan,nan,7.458427000000000362e+00,nan,nan,nan,nan,nan,nan,nan,nan,nan,nan,nan,nan,6.459692999999999685e+00,nan
8.509176999999999325e+00,6.901364000000000054e+00,nan,nan,nan,nan,6.009154999999999802e+00,8.453300000000000480e+00,1.639862799999999865e+01,nan,nan,nan,nan,nan,nan,8.419874000000000080e+00,nan,nan,nan,nan,nan,nan,7.884202000000000155e+00,8.055452000000000723e+00,nan,8.160807000000000144e+00,7.829801999999999929e+00,7.971943999999999697e+00,7.308869999999999756e+00,7.592152999999999707e+00,8.582872999999999308e+00,8.055493000000000237e+00,9.049846999999999753e+00,6.881663999999999781e+00,6.380645000000000344e+00,nan,6.874705999999999761e+00,6.930488999999999677e+00,7.883091000000000292e+00,1.005342899999999950e+01,6.925644000000000133e+00,7.889281999999999684e+00,1.014014099999999985e+01,9.549604000000000426e+00,9.150223999999999691e+00,7.357244999999999813e+00,7.804186999999999763e+00,8.611409000000000091e+00,1.159263600000000061e+01,9.992136000000000351e+00,8.073886999999999148e+00,8.645352000000000814e+00,7.511912999999999840e+00,7.476773999999999809e+00,6.287843999999999767e+00,7.820986000000000438e+00,6.912030999999999814e+00,nan,nan,nan,nan,nan,7.447614999999999874e+00,8.959284999999999499e+00,nan,nan,nan,nan,nan,nan,nan,nan,nan,nan,nan,nan,nan,nan,nan,nan,nan,nan,nan,nan,nan,nan,nan,nan,nan,nan,nan,nan,nan,nan,nan,nan,nan,nan,nan,nan,nan,nan,nan,nan,nan,nan,nan,6.151467000000000240e+00,nan,nan,nan,1.059619200000000028e+01,7.081375000000000419e+00,nan,8.026166999999999163e+00,nan,nan,nan,nan,nan,nan,nan,nan,nan,nan,nan,nan,nan,nan
6.583912999999999904e+00,7.468163999999999803e+00,6.672095999999999805e+00,nan,nan,nan,5.914570000000000327e+00,6.957347999999999644e+00,1.221889499999999984e+01,nan,nan,nan,nan,nan,6.550788999999999973e+00,7.521333000000000268e+00,nan,nan,nan,nan,nan,7.435824000000000211e+00,6.886887999999999899e+00,7.050112999999999630e+00,nan,8.113766000000000034e+00,8.111110999999999294e+00,7.550762999999999892e+00,7.824366000000000376e+00,6.905549999999999855e+00,8.893397999999999470e+00,9.145277000000000100e+00,9.012382999999999811e+00,7.027212999999999710e+00,7.693004000000000175e+00,nan,6.927490999999999843e+00,6.757343999999999795e+00,7.575077000000000282e+00,9.087721999999999412e+00,6.960341999999999807e+00,8.016387999999999181e+00,8.485808000000000462e+00,7.935719999999999885e+00,8.221391000000000560e+00,7.308209999999999873e+00,7.798960000000000115e+00,7.107295999999999836e+00,9.638089000000000794e+00,1.073541699999999999e+01,8.424182000000000059e+00,9.105610000000000426e+00,7.916718000000000366e+00,8.586971000000000132e+00,7.485540999999999556e+00,7.356298999999999921e+00,7.857915000000000205e+00,nan,nan,nan,nan,nan,8.961698999999999415e+00,7.445659000000000027e+00,nan,nan,nan,nan,nan,nan,nan,nan,nan,nan,nan,nan,nan,nan,nan,nan,nan,nan,nan,nan,nan,nan,nan,nan,nan,nan,nan,nan,nan,nan,nan,nan,nan,nan,nan,nan,nan,nan,nan,nan,nan,nan,nan,nan,nan,nan,nan,nan,nan,6.551182999999999979e+00,7.634160999999999753e+00,nan,nan,nan,nan,nan,nan,nan,nan,nan,nan,nan,nan,6.567737000000000158e+00,nan
7.207736999999999838e+00,6.404130000000000322e+00,9.423014000000000223e+00,nan,8.312253000000000114e+00,7.673916000000000182e+00,7.672290000000000276e+00,6.740321999999999925e+00,8.233736000000000388e+00,6.143811000000000355e+00,6.781939000000000384e+00,5.863076999999999650e+00,nan,nan,nan,7.767638999999999960e+00,7.071716999999999587e+00,nan,nan,6.794731999999999772e+00,nan,7.271771000000000207e+00,7.092050000000000409e+00,6.795207000000000441e+00,nan,7.473164999999999836e+00,6.851302999999999699e+00,9.023229999999999862e+00,nan,nan,8.683785000000000309e+00,7.278126999999999569e+00,8.417628999999999806e+00,6.423860000000000348e+00,8.148061999999999472e+00,nan,nan,nan,nan,6.657771999999999579e+00,nan,8.531285999999999703e+00,6.852304000000000173e+00,9.046271000000000839e+00,8.604008999999999574e+00,8.042268999999999224e+00,9.465460000000000207e+00,9.679536000000000584e+00,8.570131999999999195e+00,8.703787000000000162e+00,1.068697799999999987e+01,8.651141000000000858e+00,8.317757000000000289e+00,9.152494000000000796e+00,7.223328000000000415e+00,7.204717999999999734e+00,7.892015999999999920e+00,nan,nan,nan,nan,nan,8.600101000000000440e+00,9.366809999999999192e+00,nan,nan,nan,nan,nan,nan,nan,nan,nan,nan,nan,nan,nan,nan,nan,nan,nan,nan,nan,nan,nan,nan,nan,nan,nan,nan,nan,nan,nan,nan,nan,nan,nan,nan,nan,nan,nan,nan,nan,nan,nan,nan,nan,6.612246999999999986e+00,nan,1.529491200000000006e+01,nan,1.116661900000000074e+01,nan,6.338133000000000017e+00,7.503110000000000390e+00,nan,nan,6.967546999999999713e+00,nan,nan,6.392961999999999811e+00,nan,nan,nan,nan,nan,6.232503999999999600e+00,6.565936999999999912e+00,nan
nan,nan,nan,nan,nan,nan,7.183009000000000199e+00,7.696386000000000394e+00,nan,nan,nan,nan,nan,nan,7.477069000000000187e+00,6.838839000000000112e+00,nan,nan,nan,nan,nan,nan,6.383155000000000356e+00,7.429191000000000322e+00,nan,8.598036999999999708e+00,8.252304999999999779e+00,nan,nan,nan,9.538648000000000238e+00,7.762533000000000349e+00,8.126217999999999719e+00,6.840201000000000420e+00,8.515582000000000207e+00,nan,nan,7.063884999999999970e+00,nan,7.597133000000000358e+00,nan,6.450910000000000366e+00,7.277103999999999573e+00,7.961414000000000435e+00,7.382652000000000214e+00,nan,nan,6.961809999999999832e+00,9.326214000000000226e+00,9.618755000000000166e+00,8.142262999999999806e+00,1.259803100000000065e+01,1.001278399999999991e+01,7.922416000000000125e+00,8.089257999999999171e+00,7.108310999999999602e+00,nan,nan,nan,nan,nan,nan,nan,6.650399000000000171e+00,nan,nan,nan,nan,nan,nan,nan,nan,nan,nan,nan,nan,nan,nan,nan,nan,nan,nan,nan,nan,nan,nan,nan,nan,nan,nan,nan,nan,nan,nan,nan,nan,nan,nan,nan,nan,nan,nan,nan,nan,nan,nan,nan,nan,nan,nan,nan,nan,nan,nan,nan,nan,nan,nan,nan,nan,nan,nan,nan,nan,nan,nan,nan,nan,nan
6.918353999999999893e+00,6.041671000000000014e+00,6.554414999999999658e+00,nan,nan,nan,7.405923999999999729e+00,7.659748999999999697e+00,8.067019000000000162e+00,8.210525999999999769e+00,6.343590999999999980e+00,nan,nan,nan,7.324735000000000440e+00,8.086185999999999652e+00,7.129082000000000363e+00,nan,7.354273000000000060e+00,6.306930999999999621e+00,6.793292000000000108e+00,6.721892000000000422e+00,6.931540000000000035e+00,9.681385000000000574e+00,6.501941000000000415e+00,7.947951999999999906e+00,9.193251999999999313e+00,8.030844999999999345e+00,7.672850000000000392e+00,6.629790999999999990e+00,7.434313000000000393e+00,6.107728999999999964e+00,7.471176999999999957e+00,6.338023999999999880e+00,7.030116999999999727e+00,nan,6.297755000000000436e+00,nan,6.621432999999999680e+00,7.550796000000000063e+00,nan,7.796551000000000009e+00,7.146072000000000202e+00,7.935901000000000316e+00,7.700090000000000323e+00,6.522210000000000285e+00,7.050072000000000116e+00,7.574601000000000361e+00,7.400922999999999696e+00,8.654669000000000167e+00,8.842359000000000080e+00,9.940492000000000772e+00,1.438297500000000007e+01,9.943877000000000521e+00,1.583752600000000044e+01,9.492969000000000435e+00,7.262912000000000035e+00,nan,nan,nan,nan,nan,7.893030999999999686e+00,7.036819999999999631e+00,nan,nan,nan,nan,nan,nan,nan,nan,nan,nan,nan,nan,nan,nan,nan,nan,nan,nan,nan,nan,nan,nan,nan,nan,nan,nan,nan,nan,nan,nan,nan,nan,nan,nan,nan,nan,nan,nan,nan,nan,nan,nan,nan,nan,nan,nan,nan,1.105209699999999984e+01,nan,nan,6.921949999999999825e+00,nan,8.712108999999999881e+00,7.258600000000000385e+00,6.978240000000000443e+00,nan,nan,nan,nan,nan,nan,nan,nan,6.149897000000000169e+00,nan
7.963631000000000348e+00,7.024168999999999663e+00,8.934165999999999386e+00,nan,1.113720799999999933e+01,8.635426999999999964e+00,7.520336000000000354e+00,7.440109999999999779e+00,1.165582900000000066e+01,9.700262999999999636e+00,7.036626000000000047e+00,nan,nan,nan,8.243536999999999892e+00,9.184082999999999330e+00,nan,nan,nan,7.402538999999999980e+00,nan,nan,6.361565999999999832e+00,8.174277000000000015e+00,nan,8.253524999999999778e+00,7.246567999999999898e+00,1.025722599999999929e+01,nan,nan,8.244505000000000194e+00,nan,7.710233999999999810e+00,6.090826999999999991e+00,7.689868999999999843e+00,nan,nan,nan,nan,nan,nan,8.924395000000000522e+00,7.830185000000000173e+00,9.774694999999999467e+00,9.340040999999999372e+00,8.875356000000000023e+00,1.084738600000000019e+01,9.109697999999999851e+00,7.806573000000000206e+00,8.346764999999999546e+00,1.021638599999999997e+01,8.061757999999999313e+00,1.170742000000000083e+01,1.235049399999999942e+01,1.266874199999999995e+01,1.040416300000000049e+01,9.821939999999999671e+00,nan,nan,nan,nan,nan,1.086929199999999973e+01,8.788659000000000887e+00,nan,nan,nan,nan,nan,nan,nan,nan,nan,nan,nan,nan,nan,nan,nan,nan,nan,nan,nan,nan,nan,nan,nan,nan,nan,nan,nan,nan,nan,nan,nan,nan,nan,nan,nan,nan,nan,nan,nan,nan,nan,nan,nan,1.014000599999999963e+01,nan,2.078388800000000103e+01,nan,2.079228000000000165e+01,nan,nan,1.128706099999999957e+01,nan,nan,6.983956000000000053e+00,nan,nan,nan,nan,nan,nan,nan,nan,nan,6.974489000000000161e+00,nan
nan,nan,nan,nan,nan,nan,7.070591000000000292e+00,7.206836000000000020e+00,nan,nan,nan,nan,nan,nan,nan,7.944956999999999603e+00,6.870500999999999969e+00,nan,nan,nan,nan,nan,nan,1.039957099999999990e+01,nan,7.826622000000000412e+00,1.060609099999999927e+01,nan,nan,nan,6.777466999999999686e+00,nan,nan,nan,nan,nan,nan,nan,nan,nan,nan,nan,nan,8.653518999999999295e+00,nan,nan,nan,7.707646999999999693e+00,7.460664000000000406e+00,7.852452000000000432e+00,7.416539000000000215e+00,8.632500000000000284e+00,1.219347999999999921e+01,9.344476999999999478e+00,1.948090200000000038e+01,1.194917700000000060e+01,7.267795999999999701e+00,nan,nan,nan,nan,nan,8.236015999999999337e+00,7.086604999999999599e+00,nan,nan,nan,nan,nan,nan,nan,nan,nan,nan,nan,nan,nan,nan,nan,nan,nan,nan,nan,nan,nan,nan,nan,nan,nan,nan,nan,nan,nan,nan,nan,nan,nan,nan,nan,nan,nan,nan,nan,nan,nan,nan,nan,nan,nan,nan,nan,nan,nan,nan,nan,nan,7.908699999999999619e+00,nan,1.037918299999999938e+01,nan,nan,nan,nan,nan,nan,nan,nan,nan,nan
8.237484999999999502e+00,8.337839999999999918e+00,6.894633999999999929e+00,nan,nan,nan,7.541153000000000439e+00,8.208151000000000863e+00,7.725829000000000057e+00,8.948382999999999754e+00,nan,7.640029000000000181e+00,7.905350000000000321e+00,6.191457999999999906e+00,7.311288000000000231e+00,1.066707399999999950e+01,7.047063999999999773e+00,7.277508000000000088e+00,7.499331999999999887e+00,nan,8.992525999999999797e+00,8.445221000000000089e+00,6.722175000000000011e+00,1.176557999999999993e+01,7.810722000000000165e+00,7.859357000000000149e+00,9.776806000000000552e+00,8.017303000000000068e+00,nan,nan,7.475547999999999860e+00,nan,7.154218000000000188e+00,7.674586999999999826e+00,6.733198999999999934e+00,nan,nan,nan,nan,nan,nan,8.126960999999999657e+00,nan,9.317474999999999952e+00,8.827408999999999395e+00,1.171935799999999972e+01,8.789099000000000217e+00,8.561215999999999937e+00,7.059847000000000428e+00,7.563762999999999792e+00,7.608203999999999745e+00,7.800108999999999959e+00,9.735566999999999638e+00,1.038272800000000018e+01,1.318726900000000057e+01,1.608410800000000052e+01,1.004536200000000079e+01,nan,nan,1.579537999999999975e+01,nan,nan,9.511692999999999287e+00,8.465159999999999130e+00,nan,nan,nan,nan,nan,nan,nan,nan,nan,nan,nan,nan,nan,nan,nan,7.599314999999999820e+00,nan,nan,nan,nan,nan,nan,nan,nan,nan,nan,nan,nan,nan,nan,nan,nan,nan,nan,nan,nan,nan,nan,nan,nan,nan,nan,nan,nan,nan,nan,nan,2.031618399999999980e+01,nan,nan,nan,nan,nan,nan,nan,1.122338099999999983e+01,7.595571999999999768e+00,nan,nan,nan,nan,nan,nan,7.344032000000000338e+00,nan
1.367227399999999982e+01,1.039395400000000080e+01,9.295823999999999643e+00,nan,9.863725000000000520e+00,9.610690999999999207e+00,1.291667499999999968e+01,1.295910699999999949e+01,8.347422999999999149e+00,8.525351999999999819e+00,1.250497299999999967e+01,8.359189999999999898e+00,9.700037000000000020e+00,nan,7.801535999999999582e+00,1.000046299999999988e+01,6.947981000000000407e+00,nan,nan,1.193505200000000066e+01,1.193265599999999971e+01,7.246542999999999957e+00,nan,7.877213000000000243e+00,nan,7.842323000000000377e+00,6.529677000000000398e+00,nan,nan,nan,nan,nan,nan,nan,nan,nan,nan,nan,nan,nan,nan,nan,nan,9.895987999999999118e+00,9.905542999999999765e+00,1.376883100000000049e+01,1.085627700000000040e+01,9.926023000000000707e+00,9.178713000000000122e+00,8.022541999999999618e+00,9.333973999999999549e+00,nan,8.646141999999999328e+00,1.303550500000000056e+01,8.185475999999999530e+00,1.436111600000000088e+01,2.033898900000000154e+01,nan,nan,1.998602199999999840e+01,nan,nan,1.171317900000000023e+01,8.169679999999999609e+00,nan,nan,nan,nan,nan,nan,nan,nan,nan,nan,nan,nan,nan,nan,nan,nan,nan,nan,nan,nan,nan,nan,nan,nan,nan,nan,nan,nan,nan,nan,nan,nan,nan,nan,nan,nan,nan,nan,nan,nan,nan,nan,nan,nan,nan,nan,nan,2.121244400000000141e+01,nan,nan,1.230674899999999994e+01,nan,nan,nan,nan,9.046858000000000288e+00,9.095886000000000138e+00,nan,nan,nan,nan,nan,nan,1.060698200000000035e+01,nan
nan,nan,nan,nan,nan,nan,nan,nan,nan,nan,nan,nan,nan,nan,nan,nan,nan,nan,nan,nan,nan,nan,nan,nan,nan,nan,nan,nan,nan,nan,nan,nan,nan,nan,nan,nan,nan,nan,nan,nan,nan,nan,nan,nan,nan,nan,nan,nan,nan,nan,nan,nan,nan,nan,nan,nan,nan,nan,nan,nan,nan,nan,nan,nan,nan,nan,nan,nan,nan,nan,nan,nan,nan,nan,nan,nan,nan,nan,nan,nan,nan,nan,nan,nan,nan,nan,nan,nan,nan,nan,nan,nan,nan,nan,nan,nan,nan,nan,nan,nan,nan,nan,nan,nan,nan,nan,nan,nan,nan,nan,nan,nan,nan,nan,nan,nan,nan,nan,nan,nan,nan,nan,nan,nan,nan,nan,nan,nan,nan
nan,nan,nan,nan,nan,nan,nan,nan,nan,nan,nan,nan,nan,nan,nan,nan,nan,nan,nan,nan,nan,nan,nan,nan,nan,nan,nan,nan,nan,nan,nan,nan,nan,nan,nan,nan,nan,nan,nan,nan,nan,nan,nan,nan,nan,nan,nan,nan,nan,nan,nan,nan,nan,nan,nan,nan,nan,nan,nan,nan,nan,nan,nan,nan,nan,nan,nan,nan,nan,nan,nan,nan,nan,nan,nan,nan,nan,nan,nan,nan,nan,nan,nan,nan,nan,nan,nan,nan,nan,nan,nan,nan,nan,nan,nan,nan,nan,nan,nan,nan,nan,nan,nan,nan,nan,nan,nan,nan,nan,nan,nan,nan,nan,nan,nan,nan,nan,nan,nan,nan,nan,nan,nan,nan,nan,nan,nan,nan,nan
nan,nan,nan,nan,nan,nan,nan,nan,nan,nan,nan,nan,nan,nan,nan,nan,nan,nan,nan,nan,nan,nan,nan,nan,nan,nan,nan,nan,nan,nan,nan,nan,nan,nan,nan,nan,nan,nan,nan,nan,nan,nan,nan,nan,nan,nan,nan,nan,nan,nan,nan,nan,nan,nan,nan,nan,nan,nan,nan,nan,nan,nan,nan,nan,nan,nan,nan,nan,nan,nan,nan,nan,nan,nan,nan,nan,nan,nan,nan,nan,nan,nan,nan,nan,nan,nan,nan,nan,nan,nan,nan,nan,nan,nan,nan,nan,nan,nan,nan,nan,nan,nan,nan,nan,nan,nan,nan,nan,nan,nan,nan,nan,nan,nan,nan,nan,nan,nan,nan,nan,nan,nan,nan,nan,nan,nan,nan,nan,nan
nan,nan,nan,nan,nan,nan,nan,nan,nan,nan,nan,nan,nan,nan,nan,nan,nan,nan,nan,nan,nan,nan,nan,nan,nan,nan,nan,nan,nan,nan,nan,nan,nan,nan,nan,nan,nan,nan,nan,nan,nan,nan,nan,nan,nan,nan,nan,nan,nan,nan,nan,nan,nan,nan,nan,nan,nan,nan,nan,nan,nan,nan,nan,nan,nan,nan,nan,nan,nan,nan,nan,nan,nan,nan,nan,nan,nan,nan,nan,nan,nan,nan,nan,nan,nan,nan,nan,nan,nan,nan,nan,nan,nan,nan,nan,nan,nan,nan,nan,nan,nan,nan,nan,nan,nan,nan,nan,nan,nan,nan,nan,nan,nan,nan,nan,nan,nan,nan,nan,nan,nan,nan,nan,nan,nan,nan,nan,nan,nan
nan,nan,nan,nan,nan,nan,nan,nan,nan,nan,nan,nan,nan,nan,nan,nan,nan,nan,nan,nan,nan,nan,nan,nan,nan,nan,nan,nan,nan,nan,nan,nan,nan,nan,nan,nan,nan,nan,nan,nan,nan,nan,nan,nan,nan,nan,nan,nan,nan,nan,nan,nan,nan,nan,nan,nan,nan,nan,nan,nan,nan,nan,nan,nan,nan,nan,nan,nan,nan,nan,nan,nan,nan,nan,nan,nan,nan,nan,nan,nan,nan,nan,nan,nan,nan,nan,nan,nan,nan,nan,nan,nan,nan,nan,nan,nan,nan,nan,nan,nan,nan,nan,nan,nan,nan,nan,nan,nan,nan,nan,nan,nan,nan,nan,nan,nan,nan,nan,nan,nan,nan,nan,nan,nan,nan,nan,nan,nan,nan
8.443849000000000160e+00,7.717715000000000103e+00,7.735027999999999793e+00,nan,nan,nan,8.338803999999999661e+00,7.407557999999999865e+00,1.389922199999999997e+01,nan,nan,nan,nan,nan,nan,8.057531000000000887e+00,nan,nan,nan,nan,nan,nan,7.523844999999999672e+00,nan,nan,nan,nan,nan,nan,nan,nan,nan,nan,6.737871000000000166e+00,nan,nan,nan,nan,nan,nan,nan,8.128638000000000474e+00,nan,1.002548900000000032e+01,1.019401599999999952e+01,1.137994600000000034e+01,1.145912099999999967e+01,9.457786999999999722e+00,7.432000000000000384e+00,7.556555000000000355e+00,9.349574999999999747e+00,7.779406999999999961e+00,7.492162999999999684e+00,1.011715000000000053e+01,9.574147999999999215e+00,9.551742000000000843e+00,1.072965100000000049e+01,nan,nan,nan,nan,nan,2.079889400000000066e+01,1.337529400000000024e+01,nan,nan,nan,nan,nan,nan,nan,nan,nan,nan,nan,nan,nan,nan,nan,nan,nan,nan,nan,nan,nan,nan,nan,nan,nan,nan,nan,nan,nan,nan,nan,nan,nan,nan,nan,nan,nan,nan,nan,nan,nan,nan,nan,nan,nan,nan,nan,nan,nan,nan,7.880053000000000196e+00,nan,nan,nan,nan,nan,nan,nan,nan,nan,nan,nan,nan,nan,nan
7.237713000000000285e+00,6.261900999999999939e+00,6.725728000000000151e+00,nan,8.159826000000000690e+00,6.695059999999999789e+00,6.969646000000000008e+00,9.101672000000000651e+00,7.751030000000000086e+00,6.918722999999999956e+00,6.413270999999999944e+00,nan,nan,nan,6.141651000000000415e+00,6.288153999999999577e+00,nan,nan,nan,7.134238999999999997e+00,6.485559000000000296e+00,6.919591999999999743e+00,8.943884000000000611e+00,6.694333999999999563e+00,nan,7.007465999999999973e+00,6.824893000000000320e+00,nan,7.871823000000000015e+00,6.823738999999999777e+00,7.190145000000000231e+00,6.692282999999999760e+00,7.450014999999999610e+00,7.243214000000000041e+00,6.350705999999999740e+00,6.661463000000000356e+00,6.653171999999999642e+00,6.626373000000000069e+00,6.328254000000000268e+00,6.741189000000000320e+00,6.555614000000000274e+00,8.144315999999999889e+00,7.497443999999999775e+00,1.073842299999999916e+01,1.303026200000000046e+01,1.048355500000000085e+01,9.486689999999999401e+00,9.601857000000000752e+00,8.299666000000000210e+00,8.790200999999999709e+00,8.486200000000000188e+00,7.888761999999999830e+00,7.066141000000000005e+00,8.323586000000000595e+00,6.852356000000000336e+00,7.799071999999999782e+00,7.975164000000000364e+00,nan,nan,1.077760899999999999e+01,nan,nan,1.341003000000000078e+01,1.588749699999999976e+01,nan,nan,nan,nan,nan,nan,nan,nan,nan,nan,nan,nan,nan,nan,nan,nan,nan,nan,nan,nan,nan,nan,nan,nan,nan,nan,nan,nan,nan,nan,nan,nan,nan,nan,nan,nan,nan,nan,nan,1.808967900000000029e+01,nan,9.246705999999999648e+00,1.139643500000000031e+01,7.941394999999999982e+00,9.144660999999999262e+00,1.342310299999999934e+01,nan,9.053656999999999400e+00,8.847018999999999522e+00,8.425000000000000711e+00,8.412231000000000236e+00,nan,nan,8.207504999999999384e+00,nan,7.928024999999999878e+00,7.449677000000000326e+00,nan,nan,nan,nan,nan,7.184243000000000379e+00,7.839832000000000356e+00,nan
1.117028200000000027e+01,nan,nan,nan,nan,nan,nan,nan,nan,nan,nan,nan,nan,nan,nan,nan,nan,nan,nan,nan,nan,nan,nan,nan,nan,nan,nan,nan,nan,nan,nan,nan,nan,nan,nan,nan,nan,nan,nan,nan,nan,nan,nan,nan,nan,nan,nan,nan,nan,nan,nan,nan,nan,nan,nan,nan,1.126665900000000065e+01,nan,nan,nan,nan,nan,nan,nan,1.545602700000000063e+01,1.173701699999999981e+01,1.134195899999999924e+01,nan,9.721714000000000411e+00,1.042815399999999926e+01,1.191190100000000029e+01,1.050715100000000035e+01,8.040231000000000350e+00,8.680818999999999619e+00,8.519942000000000348e+00,7.396917000000000186e+00,7.361683000000000199e+00,nan,7.140146999999999800e+00,8.561562999999999590e+00,nan,nan,nan,1.089990500000000040e+01,9.936173999999999396e+00,7.371571000000000318e+00,nan,nan,nan,nan,nan,nan,nan,nan,nan,nan,nan,nan,nan,nan,nan,nan,nan,nan,nan,nan,nan,7.956622999999999557e+00,nan,7.270463000000000342e+00,8.758936000000000277e+00,7.431616000000000000e+00,7.677921000000000440e+00,7.873123999999999789e+00,7.953292000000000250e+00,nan,nan,8.153014000000000649e+00,nan,8.891016000000000474e+00,1.336460800000000049e+01,nan,nan,nan,nan,nan,8.029308000000000334e+00,6.137914999999999566e+00,nan
7.158540000000000347e+00,8.658084999999999809e+00,nan,nan,nan,nan,nan,nan,nan,nan,nan,nan,nan,nan,nan,nan,nan,nan,nan,nan,nan,nan,nan,nan,nan,nan,nan,nan,nan,nan,nan,nan,nan,nan,nan,nan,nan,nan,nan,nan,nan,nan,nan,nan,nan,nan,nan,nan,nan,nan,nan,nan,nan,nan,nan,nan,nan,nan,nan,nan,nan,nan,nan,nan,1.116699599999999926e+01,1.434824899999999914e+01,1.249157199999999968e+01,nan,9.777468000000000714e+00,1.014151200000000053e+01,9.022080000000000766e+00,7.862002000000000379e+00,8.195729999999999293e+00,1.018526899999999991e+01,7.644892999999999716e+00,7.467202999999999591e+00,6.247618000000000116e+00,nan,6.769506999999999941e+00,6.596109000000000222e+00,nan,nan,nan,8.814911999999999637e+00,7.150691000000000130e+00,7.257926999999999573e+00,nan,7.737943999999999711e+00,nan,nan,nan,nan,nan,nan,nan,nan,nan,nan,nan,nan,nan,nan,nan,nan,nan,nan,nan,7.344374000000000180e+00,nan,6.750408000000000186e+00,6.786145999999999567e+00,7.064014000000000237e+00,9.816065000000000040e+00,7.458573999999999593e+00,7.153697000000000195e+00,nan,nan,6.741385000000000183e+00,nan,8.491002999999999190e+00,8.799170000000000158e+00,nan,nan,nan,nan,nan,6.540142999999999596e+00,6.769703999999999944e+00,nan
nan,nan,nan,nan,nan,nan,nan,nan,nan,nan,nan,nan,nan,nan,nan,nan,nan,nan,nan,nan,nan,nan,nan,nan,nan,nan,nan,nan,nan,nan,nan,nan,nan,nan,nan,nan,nan,nan,nan,nan,nan,nan,nan,nan,nan,nan,nan,nan,nan,nan,nan,nan,nan,nan,nan,nan,nan,nan,nan,nan,nan,nan,nan,nan,1.102470699999999937e+01,1.122243199999999952e+01,1.422054100000000076e+01,nan,7.913478999999999708e+00,8.052239000000000146e+00,1.013240099999999977e+01,8.721814000000000178e+00,7.583207999999999949e+00,9.282761000000000706e+00,7.170663000000000231e+00,6.803212000000000259e+00,nan,nan,7.553442000000000434e+00,7.071812000000000431e+00,nan,nan,nan,7.791517999999999944e+00,7.280802999999999692e+00,nan,nan,nan,nan,nan,nan,nan,nan,nan,nan,nan,nan,nan,nan,nan,nan,nan,nan,nan,nan,nan,nan,nan,nan,nan,nan,6.567210000000000214e+00,nan,8.138636999999999233e+00,6.771440000000000126e+00,nan,nan,6.532699000000000034e+00,nan,nan,7.177715000000000067e+00,nan,nan,nan,nan,nan,nan,nan,nan
nan,nan,nan,nan,nan,nan,nan,nan,nan,nan,nan,nan,nan,nan,nan,nan,nan,nan,nan,nan,nan,nan,nan,nan,nan,nan,nan,nan,nan,nan,nan,nan,nan,nan,nan,nan,nan,nan,nan,nan,nan,nan,nan,nan,nan,nan,nan,nan,nan,nan,nan,nan,nan,nan,nan,nan,nan,nan,nan,nan,nan,nan,nan,nan,nan,nan,nan,nan,nan,nan,nan,nan,nan,nan,nan,nan,nan,nan,nan,nan,nan,nan,nan,nan,nan,nan,nan,nan,nan,nan,nan,nan,nan,nan,nan,nan,nan,nan,nan,nan,nan,nan,nan,nan,nan,nan,nan,nan,nan,nan,nan,nan,nan,nan,nan,nan,nan,nan,nan,nan,nan,nan,nan,nan,nan,nan,nan,nan,nan
nan,nan,nan,nan,9.540257000000000431e+00,nan,nan,nan,nan,nan,7.395061000000000107e+00,nan,nan,nan,nan,nan,nan,nan,nan,nan,nan,nan,nan,nan,nan,nan,nan,nan,nan,nan,nan,nan,nan,nan,nan,nan,nan,nan,nan,nan,nan,nan,nan,nan,nan,nan,nan,nan,nan,nan,nan,nan,nan,nan,nan,nan,nan,nan,nan,nan,nan,nan,nan,nan,9.161289000000000016e+00,9.448128999999999778e+00,8.087386999999999659e+00,nan,1.176087300000000013e+01,9.599987000000000492e+00,7.172962000000000060e+00,nan,7.431795000000000151e+00,9.066509999999999181e+00,9.392502000000000351e+00,7.875071000000000154e+00,nan,nan,nan,nan,nan,nan,nan,1.047737500000000033e+01,8.122776999999999248e+00,nan,nan,nan,nan,nan,nan,nan,nan,nan,nan,nan,nan,nan,nan,nan,nan,nan,nan,nan,nan,nan,nan,nan,nan,nan,nan,nan,nan,nan,7.267262999999999806e+00,nan,6.804102999999999568e+00,6.549676999999999971e+00,nan,nan,7.180304999999999715e+00,nan,nan,nan,nan,nan,nan,nan,nan
9.096553999999999363e+00,8.054057000000000244e+00,nan,nan,nan,9.453032000000000323e+00,nan,nan,nan,nan,nan,nan,nan,nan,nan,nan,nan,nan,nan,nan,nan,nan,nan,nan,nan,nan,nan,nan,nan,nan,nan,nan,nan,nan,nan,nan,nan,nan,nan,nan,nan,nan,nan,nan,nan,nan,nan,nan,nan,nan,nan,nan,nan,nan,nan,nan,nan,nan,nan,nan,nan,nan,nan,nan,9.419468000000000174e+00,1.010995100000000058e+01,8.225422000000000011e+00,nan,1.081019000000000041e+01,1.136968800000000002e+01,7.266507999999999967e+00,6.782593000000000316e+00,7.111526999999999710e+00,8.772455000000000780e+00,9.441701999999999373e+00,9.480254999999999654e+00,nan,nan,nan,nan,nan,nan,nan,1.051095800000000047e+01,7.518919999999999604e+00,8.185950000000000060e+00,nan,nan,nan,nan,nan,nan,nan,nan,nan,nan,nan,nan,nan,nan,nan,nan,nan,nan,nan,nan,nan,8.072737000000000052e+00,nan,6.809885999999999662e+00,8.614622999999999919e+00,7.310101999999999656e+00,nan,7.604419000000000040e+00,9.758476999999999180e+00,nan,7.095838999999999785e+00,7.294394999999999740e+00,nan,6.909622999999999848e+00,7.897451000000000221e+00,nan,nan,nan,nan,nan,8.625873999999999597e+00,5.998713000000000406e+00,nan
nan,nan,nan,nan,nan,nan,8.439778000000000446e+00,nan,nan,nan,nan,nan,nan,nan,nan,nan,nan,nan,nan,nan,nan,nan,nan,nan,nan,nan,nan,nan,nan,nan,nan,nan,nan,nan,nan,nan,nan,nan,nan,nan,nan,nan,nan,nan,nan,nan,nan,nan,nan,nan,nan,nan,nan,nan,nan,nan,nan,nan,nan,nan,nan,nan,nan,nan,1.110936099999999982e+01,9.711019000000000290e+00,9.292946000000000595e+00,nan,7.031738999999999962e+00,7.621703000000000117e+00,1.584549600000000069e+01,1.167522899999999986e+01,8.743173999999999779e+00,9.443367999999999540e+00,7.852637999999999785e+00,7.166622000000000270e+00,7.180731999999999893e+00,6.784735999999999656e+00,7.219313999999999787e+00,9.022482999999999365e+00,6.914525000000000254e+00,nan,nan,8.156231000000000009e+00,8.697509999999999408e+00,6.860130999999999979e+00,nan,6.596522000000000219e+00,nan,7.141581999999999653e+00,7.421937999999999924e+00,nan,nan,nan,7.208205999999999669e+00,nan,nan,nan,nan,nan,nan,nan,nan,nan,nan,nan,nan,7.013821000000000083e+00,nan,6.995225999999999722e+00,6.730563000000000073e+00,6.964705000000000368e+00,6.405890000000000306e+00,7.074192000000000036e+00,6.922748999999999597e+00,8.276714999999999378e+00,6.539125000000000298e+00,7.243803999999999910e+00,nan,7.861978999999999829e+00,1.063042800000000021e+01,nan,nan,nan,nan,nan,6.454017999999999589e+00,6.430710999999999622e+00,nan
nan,nan,nan,nan,nan,nan,7.860498999999999903e+00,7.696889999999999787e+00,nan,nan,nan,nan,nan,nan,6.611416000000000182e+00,8.329995999999999512e+00,nan,nan,nan,nan,9.359878000000000142e+00,nan,nan,nan,nan,nan,nan,nan,nan,nan,nan,nan,nan,nan,nan,nan,nan,nan,nan,nan,nan,nan,nan,nan,nan,nan,nan,nan,nan,nan,nan,nan,nan,nan,nan,nan,7.684009999999999785e+00,nan,nan,nan,nan,nan,nan,nan,9.387506999999999380e+00,8.190115000000000478e+00,8.421293999999999613e+00,nan,7.171446999999999683e+00,6.793877000000000166e+00,1.153003600000000084e+01,2.056399299999999997e+01,9.203597000000000250e+00,8.192736999999999270e+00,7.126706000000000429e+00,7.565925000000000011e+00,8.398607999999999407e+00,7.466948999999999614e+00,7.780375000000000263e+00,1.420436100000000046e+01,7.713881999999999906e+00,6.014814000000000327e+00,6.755821000000000076e+00,7.450792999999999999e+00,8.820237999999999801e+00,8.142595000000000027e+00,nan,8.511685999999999197e+00,7.018582000000000320e+00,8.793181000000000580e+00,8.896986000000000061e+00,nan,nan,nan,8.436526999999999887e+00,nan,nan,nan,nan,nan,nan,nan,nan,nan,nan,nan,nan,7.717748000000000275e+00,6.640088000000000434e+00,6.786164999999999559e+00,7.045507999999999882e+00,7.063044999999999796e+00,7.408208000000000126e+00,7.796933000000000114e+00,7.143576999999999622e+00,8.260896000000000683e+00,7.446269000000000027e+00,8.060110999999999137e+00,7.050980000000000025e+00,1.002069200000000038e+01,1.089621600000000079e+01,nan,nan,9.188890000000000668e+00,nan,nan,7.015038999999999803e+00,6.185976000000000141e+00,nan
nan,nan,nan,nan,nan,nan,7.358039999999999914e+00,nan,7.317810999999999844e+00,6.307665000000000077e+00,nan,nan,nan,nan,nan,nan,nan,nan,nan,nan,nan,nan,nan,nan,nan,nan,nan,nan,nan,nan,nan,nan,nan,nan,nan,nan,nan,nan,nan,nan,nan,nan,nan,nan,nan,nan,nan,nan,nan,nan,7.097818000000000183e+00,nan,nan,nan,nan,nan,7.086345999999999812e+00,nan,nan,nan,nan,nan,nan,nan,7.440601000000000020e+00,7.656486000000000125e+00,7.391123000000000332e+00,nan,6.869025999999999854e+00,7.222767000000000159e+00,8.436130000000000351e+00,8.866510999999999143e+00,1.139350199999999980e+01,8.384040999999999855e+00,8.003942000000000334e+00,8.731552999999999898e+00,7.565121999999999680e+00,7.864533999999999914e+00,8.292472000000000065e+00,7.333374000000000059e+00,7.102515000000000356e+00,6.853342999999999741e+00,6.456389999999999851e+00,7.277058000000000249e+00,8.039177000000000461e+00,6.992637000000000214e+00,7.334158000000000399e+00,6.714110999999999940e+00,7.043872999999999607e+00,6.962286999999999892e+00,7.943143000000000065e+00,nan,nan,nan,7.622144999999999726e+00,nan,nan,nan,nan,nan,nan,nan,nan,nan,nan,nan,nan,7.142069000000000223e+00,nan,6.325459000000000387e+00,6.657928000000000068e+00,7.685869000000000284e+00,6.391651999999999667e+00,6.997499999999999609e+00,6.798413000000000039e+00,8.570871999999999602e+00,7.891633999999999816e+00,6.213607999999999798e+00,6.604098999999999720e+00,7.121160999999999852e+00,7.081463000000000285e+00,nan,nan,nan,nan,nan,6.777182999999999957e+00,6.783126000000000211e+00,nan
nan,nan,nan,nan,nan,nan,nan,nan,nan,nan,nan,nan,nan,nan,nan,nan,nan,nan,nan,nan,nan,nan,nan,nan,nan,nan,nan,nan,nan,nan,nan,nan,nan,nan,nan,nan,nan,nan,nan,nan,nan,nan,nan,nan,nan,nan,nan,nan,nan,nan,nan,nan,nan,nan,nan,nan,nan,nan,nan,nan,nan,nan,nan,nan,8.199545999999999779e+00,8.946932999999999581e+00,8.661158000000000357e+00,nan,8.742390999999999579e+00,7.833079999999999821e+00,8.876371999999999929e+00,7.245637000000000327e+00,8.643558999999999770e+00,1.331252600000000008e+01,8.498003000000000640e+00,6.873903000000000318e+00,6.964440999999999882e+00,nan,7.576365000000000016e+00,7.086922999999999639e+00,nan,nan,nan,8.114143999999999579e+00,7.401753000000000249e+00,nan,nan,nan,nan,nan,nan,nan,nan,nan,nan,nan,nan,nan,nan,nan,nan,nan,nan,nan,nan,nan,nan,nan,nan,nan,nan,nan,nan,nan,6.347573999999999828e+00,nan,6.744674999999999976e+00,5.974916000000000338e+00,nan,nan,7.025420000000000442e+00,nan,nan,nan,nan,nan,nan,nan,nan
nan,nan,nan,nan,7.782728999999999786e+00,nan,nan,nan,nan,7.606157999999999753e+00,9.340123999999999427e+00,nan,nan,nan,nan,nan,nan,nan,nan,8.443884000000000611e+00,nan,nan,nan,nan,nan,nan,nan,nan,nan,nan,nan,nan,nan,nan,nan,nan,nan,nan,nan,nan,nan,nan,nan,nan,nan,nan,nan,nan,nan,nan,nan,nan,nan,nan,nan,nan,nan,nan,nan,nan,nan,nan,nan,nan,8.186569000000000429e+00,7.387254000000000431e+00,7.542773000000000394e+00,nan,9.124878000000000711e+00,8.559998000000000218e+00,8.073126999999999498e+00,7.644828000000000401e+00,8.718764999999999432e+00,8.991737999999999786e+00,1.164854799999999990e+01,9.208109000000000322e+00,7.211627000000000010e+00,6.973783000000000065e+00,7.088648000000000060e+00,6.320272000000000112e+00,nan,nan,nan,9.948126999999999498e+00,9.488991000000000398e+00,8.331227000000000160e+00,9.525451999999999586e+00,nan,nan,nan,nan,nan,nan,nan,nan,nan,nan,nan,nan,nan,nan,nan,nan,nan,nan,nan,nan,nan,nan,nan,nan,7.463472000000000328e+00,nan,6.815362999999999616e+00,8.555994999999999351e+00,nan,nan,7.682926000000000144e+00,nan,nan,7.876863000000000170e+00,nan,7.286356999999999751e+00,nan,nan,nan,nan,6.070100000000000051e+00,nan
nan,nan,nan,nan,nan,nan,nan,nan,nan,nan,nan,7.736294000000000004e+00,1.178674999999999962e+01,nan,nan,nan,nan,nan,nan,nan,9.679505000000000692e+00,nan,nan,nan,nan,nan,nan,nan,nan,nan,nan,nan,nan,nan,nan,nan,nan,nan,nan,nan,nan,nan,nan,nan,nan,nan,nan,nan,nan,nan,nan,nan,nan,nan,nan,nan,nan,nan,nan,nan,nan,nan,nan,nan,7.400298000000000265e+00,7.785943999999999754e+00,9.231303999999999732e+00,nan,7.290587000000000373e+00,8.051569000000000642e+00,8.422045000000000670e+00,8.061540000000000816e+00,9.538705999999999463e+00,7.637024000000000257e+00,8.559196999999999278e+00,1.305485099999999932e+01,9.283979000000000426e+00,8.269975999999999772e+00,8.082012000000000640e+00,6.700552000000000064e+00,6.492238999999999649e+00,6.509218999999999866e+00,nan,8.064553000000000083e+00,1.047542999999999935e+01,8.261960000000000193e+00,6.925802000000000014e+00,5.929682999999999815e+00,nan,nan,nan,nan,nan,nan,nan,nan,nan,nan,nan,nan,nan,nan,nan,nan,nan,nan,nan,nan,nan,nan,nan,nan,nan,nan,7.924412000000000234e+00,nan,nan,7.010570000000000412e+00,nan,6.230138000000000176e+00,7.556163999999999881e+00,nan,nan,nan,nan,nan,nan,6.032100999999999935e+00,nan
nan,nan,nan,nan,nan,nan,nan,nan,nan,nan,nan,7.008704999999999963e+00,9.295527999999999125e+00,7.589095000000000368e+00,6.698800000000000310e+00,nan,nan,nan,nan,nan,7.933427000000000007e+00,7.215056999999999832e+00,nan,nan,nan,nan,nan,nan,nan,nan,nan,nan,nan,nan,nan,nan,nan,nan,nan,nan,nan,nan,nan,nan,nan,nan,nan,nan,nan,nan,nan,nan,nan,nan,nan,nan,nan,nan,nan,nan,nan,nan,nan,nan,7.340112999999999666e+00,6.976844999999999963e+00,6.453559000000000268e+00,nan,6.189191000000000109e+00,6.309111999999999831e+00,7.335045000000000037e+00,7.620036999999999949e+00,8.313351000000000823e+00,7.896746000000000265e+00,7.715893000000000335e+00,9.507220000000000226e+00,1.239333099999999988e+01,1.247308100000000053e+01,8.715787000000000617e+00,7.961521000000000292e+00,8.536778999999999229e+00,1.042035899999999948e+01,1.102887400000000007e+01,6.487321999999999811e+00,1.027870099999999987e+01,1.192758899999999933e+01,7.290709999999999802e+00,7.778926000000000229e+00,7.610678000000000054e+00,6.422330999999999790e+00,6.808127999999999957e+00,6.398393999999999693e+00,nan,nan,nan,nan,nan,nan,7.477032999999999596e+00,nan,nan,nan,nan,nan,nan,nan,nan,nan,nan,nan,nan,nan,nan,nan,nan,nan,nan,nan,nan,7.969007999999999647e+00,7.237021000000000370e+00,nan,nan,nan,nan,nan,nan,6.032123999999999597e+00,nan
nan,nan,nan,nan,nan,nan,nan,nan,nan,nan,nan,nan,7.246121999999999730e+00,6.973937000000000275e+00,nan,nan,nan,nan,nan,nan,nan,nan,nan,nan,nan,nan,nan,nan,nan,nan,nan,nan,nan,nan,nan,nan,nan,nan,nan,nan,nan,nan,nan,nan,nan,nan,nan,nan,nan,nan,nan,nan,nan,nan,nan,nan,nan,nan,nan,nan,nan,nan,nan,nan,nan,6.701058999999999877e+00,nan,nan,nan,nan,6.997696999999999612e+00,7.106802000000000064e+00,8.162091000000000207e+00,7.737784999999999691e+00,6.740787000000000084e+00,7.519531999999999883e+00,1.228518799999999978e+01,1.385183400000000020e+01,1.024013799999999996e+01,6.870008999999999588e+00,8.613585000000000491e+00,1.028192600000000034e+01,9.792408999999999253e+00,nan,8.265280000000000626e+00,1.015479700000000030e+01,nan,6.325371999999999773e+00,7.564475999999999978e+00,nan,7.436243000000000158e+00,8.925722000000000378e+00,nan,nan,nan,nan,nan,nan,1.125618399999999930e+01,nan,nan,nan,nan,nan,nan,nan,nan,nan,nan,nan,nan,nan,nan,nan,nan,nan,nan,nan,nan,6.829788999999999888e+00,nan,nan,nan,nan,nan,nan,nan,nan,nan
nan,nan,nan,nan,nan,nan,nan,nan,nan,nan,nan,nan,6.251538000000000039e+00,nan,8.579627000000000336e+00,nan,nan,nan,nan,nan,nan,nan,nan,nan,nan,nan,nan,nan,nan,nan,nan,nan,nan,nan,nan,nan,nan,nan,nan,nan,nan,nan,nan,nan,nan,nan,nan,nan,nan,nan,nan,nan,nan,nan,nan,nan,nan,nan,nan,nan,nan,nan,nan,nan,7.172418000000000404e+00,6.697479000000000404e+00,7.177065999999999946e+00,nan,6.050612000000000101e+00,6.019599000000000366e+00,7.188130000000000130e+00,8.095247999999999777e+00,8.276951000000000391e+00,7.828269999999999840e+00,6.611894000000000382e+00,7.666368000000000293e+00,8.598591000000000761e+00,9.193744999999999834e+00,1.343084200000000017e+01,7.723114999999999952e+00,1.041584100000000035e+01,8.613051000000000457e+00,7.695149999999999935e+00,6.340290999999999677e+00,7.905403999999999876e+00,8.336496999999999602e+00,7.962456999999999674e+00,7.567752999999999730e+00,7.595823000000000214e+00,8.113628000000000284e+00,8.210134999999999295e+00,7.307348000000000177e+00,7.843352999999999575e+00,7.667939999999999756e+00,8.067230999999999597e+00,1.221131199999999950e+01,nan,9.065630999999999773e+00,9.866168999999999301e+00,nan,nan,nan,nan,nan,nan,nan,nan,nan,nan,nan,nan,nan,nan,7.414803000000000033e+00,6.212615000000000443e+00,8.331054999999999211e+00,6.146784000000000248e+00,6.115203000000000166e+00,nan,7.000447999999999560e+00,6.583376000000000339e+00,nan,nan,nan,nan,nan,nan,6.422121999999999886e+00,nan
nan,nan,nan,nan,nan,nan,nan,7.265407999999999866e+00,nan,nan,nan,nan,nan,nan,nan,8.940099000000000018e+00,nan,nan,nan,nan,nan,nan,nan,nan,nan,nan,nan,nan,nan,nan,nan,nan,nan,nan,nan,nan,nan,nan,nan,nan,nan,nan,nan,nan,nan,nan,nan,nan,nan,nan,nan,nan,nan,nan,nan,8.745062000000000779e+00,nan,nan,nan,nan,nan,nan,nan,nan,7.229015000000000413e+00,7.153815999999999953e+00,6.805956000000000117e+00,nan,nan,nan,7.351346999999999632e+00,1.094581200000000010e+01,7.490048999999999957e+00,7.071983999999999604e+00,5.944371000000000294e+00,6.768523000000000067e+00,8.376758999999999844e+00,7.429833000000000354e+00,8.119217000000000795e+00,1.865723500000000001e+01,8.619265000000000398e+00,7.733940999999999732e+00,7.194671999999999734e+00,nan,8.769159999999999400e+00,8.999969999999999359e+00,nan,1.466439599999999999e+01,7.782019000000000020e+00,9.151866000000000057e+00,1.045385399999999976e+01,7.148100999999999594e+00,nan,nan,6.827287000000000106e+00,nan,nan,nan,6.448214000000000112e+00,nan,nan,nan,nan,nan,nan,nan,nan,7.846436999999999884e+00,7.347707999999999906e+00,7.556875999999999927e+00,6.502253999999999756e+00,6.801237000000000421e+00,6.987112999999999907e+00,6.814255000000000173e+00,7.079403000000000112e+00,6.560921999999999699e+00,8.146162000000000347e+00,8.235564000000000107e+00,7.853507999999999711e+00,1.233944800000000086e+01,8.529932999999999765e+00,nan,nan,1.210075299999999920e+01,nan,nan,6.603920999999999708e+00,6.267110999999999876e+00,nan
nan,nan,nan,nan,nan,nan,nan,nan,nan,nan,nan,nan,nan,nan,nan,nan,7.770774000000000292e+00,nan,nan,nan,nan,nan,nan,nan,nan,nan,nan,nan,nan,nan,nan,nan,nan,nan,nan,nan,nan,nan,nan,nan,nan,nan,nan,nan,nan,nan,nan,nan,nan,nan,nan,nan,nan,nan,nan,nan,nan,nan,nan,nan,nan,nan,nan,nan,nan,nan,nan,nan,nan,nan,6.578300999999999732e+00,7.549133000000000315e+00,7.074971999999999817e+00,6.943779000000000146e+00,6.605012000000000327e+00,6.749873000000000012e+00,8.094583999999999335e+00,8.135554000000000840e+00,1.058608100000000007e+01,8.486323999999999756e+00,1.761150200000000154e+01,9.939082000000000860e+00,9.091886000000000578e+00,5.963797999999999710e+00,7.072606999999999644e+00,1.025618599999999958e+01,nan,9.171787999999999386e+00,9.439783000000000257e+00,8.384323000000000192e+00,8.402240000000000819e+00,7.505478000000000094e+00,8.727294999999999803e+00,nan,7.741450000000000387e+00,nan,nan,7.075215000000000032e+00,7.156784000000000034e+00,nan,nan,nan,nan,nan,nan,nan,nan,nan,nan,nan,nan,nan,nan,nan,6.006954999999999600e+00,7.286200000000000010e+00,7.424057999999999602e+00,6.427548999999999957e+00,6.424414999999999765e+00,8.086769999999999570e+00,6.267968999999999902e+00,nan,nan,nan,nan,nan,nan,6.007941999999999894e+00,nan
nan,nan,nan,nan,nan,nan,nan,nan,nan,nan,nan,nan,6.888771000000000200e+00,nan,nan,nan,nan,7.658217999999999748e+00,nan,nan,nan,nan,nan,nan,nan,nan,nan,nan,nan,nan,nan,nan,nan,nan,nan,nan,nan,nan,nan,nan,nan,nan,nan,nan,nan,nan,nan,nan,nan,nan,nan,nan,nan,nan,nan,nan,nan,nan,nan,nan,nan,nan,nan,nan,nan,nan,nan,nan,nan,nan,7.240660000000000096e+00,6.296350000000000335e+00,6.749681999999999960e+00,nan,7.886807000000000123e+00,6.739925000000000388e+00,8.810997000000000412e+00,1.004779100000000014e+01,9.296025000000000205e+00,6.989651000000000280e+00,1.026932099999999970e+01,1.631430399999999992e+01,1.373905399999999943e+01,nan,6.682255999999999752e+00,1.054342100000000038e+01,7.633258999999999794e+00,7.873854999999999826e+00,9.600383000000000777e+00,7.942417999999999978e+00,7.241941999999999879e+00,9.383725000000000094e+00,9.169916999999999874e+00,nan,7.347298000000000329e+00,nan,nan,6.797290000000000276e+00,7.296795999999999616e+00,nan,nan,nan,nan,nan,nan,nan,nan,nan,nan,nan,nan,nan,nan,nan,nan,nan,nan,nan,nan,7.234665999999999819e+00,nan,nan,nan,9.144550000000000622e+00,nan,nan,nan,nan,nan
nan,nan,nan,nan,nan,nan,nan,nan,nan,nan,nan,nan,nan,nan,nan,nan,nan,nan,nan,nan,nan,nan,nan,nan,nan,nan,nan,nan,nan,nan,nan,nan,nan,nan,nan,nan,nan,nan,nan,nan,nan,nan,nan,nan,nan,nan,nan,nan,nan,nan,nan,nan,nan,nan,nan,nan,nan,nan,nan,nan,nan,nan,nan,nan,nan,nan,nan,nan,nan,nan,nan,6.454898000000000025e+00,6.665240999999999971e+00,nan,nan,6.927881000000000178e+00,1.045556700000000028e+01,9.443490000000000606e+00,7.239149000000000278e+00,7.627245000000000275e+00,8.516356999999999289e+00,1.580663599999999924e+01,2.189097599999999844e+01,nan,7.721985000000000099e+00,1.354624100000000020e+01,7.408957000000000015e+00,6.950333999999999790e+00,1.094248800000000088e+01,7.033176000000000094e+00,7.356620000000000381e+00,1.065517900000000040e+01,8.679221999999999326e+00,nan,6.586084999999999745e+00,nan,nan,7.745153000000000176e+00,1.027940500000000057e+01,nan,nan,nan,nan,nan,nan,nan,nan,nan,nan,nan,nan,nan,nan,nan,6.807008999999999865e+00,nan,6.482197000000000209e+00,nan,nan,7.887887000000000093e+00,nan,nan,nan,nan,nan,nan,nan,nan,nan
nan,nan,nan,nan,1.083726500000000037e+01,8.233228999999999687e+00,nan,nan,nan,nan,1.097598999999999947e+01,nan,nan,nan,nan,nan,nan,nan,nan,1.165838500000000089e+01,6.866207000000000171e+00,nan,nan,nan,nan,nan,nan,nan,nan,nan,nan,nan,nan,nan,nan,nan,nan,nan,nan,nan,nan,nan,nan,nan,nan,nan,nan,nan,nan,nan,nan,nan,nan,nan,nan,nan,nan,nan,nan,nan,nan,nan,nan,nan,9.277203000000000088e+00,8.541498999999999953e+00,7.844346999999999959e+00,nan,1.082688199999999945e+01,9.912610000000000809e+00,7.506422999999999845e+00,7.406843000000000288e+00,8.373658999999999963e+00,8.990724000000000160e+00,1.123474299999999992e+01,8.573753999999999209e+00,7.519823999999999842e+00,nan,7.187072999999999823e+00,nan,nan,nan,nan,1.187093300000000085e+01,1.073529199999999939e+01,9.671402999999999750e+00,nan,nan,nan,nan,nan,nan,nan,nan,nan,nan,nan,nan,nan,nan,nan,nan,nan,nan,nan,nan,nan,nan,nan,6.796681000000000417e+00,6.937384999999999913e+00,nan,nan,nan,6.939125999999999905e+00,nan,nan,6.439802000000000248e+00,nan,6.210132999999999903e+00,9.711864000000000274e+00,nan,nan,nan,nan,nan,9.839299000000000461e+00,6.321584999999999788e+00,nan
nan,nan,nan,nan,nan,nan,nan,nan,nan,nan,nan,nan,9.778012000000000370e+00,nan,nan,nan,nan,nan,nan,nan,1.174142100000000077e+01,nan,nan,nan,nan,nan,nan,nan,nan,nan,nan,nan,nan,nan,nan,nan,nan,nan,nan,nan,nan,nan,nan,nan,nan,nan,nan,nan,nan,nan,nan,nan,nan,nan,nan,nan,nan,nan,nan,nan,nan,nan,nan,nan,7.950109999999999566e+00,7.290124999999999744e+00,6.372643000000000058e+00,nan,8.613435000000000841e+00,8.555165000000000575e+00,7.270243999999999929e+00,8.305588999999999444e+00,8.077626000000000417e+00,7.470162000000000191e+00,8.559647000000000006e+00,1.007680000000000042e+01,1.161679600000000079e+01,9.052896000000000498e+00,7.789466000000000001e+00,8.739103999999999317e+00,6.545004999999999740e+00,8.038536000000000570e+00,9.427500999999999465e+00,9.701143999999999323e+00,1.526723100000000066e+01,1.812863300000000066e+01,9.199885999999999342e+00,7.277482000000000006e+00,nan,nan,nan,nan,nan,nan,nan,nan,nan,nan,nan,nan,nan,nan,nan,nan,nan,nan,nan,nan,nan,nan,nan,nan,nan,nan,6.524509000000000114e+00,nan,nan,6.712424000000000390e+00,nan,9.614105999999999597e+00,9.652312000000000225e+00,nan,nan,nan,nan,nan,nan,6.968747999999999720e+00,nan
nan,nan,nan,nan,nan,nan,nan,nan,nan,nan,nan,nan,8.185342000000000340e+00,nan,nan,nan,nan,nan,8.544684000000000168e+00,nan,1.072971700000000084e+01,1.472442400000000085e+01,nan,nan,nan,nan,nan,nan,nan,nan,nan,nan,nan,nan,nan,nan,nan,nan,nan,nan,nan,nan,nan,nan,nan,nan,nan,nan,nan,nan,nan,nan,nan,nan,nan,nan,nan,nan,nan,nan,nan,nan,nan,nan,6.802182000000000173e+00,6.944859000000000115e+00,nan,nan,7.563715000000000188e+00,7.770604999999999762e+00,6.292862000000000400e+00,6.617304999999999993e+00,7.032454000000000427e+00,6.671846000000000387e+00,7.184211000000000347e+00,7.292373999999999690e+00,9.853168000000000148e+00,8.547883999999999816e+00,7.183235999999999954e+00,7.806250999999999607e+00,7.658141999999999783e+00,9.701546000000000447e+00,1.448831799999999959e+01,8.813494999999999635e+00,1.119043699999999930e+01,1.742281499999999994e+01,1.151390400000000014e+01,7.669388999999999790e+00,7.651684000000000374e+00,7.778325999999999851e+00,7.794641999999999626e+00,8.866773999999999489e+00,8.215844000000000591e+00,7.577060000000000350e+00,6.918404999999999916e+00,7.381778999999999868e+00,7.198222000000000342e+00,8.758485000000000298e+00,1.084332000000000029e+01,nan,nan,nan,nan,nan,nan,nan,nan,7.527857000000000021e+00,9.072891999999999513e+00,6.154422000000000281e+00,nan,nan,nan,6.525006000000000306e+00,6.286018999999999579e+00,nan,6.377570999999999657e+00,6.675754999999999661e+00,7.249505000000000088e+00,7.819391000000000425e+00,7.071422000000000097e+00,nan,nan,nan,nan,nan,nan,8.421673999999999438e+00,nan
nan,nan,nan,nan,nan,nan,nan,nan,nan,nan,nan,nan,nan,nan,nan,nan,nan,nan,nan,nan,nan,nan,1.143332099999999940e+01,nan,nan,nan,nan,nan,nan,nan,nan,nan,nan,9.449664000000000286e+00,nan,nan,nan,nan,nan,nan,nan,nan,nan,nan,nan,nan,nan,nan,nan,nan,nan,nan,nan,nan,nan,nan,nan,nan,nan,nan,nan,nan,nan,nan,nan,nan,nan,nan,8.552324999999999733e+00,7.368217999999999712e+00,6.597402999999999906e+00,nan,7.178631000000000206e+00,nan,7.716442999999999941e+00,6.580633999999999872e+00,7.638307000000000180e+00,nan,nan,nan,nan,nan,8.821813999999999822e+00,7.775329000000000157e+00,7.790446000000000204e+00,1.161093900000000012e+01,1.636187699999999978e+01,6.646251999999999605e+00,nan,7.651161000000000101e+00,7.304985000000000284e+00,9.524499999999999744e+00,7.472921000000000369e+00,7.443464999999999776e+00,7.986588000000000243e+00,8.479412999999999201e+00,7.744666999999999746e+00,1.078471599999999953e+01,8.820728000000000790e+00,7.462271999999999572e+00,6.770406999999999620e+00,nan,nan,6.523749999999999716e+00,nan,8.673814000000000135e+00,9.166769000000000389e+00,8.293271999999999977e+00,1.004788199999999954e+01,6.887582000000000093e+00,nan,7.410948999999999565e+00,7.029836000000000418e+00,7.041274999999999729e+00,7.621811000000000114e+00,7.241506000000000220e+00,7.248282999999999809e+00,6.834513000000000282e+00,7.196523000000000003e+00,7.149200999999999695e+00,nan,nan,nan,nan,nan,nan,7.858998999999999846e+00,9.629526999999999504e+00,nan
nan,nan,nan,nan,nan,nan,nan,nan,nan,nan,nan,nan,nan,nan,nan,8.038339999999999819e+00,nan,nan,nan,nan,nan,nan,nan,9.336876999999999427e+00,nan,nan,nan,nan,nan,nan,nan,nan,nan,nan,nan,nan,nan,nan,nan,nan,nan,nan,nan,nan,nan,nan,nan,nan,nan,nan,nan,nan,nan,nan,nan,6.912989999999999746e+00,nan,nan,nan,nan,nan,nan,nan,nan,6.817490000000000272e+00,6.433428000000000146e+00,nan,nan,nan,nan,7.011908000000000030e+00,9.010457000000000605e+00,6.841743000000000130e+00,nan,nan,6.189868999999999843e+00,7.497206000000000259e+00,6.555761999999999645e+00,7.812515000000000320e+00,1.238889200000000024e+01,8.966948999999999614e+00,7.030554000000000414e+00,6.981218000000000146e+00,nan,8.208227000000000828e+00,8.213100000000000733e+00,nan,2.029177899999999823e+01,8.906079000000000079e+00,8.544821000000000666e+00,1.261603500000000011e+01,7.339006000000000363e+00,9.692928000000000210e+00,1.390263900000000064e+01,7.202655000000000030e+00,nan,nan,8.618883000000000294e+00,7.272110999999999770e+00,nan,nan,nan,nan,nan,nan,nan,nan,8.673990999999999119e+00,7.067803999999999753e+00,nan,nan,6.633728999999999765e+00,6.871147999999999811e+00,6.694588999999999679e+00,7.113267999999999702e+00,8.393620000000000303e+00,8.949177000000000604e+00,7.434722999999999971e+00,9.947746999999999673e+00,1.156578400000000073e+01,7.487948000000000270e+00,nan,nan,1.082236999999999938e+01,nan,nan,7.267867999999999995e+00,6.581452999999999776e+00,nan
nan,nan,nan,nan,nan,nan,nan,nan,nan,nan,nan,nan,nan,nan,nan,nan,nan,nan,nan,nan,nan,nan,nan,nan,7.519654000000000060e+00,nan,nan,nan,nan,nan,nan,nan,nan,nan,nan,nan,nan,nan,nan,nan,nan,nan,nan,nan,nan,nan,nan,nan,nan,nan,nan,nan,nan,nan,nan,nan,nan,nan,nan,nan,nan,nan,nan,nan,nan,nan,nan,nan,nan,nan,nan,6.470081000000000415e+00,6.613446999999999854e+00,nan,nan,6.936410000000000409e+00,7.535429999999999851e+00,7.199151999999999774e+00,7.226708999999999605e+00,7.074209999999999887e+00,9.881517000000000550e+00,1.042870100000000022e+01,1.122723799999999983e+01,nan,6.673758000000000301e+00,8.452166999999999319e+00,6.073126000000000246e+00,7.797717999999999705e+00,1.669766800000000018e+01,8.615876000000000090e+00,9.107784999999999798e+00,8.991284999999999528e+00,8.807600000000000762e+00,7.386238999999999777e+00,6.689708000000000432e+00,nan,nan,nan,8.010904000000000025e+00,nan,nan,nan,nan,nan,nan,nan,nan,nan,nan,nan,nan,nan,nan,nan,nan,6.146190999999999960e+00,6.605656999999999890e+00,6.227263999999999911e+00,6.279710999999999821e+00,7.524797999999999654e+00,6.038217999999999641e+00,nan,nan,nan,nan,nan,nan,nan,nan
nan,nan,nan,nan,nan,nan,nan,nan,nan,nan,nan,nan,nan,nan,nan,nan,nan,nan,nan,nan,nan,nan,nan,nan,nan,nan,nan,nan,nan,nan,1.099827999999999939e+01,nan,nan,nan,nan,nan,nan,nan,nan,nan,nan,nan,nan,nan,nan,nan,nan,nan,nan,nan,nan,nan,nan,nan,nan,nan,nan,nan,nan,nan,nan,nan,nan,nan,nan,nan,nan,nan,nan,nan,6.847798000000000052e+00,7.668028999999999762e+00,7.470752000000000059e+00,nan,nan,nan,7.238571999999999562e+00,6.782826000000000022e+00,7.978589000000000375e+00,7.641111999999999682e+00,8.284230000000000871e+00,7.986958999999999698e+00,9.907704000000000732e+00,nan,nan,8.915316000000000685e+00,7.636530999999999736e+00,7.822775000000000034e+00,1.130572399999999966e+01,1.314928399999999975e+01,1.067586400000000069e+01,1.124653099999999917e+01,9.274050000000000793e+00,7.987409000000000425e+00,9.735637999999999792e+00,7.804064999999999586e+00,8.743513999999999342e+00,9.160553999999999419e+00,1.000584399999999974e+01,nan,nan,nan,nan,7.498033999999999644e+00,nan,7.339113000000000220e+00,nan,8.455802000000000263e+00,9.046039999999999637e+00,nan,nan,7.065889000000000308e+00,8.125007999999999342e+00,7.749213000000000129e+00,7.058919999999999639e+00,9.791565999999999548e+00,8.849271999999999139e+00,7.823036000000000101e+00,8.286600999999999217e+00,7.860655000000000392e+00,6.628720000000000390e+00,nan,nan,nan,nan,nan,nan,9.209979999999999833e+00,nan
nan,nan,nan,nan,nan,nan,nan,nan,nan,nan,nan,nan,nan,nan,nan,nan,nan,nan,nan,nan,nan,nan,nan,nan,nan,nan,nan,nan,nan,nan,nan,nan,nan,nan,nan,nan,nan,nan,nan,nan,nan,nan,nan,nan,nan,nan,nan,nan,nan,nan,nan,nan,nan,nan,nan,nan,nan,nan,nan,nan,nan,nan,nan,nan,6.295835000000000292e+00,5.988701999999999970e+00,nan,nan,nan,nan,7.375396000000000285e+00,7.825019000000000169e+00,7.287348999999999855e+00,7.170085000000000264e+00,nan,nan,7.082536000000000165e+00,7.430369999999999919e+00,8.355480000000000018e+00,8.437281000000000475e+00,8.074094999999999800e+00,7.630176999999999765e+00,9.629274000000000555e+00,nan,7.652393000000000001e+00,7.859587000000000323e+00,6.782715999999999745e+00,1.065455700000000050e+01,9.388184000000000751e+00,1.038538999999999923e+01,1.266460900000000045e+01,8.606852999999999199e+00,8.918025000000000091e+00,7.123498999999999803e+00,8.296808999999999656e+00,8.642395000000000493e+00,7.789369999999999905e+00,6.952460000000000306e+00,8.702147000000000077e+00,nan,nan,nan,nan,7.635380999999999752e+00,nan,6.785134000000000221e+00,6.766416999999999682e+00,7.119083999999999968e+00,7.382408999999999999e+00,6.333039999999999559e+00,nan,6.775833999999999691e+00,7.238934000000000424e+00,7.927787000000000361e+00,7.237007000000000190e+00,9.071320000000000050e+00,9.195315000000000794e+00,7.067356000000000193e+00,9.835736999999999952e+00,9.481880000000000308e+00,7.777319999999999567e+00,nan,nan,9.509750000000000369e+00,nan,nan,6.762293999999999805e+00,6.597865999999999786e+00,nan
nan,nan,nan,nan,nan,nan,nan,nan,nan,nan,nan,nan,nan,nan,nan,nan,nan,nan,nan,nan,nan,nan,nan,nan,nan,nan,nan,nan,nan,nan,nan,nan,nan,nan,nan,nan,nan,nan,nan,nan,nan,nan,nan,nan,nan,nan,nan,nan,nan,nan,nan,nan,nan,nan,nan,nan,nan,nan,nan,nan,nan,nan,nan,nan,nan,nan,nan,nan,nan,nan,nan,nan,6.997035000000000338e+00,nan,nan,nan,7.231977999999999795e+00,7.446283000000000207e+00,7.523366000000000220e+00,7.560012999999999650e+00,7.192989999999999995e+00,8.703191999999999595e+00,9.102935999999999694e+00,nan,nan,8.984159000000000006e+00,7.246250999999999998e+00,7.396227999999999803e+00,9.775463999999999487e+00,9.078317000000000192e+00,7.701425999999999661e+00,1.318134000000000050e+01,8.840835999999999473e+00,8.477356000000000336e+00,9.760808000000000817e+00,8.531262999999999153e+00,6.528932000000000180e+00,8.201895999999999631e+00,1.058661900000000067e+01,nan,nan,nan,nan,nan,nan,nan,nan,nan,nan,nan,nan,nan,7.651304999999999801e+00,7.518508999999999887e+00,7.265800999999999732e+00,6.728795999999999999e+00,6.985387000000000235e+00,nan,nan,8.702002999999999489e+00,nan,nan,nan,nan,nan,nan,nan,nan,nan
nan,nan,nan,nan,nan,nan,nan,nan,nan,nan,nan,nan,nan,nan,nan,nan,nan,nan,nan,nan,nan,nan,nan,nan,nan,nan,nan,nan,nan,nan,nan,nan,nan,nan,nan,nan,nan,nan,nan,nan,nan,nan,nan,nan,nan,nan,nan,nan,nan,nan,nan,nan,nan,nan,nan,nan,nan,nan,nan,nan,nan,nan,nan,nan,nan,nan,nan,nan,nan,nan,nan,nan,nan,nan,nan,nan,nan,7.099255999999999567e+00,7.481615999999999822e+00,nan,nan,6.560807999999999751e+00,7.916883000000000337e+00,nan,nan,8.027162000000000575e+00,8.426811999999999969e+00,nan,7.011921000000000070e+00,7.909044999999999881e+00,7.253839000000000148e+00,1.141497700000000037e+01,1.477928099999999922e+01,1.040186699999999931e+01,8.813955999999999236e+00,8.634254000000000318e+00,6.905352999999999852e+00,8.552747000000000099e+00,9.667047000000000168e+00,nan,nan,nan,nan,nan,nan,nan,nan,nan,nan,nan,nan,nan,8.271088000000000662e+00,9.540134000000000114e+00,nan,nan,nan,nan,nan,nan,nan,nan,nan,nan,nan,nan,nan,nan,nan
nan,nan,nan,nan,nan,nan,nan,nan,nan,nan,nan,nan,nan,nan,nan,nan,nan,nan,nan,nan,nan,nan,nan,nan,nan,nan,nan,nan,nan,nan,nan,nan,nan,nan,nan,nan,nan,nan,nan,nan,nan,nan,nan,nan,nan,nan,nan,nan,nan,nan,nan,nan,nan,nan,nan,nan,nan,nan,nan,nan,nan,nan,nan,nan,nan,nan,nan,nan,nan,nan,nan,nan,nan,nan,nan,nan,nan,nan,nan,nan,nan,nan,nan,nan,nan,nan,7.952307000000000237e+00,nan,nan,7.257774999999999643e+00,8.583824999999999150e+00,7.372569999999999624e+00,9.205956000000000472e+00,1.233372999999999919e+01,8.152471000000000245e+00,9.148808000000000717e+00,9.634406999999999499e+00,1.029182499999999933e+01,8.531795000000000684e+00,1.089722000000000079e+01,9.527604000000000184e+00,1.131833800000000068e+01,nan,9.586112999999999218e+00,9.339114000000000360e+00,8.336444999999999439e+00,8.522875000000000867e+00,nan,nan,nan,nan,nan,8.434566000000000230e+00,7.129662999999999862e+00,nan,7.411189000000000249e+00,nan,nan,nan,nan,nan,nan,nan,nan,nan,nan,nan,nan,nan
nan,nan,nan,nan,nan,nan,nan,nan,nan,nan,nan,nan,nan,nan,nan,nan,nan,nan,nan,nan,nan,nan,nan,nan,nan,nan,nan,nan,nan,nan,nan,nan,nan,nan,nan,nan,nan,nan,nan,nan,nan,nan,nan,nan,nan,nan,nan,nan,nan,nan,nan,nan,nan,nan,nan,nan,nan,nan,nan,nan,nan,nan,nan,nan,nan,nan,nan,nan,nan,nan,6.444625000000000270e+00,7.055069999999999730e+00,8.375180000000000291e+00,nan,nan,nan,nan,nan,8.016208000000000666e+00,7.381469000000000058e+00,8.430293000000000703e+00,nan,nan,nan,nan,7.856921999999999962e+00,8.315250000000000696e+00,6.487095000000000056e+00,nan,9.717938999999999439e+00,7.777593000000000423e+00,9.021117999999999526e+00,8.828659000000000034e+00,8.086116999999999777e+00,1.091514800000000029e+01,1.066462899999999969e+01,8.868213000000000790e+00,9.394118000000000634e+00,8.482751000000000374e+00,nan,7.875092999999999677e+00,nan,7.798115000000000130e+00,9.885541999999999163e+00,nan,8.548019999999999285e+00,8.322328000000000614e+00,7.162698999999999927e+00,7.118693000000000382e+00,nan,nan,7.656803000000000026e+00,7.363487000000000116e+00,7.580707000000000306e+00,8.054626000000000730e+00,8.689723000000000752e+00,7.285036999999999985e+00,6.686003999999999614e+00,6.856480000000000352e+00,6.861661999999999928e+00,6.742600000000000371e+00,nan,nan,nan,nan,nan,1.073722799999999999e+01,6.724720999999999727e+00,nan
nan,nan,nan,nan,nan,nan,nan,nan,nan,nan,nan,nan,nan,nan,nan,nan,nan,nan,nan,nan,nan,nan,nan,nan,nan,nan,nan,nan,nan,nan,nan,nan,nan,nan,nan,nan,nan,nan,nan,nan,nan,nan,nan,nan,nan,nan,nan,nan,nan,nan,nan,nan,nan,nan,nan,nan,nan,nan,nan,nan,nan,nan,nan,nan,nan,nan,nan,nan,nan,nan,nan,nan,nan,nan,nan,nan,nan,nan,nan,nan,nan,nan,nan,nan,nan,6.994157999999999653e+00,9.981707999999999359e+00,nan,nan,7.480639000000000038e+00,6.779903000000000013e+00,7.602642000000000344e+00,1.040277200000000057e+01,9.404866000000000170e+00,1.072533299999999912e+01,1.238257199999999969e+01,9.146290999999999727e+00,1.024455200000000055e+01,8.392670000000000741e+00,nan,nan,nan,nan,nan,nan,nan,nan,nan,nan,nan,nan,nan,7.576252000000000209e+00,7.089871999999999730e+00,7.328000000000000291e+00,nan,6.412017999999999773e+00,nan,nan,nan,nan,nan,nan,nan,nan,nan,nan,nan,nan
nan,nan,nan,nan,nan,nan,nan,nan,nan,nan,nan,nan,nan,nan,nan,nan,nan,nan,nan,nan,nan,nan,nan,nan,nan,nan,nan,nan,nan,nan,nan,nan,nan,nan,nan,nan,nan,nan,nan,nan,nan,nan,nan,nan,nan,nan,nan,nan,nan,nan,nan,nan,nan,nan,nan,nan,nan,nan,nan,nan,nan,nan,nan,nan,nan,nan,nan,nan,nan,nan,nan,nan,nan,nan,nan,nan,nan,nan,nan,nan,nan,nan,nan,nan,nan,nan,8.930462999999999596e+00,nan,nan,7.545749999999999957e+00,8.307183999999999457e+00,7.425848000000000226e+00,6.989608999999999739e+00,9.744979000000000724e+00,8.024504000000000303e+00,9.799863999999999464e+00,1.172668600000000083e+01,8.946479999999999322e+00,7.756564000000000014e+00,8.461339000000000610e+00,8.516104999999999592e+00,9.570040999999999798e+00,1.015483799999999981e+01,9.375821000000000183e+00,9.135723999999999734e+00,9.390140000000000597e+00,9.736881999999999593e+00,8.462054999999999438e+00,7.999077999999999911e+00,nan,nan,8.419622000000000384e+00,7.618356000000000350e+00,8.735309000000000879e+00,9.476407999999999276e+00,8.451942000000000732e+00,7.159068999999999683e+00,7.761039000000000243e+00,nan,6.685056999999999583e+00,nan,nan,nan,nan,nan,nan,nan,6.789881000000000277e+00,nan
nan,nan,nan,nan,nan,nan,nan,nan,nan,nan,nan,nan,nan,nan,nan,nan,nan,nan,nan,nan,nan,nan,7.306598000000000148e+00,nan,nan,nan,nan,nan,nan,nan,8.556015999999999622e+00,nan,nan,9.207940999999999931e+00,nan,nan,nan,nan,nan,nan,nan,nan,nan,nan,nan,nan,nan,nan,nan,nan,nan,nan,nan,nan,nan,nan,nan,nan,nan,nan,nan,nan,nan,nan,nan,nan,nan,nan,nan,nan,nan,nan,7.650864999999999583e+00,nan,nan,nan,6.951837000000000266e+00,nan,6.466834999999999667e+00,nan,nan,nan,7.429011000000000031e+00,nan,nan,9.790271999999999863e+00,1.088754600000000039e+01,nan,nan,7.118238999999999983e+00,6.337557000000000329e+00,7.112041999999999753e+00,8.411331000000000557e+00,1.013824199999999998e+01,8.527991999999999351e+00,8.662340000000000373e+00,7.738336000000000325e+00,1.296918499999999952e+01,1.023852100000000043e+01,9.655913999999999220e+00,8.920623000000000857e+00,9.410379999999999967e+00,nan,8.100707999999999132e+00,8.808061000000000362e+00,8.456338000000000577e+00,8.175935000000000841e+00,7.353175000000000239e+00,8.074517999999999418e+00,nan,nan,nan,6.485434999999999839e+00,6.715818999999999761e+00,6.736788999999999916e+00,7.251722000000000001e+00,6.399645999999999724e+00,6.370928000000000146e+00,nan,nan,nan,nan,nan,nan,nan,nan,nan,7.318526000000000309e+00,nan
nan,nan,nan,nan,nan,nan,nan,nan,nan,nan,nan,nan,nan,nan,nan,nan,nan,nan,nan,nan,nan,nan,nan,nan,nan,nan,nan,nan,nan,nan,nan,nan,nan,nan,nan,nan,nan,nan,nan,nan,nan,nan,nan,nan,nan,nan,nan,nan,nan,nan,nan,nan,nan,nan,nan,nan,nan,nan,nan,nan,nan,nan,nan,nan,nan,nan,nan,nan,nan,nan,nan,nan,6.841400000000000148e+00,nan,nan,nan,6.780700000000000394e+00,7.726013000000000019e+00,6.924668999999999741e+00,nan,nan,7.402117999999999753e+00,1.115962500000000013e+01,nan,nan,1.013051500000000082e+01,9.625225000000000364e+00,nan,7.377970999999999613e+00,7.473713000000000051e+00,7.405985000000000262e+00,1.079214699999999993e+01,9.192992000000000274e+00,8.882880999999999361e+00,7.288237999999999772e+00,7.026377000000000095e+00,6.668366999999999933e+00,9.219353999999999161e+00,1.330571499999999929e+01,nan,nan,nan,nan,nan,nan,nan,nan,nan,nan,nan,nan,nan,nan,nan,nan,nan,7.937116999999999756e+00,nan,nan,7.108835000000000015e+00,nan,nan,nan,nan,nan,nan,nan,nan,nan
nan,nan,nan,nan,nan,nan,nan,nan,nan,nan,nan,nan,nan,nan,nan,nan,nan,nan,nan,nan,nan,nan,nan,nan,nan,nan,nan,nan,nan,nan,nan,nan,nan,nan,nan,nan,nan,nan,nan,nan,nan,nan,nan,nan,nan,nan,nan,nan,nan,nan,nan,nan,nan,nan,nan,nan,nan,nan,nan,nan,nan,nan,nan,nan,nan,nan,nan,nan,nan,nan,nan,nan,nan,nan,nan,nan,nan,nan,nan,nan,nan,nan,nan,nan,nan,nan,7.545272999999999897e+00,nan,nan,nan,nan,7.247715000000000352e+00,nan,1.058724800000000066e+01,6.803023999999999738e+00,7.947429999999999772e+00,8.586168000000000688e+00,1.161073500000000003e+01,8.845186999999999244e+00,1.324902100000000083e+01,1.393628900000000037e+01,1.037052000000000085e+01,9.330431000000000807e+00,8.195975000000000676e+00,8.803119000000000582e+00,9.892760000000000886e+00,8.085501000000000715e+00,7.995097999999999594e+00,nan,nan,nan,nan,7.549032000000000409e+00,7.890297999999999590e+00,nan,8.980275999999999925e+00,nan,nan,nan,nan,nan,nan,nan,nan,nan,nan,nan,nan,nan
nan,nan,nan,nan,nan,nan,nan,nan,nan,nan,nan,nan,nan,nan,nan,nan,nan,nan,nan,nan,nan,nan,nan,nan,nan,nan,nan,nan,nan,nan,nan,nan,nan,7.135959999999999859e+00,nan,nan,nan,nan,nan,nan,nan,nan,nan,nan,nan,nan,nan,nan,nan,nan,nan,nan,nan,nan,nan,nan,nan,nan,nan,nan,nan,nan,nan,nan,nan,nan,nan,nan,nan,nan,nan,nan,nan,nan,nan,nan,nan,nan,nan,nan,nan,nan,nan,nan,nan,nan,6.971044000000000018e+00,nan,nan,nan,nan,nan,nan,1.013038500000000042e+01,7.437993999999999772e+00,7.645013999999999754e+00,8.587384999999999380e+00,9.658319000000000543e+00,8.155428000000000566e+00,1.309338100000000082e+01,1.523248099999999994e+01,1.008858400000000088e+01,9.184927000000000064e+00,8.638996999999999815e+00,1.060558600000000062e+01,9.594758999999999816e+00,8.596284999999999954e+00,9.964586999999999861e+00,7.577433000000000085e+00,nan,nan,9.943740999999999275e+00,7.518671999999999578e+00,7.214401999999999759e+00,9.596764999999999546e+00,7.065300999999999831e+00,nan,nan,nan,nan,nan,nan,nan,nan,nan,nan,nan,6.188045999999999935e+00,nan
nan,nan,nan,nan,nan,nan,nan,nan,nan,nan,nan,nan,nan,nan,nan,nan,nan,nan,nan,nan,nan,nan,nan,nan,nan,nan,nan,nan,nan,nan,nan,nan,nan,nan,nan,nan,nan,nan,nan,nan,nan,nan,nan,nan,nan,nan,nan,nan,nan,nan,nan,nan,nan,nan,nan,nan,nan,nan,nan,nan,nan,nan,nan,nan,nan,nan,nan,nan,nan,nan,nan,nan,nan,nan,nan,nan,nan,nan,nan,nan,nan,nan,nan,nan,nan,nan,nan,nan,nan,nan,nan,nan,nan,8.124947000000000585e+00,nan,nan,7.420404000000000444e+00,7.937286000000000286e+00,nan,1.024329700000000010e+01,7.939890000000000114e+00,1.305829199999999979e+01,1.039677599999999913e+01,7.840201000000000420e+00,nan,7.701905000000000001e+00,7.350976000000000177e+00,nan,nan,nan,nan,nan,nan,nan,nan,nan,nan,nan,nan,nan,nan,nan,nan,nan,nan,nan,nan,nan,nan
nan,nan,nan,nan,nan,nan,nan,nan,nan,nan,nan,nan,nan,nan,nan,nan,nan,nan,nan,nan,nan,nan,nan,nan,nan,nan,nan,nan,nan,nan,nan,nan,nan,nan,nan,nan,nan,nan,nan,nan,nan,nan,nan,nan,nan,nan,nan,nan,nan,nan,nan,nan,nan,nan,nan,nan,nan,nan,nan,nan,nan,nan,nan,nan,nan,nan,nan,nan,nan,nan,nan,nan,nan,nan,nan,nan,nan,nan,nan,nan,nan,nan,nan,nan,nan,nan,nan,nan,nan,nan,nan,nan,nan,nan,nan,nan,9.981842999999999577e+00,1.029864599999999975e+01,nan,8.604423000000000599e+00,9.628693999999999420e+00,1.221139999999999937e+01,1.563486800000000088e+01,1.027884199999999915e+01,1.137344900000000081e+01,9.005328000000000443e+00,1.034873800000000088e+01,7.482293000000000305e+00,nan,nan,nan,nan,7.307552000000000270e+00,8.235379999999999256e+00,8.087068000000000367e+00,nan,nan,nan,nan,nan,nan,nan,nan,nan,nan,nan,nan,6.804306999999999661e+00,nan
nan,nan,nan,nan,nan,nan,nan,nan,nan,nan,nan,nan,nan,nan,nan,nan,nan,nan,nan,nan,nan,nan,nan,nan,nan,nan,nan,nan,nan,nan,nan,nan,nan,nan,nan,nan,nan,nan,nan,nan,nan,nan,nan,nan,nan,nan,nan,nan,nan,nan,nan,nan,nan,nan,nan,nan,nan,nan,nan,nan,nan,nan,nan,nan,nan,nan,nan,nan,nan,nan,nan,nan,nan,nan,nan,nan,nan,nan,nan,nan,nan,nan,nan,nan,nan,nan,nan,nan,nan,8.353220000000000312e+00,7.722256999999999927e+00,nan,7.921565000000000190e+00,9.622094999999999843e+00,8.309732000000000340e+00,9.005831000000000586e+00,9.210034999999999528e+00,8.196343000000000600e+00,nan,nan,8.752102999999999966e+00,7.563490999999999964e+00,9.250208000000000652e+00,1.411748200000000075e+01,8.859522000000000119e+00,7.932764999999999844e+00,9.711854000000000653e+00,7.386006000000000071e+00,nan,nan,nan,7.294309000000000154e+00,8.588763000000000147e+00,8.222222000000000364e+00,8.123813999999999425e+00,8.063171000000000532e+00,6.991028000000000020e+00,nan,nan,nan,nan,nan,nan,nan,nan,nan,nan,6.250676000000000343e+00,nan
nan,nan,nan,nan,nan,nan,nan,nan,nan,nan,nan,nan,nan,nan,nan,nan,nan,nan,nan,nan,nan,nan,nan,nan,nan,nan,nan,nan,nan,nan,nan,nan,nan,nan,nan,nan,nan,nan,nan,nan,nan,nan,nan,nan,nan,nan,nan,nan,nan,nan,nan,nan,nan,nan,nan,nan,nan,nan,nan,nan,nan,nan,nan,nan,nan,nan,nan,nan,nan,nan,nan,nan,nan,nan,nan,nan,nan,nan,nan,nan,nan,nan,nan,nan,nan,nan,nan,nan,nan,nan,nan,nan,nan,8.124114000000000502e+00,nan,nan,7.321689000000000114e+00,8.297380000000000422e+00,nan,9.049179999999999779e+00,1.163787499999999930e+01,8.678572000000000841e+00,1.239179700000000039e+01,9.284750000000000725e+00,2.073333200000000076e+01,9.750047999999999604e+00,9.380494999999999806e+00,7.521649000000000029e+00,nan,nan,nan,7.100677000000000127e+00,7.857090000000000352e+00,7.839973999999999776e+00,8.644850999999999175e+00,nan,nan,nan,nan,nan,nan,nan,nan,nan,nan,nan,nan,8.146076000000000761e+00,nan
nan,nan,nan,nan,nan,nan,nan,nan,nan,nan,nan,nan,nan,nan,nan,nan,nan,nan,nan,nan,nan,nan,nan,nan,nan,nan,nan,nan,nan,nan,nan,nan,nan,nan,nan,nan,nan,nan,nan,nan,nan,7.257380000000000386e+00,9.906897999999999982e+00,1.029177199999999992e+01,8.527739999999999654e+00,nan,nan,nan,nan,6.951242999999999839e+00,nan,nan,nan,nan,nan,nan,nan,nan,nan,nan,nan,nan,nan,7.311576999999999771e+00,nan,nan,nan,nan,nan,nan,nan,nan,nan,nan,nan,nan,nan,nan,nan,nan,nan,nan,nan,nan,nan,nan,8.206873999999999114e+00,nan,nan,7.736123000000000083e+00,9.292548999999999282e+00,nan,8.187241000000000213e+00,8.192959000000000103e+00,7.888166000000000011e+00,8.510388999999999982e+00,8.364819999999999922e+00,9.457375000000000753e+00,7.003771999999999665e+00,8.997735999999999734e+00,9.399798000000000542e+00,nan,7.621105000000000018e+00,8.524248999999999299e+00,1.031459100000000007e+01,1.554630000000000045e+01,1.179712499999999942e+01,8.934367999999999199e+00,8.677068000000000225e+00,nan,nan,7.638786999999999772e+00,8.113459000000000643e+00,8.042360000000000397e+00,8.011533000000000015e+00,8.424825000000000230e+00,6.266187000000000396e+00,7.442323000000000022e+00,nan,8.488744999999999763e+00,1.211504799999999982e+01,nan,nan,nan,nan,nan,nan,7.346799999999999997e+00,nan
nan,nan,nan,nan,nan,nan,nan,nan,nan,nan,nan,nan,nan,nan,nan,nan,nan,nan,nan,nan,nan,nan,nan,nan,nan,nan,nan,nan,nan,nan,nan,nan,nan,nan,nan,nan,nan,nan,nan,nan,nan,nan,8.436991000000000795e+00,nan,nan,nan,nan,nan,nan,nan,nan,nan,nan,nan,nan,nan,nan,nan,nan,nan,nan,nan,nan,nan,nan,nan,nan,nan,nan,nan,nan,nan,nan,nan,nan,nan,nan,nan,nan,nan,nan,nan,nan,nan,nan,nan,7.285758000000000401e+00,nan,nan,6.888562000000000296e+00,7.346837999999999980e+00,nan,nan,7.773712999999999873e+00,7.336110999999999827e+00,nan,1.001267099999999921e+01,8.009501999999999455e+00,nan,nan,8.447862000000000648e+00,8.246036000000000143e+00,1.099771100000000068e+01,1.057955300000000065e+01,1.059937700000000049e+01,1.189607400000000048e+01,1.492404499999999956e+01,9.951651999999999276e+00,8.815182999999999325e+00,7.996417000000000108e+00,nan,7.442979000000000234e+00,1.037454100000000068e+01,8.835333000000000325e+00,6.902313000000000365e+00,8.282294999999999519e+00,6.956822999999999979e+00,6.819782000000000011e+00,nan,6.023290000000000255e+00,8.256057999999999453e+00,nan,nan,nan,nan,nan,nan,7.727754000000000012e+00,nan
nan,nan,nan,nan,nan,nan,nan,nan,nan,nan,nan,nan,nan,nan,nan,nan,nan,nan,nan,nan,nan,nan,nan,nan,nan,nan,nan,nan,nan,nan,nan,nan,nan,nan,nan,nan,nan,nan,nan,nan,nan,nan,9.631871000000000294e+00,8.114938000000000429e+00,1.138399899999999931e+01,1.024177899999999930e+01,nan,1.062716099999999919e+01,6.731981000000000215e+00,7.936139999999999972e+00,7.151702000000000226e+00,nan,nan,8.200872000000000384e+00,nan,nan,nan,nan,nan,nan,nan,nan,nan,9.025612999999999886e+00,7.215298999999999907e+00,7.418941000000000230e+00,nan,nan,nan,7.921922999999999604e+00,7.010640000000000427e+00,6.891170999999999935e+00,9.619469999999999743e+00,6.641153000000000084e+00,nan,nan,nan,nan,nan,6.500763000000000069e+00,nan,nan,nan,7.334470999999999741e+00,nan,8.903325999999999851e+00,7.564746000000000414e+00,nan,nan,9.418030999999999153e+00,8.781250000000000000e+00,1.112425999999999959e+01,nan,8.269337999999999411e+00,7.816741000000000383e+00,1.093929499999999955e+01,8.743121000000000365e+00,8.721441000000000443e+00,nan,9.739966000000000790e+00,7.985363000000000433e+00,nan,7.181305000000000049e+00,9.470223000000000724e+00,8.578777999999999793e+00,9.548704000000000747e+00,1.251572700000000005e+01,1.134159000000000006e+01,1.103791299999999964e+01,1.013436599999999999e+01,8.787088999999999928e+00,1.019597300000000040e+01,1.025681400000000032e+01,8.765093000000000245e+00,9.128453000000000372e+00,8.377254999999999896e+00,7.542386999999999730e+00,8.413942999999999728e+00,8.152917999999999665e+00,8.008535000000000181e+00,8.218598000000000070e+00,nan,nan,nan,nan,nan,9.689009999999999678e+00,1.102667100000000033e+01,nan
nan,nan,nan,nan,nan,nan,nan,nan,nan,nan,nan,nan,nan,nan,nan,nan,nan,nan,nan,nan,nan,nan,nan,nan,nan,nan,nan,nan,nan,nan,1.279501899999999992e+01,nan,nan,nan,nan,nan,nan,nan,nan,nan,nan,nan,nan,nan,1.090878299999999967e+01,nan,nan,nan,nan,9.323631999999999920e+00,nan,nan,nan,nan,nan,nan,nan,nan,nan,nan,nan,nan,nan,9.389772000000000673e+00,8.209469999999999601e+00,nan,nan,nan,nan,nan,nan,nan,nan,nan,nan,nan,nan,nan,nan,nan,nan,nan,nan,nan,nan,9.165129000000000303e+00,9.567206999999999795e+00,6.729045000000000165e+00,nan,9.917714000000000141e+00,8.368693999999999633e+00,1.118198499999999918e+01,nan,nan,8.294064999999999799e+00,nan,8.680391999999999442e+00,8.852919999999999234e+00,nan,1.021517599999999959e+01,8.297219000000000122e+00,nan,nan,9.329603000000000534e+00,9.758388999999999314e+00,1.017880399999999952e+01,9.458277999999999963e+00,1.113645299999999949e+01,1.233033200000000029e+01,9.557615000000000194e+00,8.439038999999999291e+00,8.406207000000000207e+00,8.383594000000000435e+00,8.759679000000000215e+00,7.872417000000000442e+00,8.619963000000000264e+00,6.756370999999999682e+00,7.871819000000000344e+00,7.165125999999999884e+00,7.494011999999999674e+00,8.186458999999999264e+00,nan,nan,nan,nan,nan,8.863063999999999609e+00,1.504789399999999944e+01,nan
nan,nan,nan,nan,nan,nan,nan,nan,2.081761600000000101e+01,nan,nan,nan,nan,nan,nan,nan,nan,nan,nan,nan,nan,nan,nan,nan,nan,nan,nan,nan,nan,nan,nan,nan,nan,nan,nan,nan,nan,nan,nan,nan,nan,nan,nan,1.826697899999999919e+01,nan,1.264568700000000057e+01,nan,1.496614399999999989e+01,1.451988799999999991e+01,nan,1.338672399999999918e+01,nan,1.379817700000000080e+01,2.175765200000000021e+01,nan,nan,nan,nan,nan,nan,nan,nan,nan,1.139324900000000085e+01,7.426332000000000377e+00,6.862949000000000410e+00,nan,nan,nan,8.052457999999999672e+00,6.474702999999999875e+00,6.942296999999999940e+00,nan,nan,nan,nan,nan,nan,nan,7.242200999999999667e+00,nan,nan,nan,nan,nan,7.804111999999999938e+00,7.336037000000000141e+00,7.454901000000000444e+00,nan,nan,7.032949000000000339e+00,nan,nan,nan,nan,nan,nan,8.016614999999999824e+00,nan,nan,nan,nan,nan,nan,nan,8.562739999999999796e+00,7.141547000000000089e+00,1.220029899999999934e+01,1.306684599999999996e+01,1.533601900000000029e+01,1.192513499999999915e+01,9.559072999999999709e+00,7.824616999999999933e+00,9.560148999999999120e+00,9.177410000000000068e+00,9.848426999999999154e+00,7.026599000000000039e+00,9.245143999999999807e+00,6.548221999999999987e+00,9.114518000000000342e+00,1.060214099999999959e+01,nan,nan,nan,nan,nan,1.430696799999999946e+01,1.637794900000000098e+01,nan
nan,nan,nan,nan,nan,nan,nan,nan,nan,nan,nan,nan,nan,nan,nan,nan,nan,nan,nan,nan,nan,nan,nan,nan,nan,nan,nan,nan,nan,nan,nan,nan,nan,nan,nan,nan,nan,nan,nan,nan,nan,nan,nan,nan,nan,nan,nan,nan,nan,nan,nan,nan,nan,nan,nan,nan,nan,nan,nan,nan,nan,nan,nan,nan,8.052080000000000126e+00,6.818079000000000001e+00,7.227522999999999698e+00,nan,nan,nan,6.956644999999999968e+00,7.816010999999999598e+00,nan,6.821024000000000420e+00,nan,nan,nan,nan,nan,7.390539000000000414e+00,nan,nan,nan,7.034008000000000038e+00,nan,nan,7.426696999999999882e+00,6.855591999999999686e+00,nan,nan,nan,nan,nan,nan,nan,nan,nan,nan,nan,nan,nan,nan,nan,nan,nan,nan,nan,9.970482999999999763e+00,9.622313000000000116e+00,1.235871900000000068e+01,1.487744900000000037e+01,9.271461000000000396e+00,9.009066999999999936e+00,7.553715000000000401e+00,1.004654599999999931e+01,7.429158000000000150e+00,7.186066000000000287e+00,1.014218299999999928e+01,7.001631999999999856e+00,9.517853999999999814e+00,1.041398599999999952e+01,nan,nan,nan,nan,nan,1.458082100000000025e+01,1.506016299999999930e+01,nan
nan,nan,nan,nan,nan,nan,nan,nan,nan,nan,nan,nan,nan,nan,nan,nan,nan,nan,nan,nan,nan,nan,nan,nan,nan,nan,nan,nan,nan,nan,nan,nan,nan,nan,nan,nan,nan,nan,nan,nan,nan,nan,nan,1.140789999999999971e+01,nan,nan,nan,7.620600999999999736e+00,nan,nan,6.761574999999999669e+00,nan,1.369827199999999934e+01,1.290047299999999986e+01,nan,nan,nan,nan,nan,nan,nan,nan,nan,7.838392999999999944e+00,6.896888999999999825e+00,7.613306999999999825e+00,nan,nan,nan,7.098535000000000039e+00,6.667728000000000321e+00,7.010068999999999662e+00,8.828117999999999910e+00,7.000916000000000139e+00,nan,nan,nan,nan,nan,6.502208000000000432e+00,nan,nan,nan,6.621706999999999788e+00,nan,7.465376000000000012e+00,6.809763000000000233e+00,6.688025999999999804e+00,nan,8.780400999999999456e+00,7.412092999999999599e+00,nan,nan,nan,8.226017000000000579e+00,nan,8.653268000000000626e+00,7.564110000000000333e+00,nan,nan,9.813204999999999956e+00,nan,nan,1.173482300000000045e+01,nan,7.704176000000000357e+00,8.501462000000000074e+00,9.818229999999999791e+00,9.696652999999999523e+00,9.571218999999999255e+00,8.467029000000000138e+00,1.062980600000000031e+01,8.649074999999999847e+00,9.001438000000000272e+00,9.676228000000000051e+00,8.741237999999999175e+00,7.343213999999999686e+00,8.359405999999999892e+00,6.557078999999999880e+00,6.944671999999999734e+00,7.884913000000000061e+00,nan,nan,nan,nan,nan,9.248433000000000348e+00,1.109706899999999941e+01,nan
nan,nan,nan,nan,nan,nan,nan,nan,nan,nan,nan,nan,nan,nan,nan,nan,nan,nan,nan,nan,nan,nan,nan,nan,nan,nan,nan,nan,nan,nan,nan,nan,nan,nan,nan,nan,nan,nan,nan,nan,nan,nan,nan,nan,nan,nan,nan,nan,6.626587999999999923e+00,8.379664000000000001e+00,nan,nan,nan,nan,nan,nan,nan,nan,nan,nan,nan,nan,nan,6.645330999999999655e+00,nan,7.113331999999999766e+00,nan,nan,nan,nan,6.735733999999999888e+00,7.147801000000000293e+00,6.911807999999999730e+00,6.418413000000000146e+00,nan,nan,nan,nan,nan,7.072674000000000127e+00,nan,nan,nan,nan,nan,8.529605999999999355e+00,7.246293999999999791e+00,6.517900000000000027e+00,nan,8.255974000000000146e+00,8.642730000000000246e+00,7.917774999999999785e+00,7.694797000000000331e+00,7.823465999999999809e+00,7.638713000000000086e+00,7.429958000000000062e+00,8.454598000000000724e+00,8.081640999999999408e+00,nan,nan,7.956320999999999977e+00,nan,8.019747999999999877e+00,9.914006999999999792e+00,8.285660000000000025e+00,8.896126000000000644e+00,1.075620200000000004e+01,9.597075000000000244e+00,8.774183999999999983e+00,7.182476999999999556e+00,6.897181999999999924e+00,8.301622999999999308e+00,1.173288299999999929e+01,9.967681999999999931e+00,8.009491000000000582e+00,8.811859000000000108e+00,7.009641000000000233e+00,7.154983999999999789e+00,7.484429000000000443e+00,7.376178999999999597e+00,8.146677999999999642e+00,nan,nan,nan,nan,nan,6.795204000000000022e+00,8.502667000000000641e+00,nan
nan,nan,nan,nan,nan,nan,nan,nan,nan,nan,nan,nan,nan,nan,nan,nan,nan,nan,nan,nan,nan,nan,nan,nan,nan,nan,nan,nan,nan,nan,nan,nan,nan,nan,nan,nan,nan,nan,nan,nan,nan,nan,nan,nan,nan,nan,nan,nan,nan,9.945816999999999908e+00,7.613644999999999996e+00,nan,nan,nan,nan,nan,nan,nan,nan,nan,nan,nan,nan,7.949310999999999794e+00,6.838415999999999606e+00,7.326858999999999789e+00,7.421757000000000382e+00,nan,nan,nan,7.093484000000000123e+00,7.977618999999999794e+00,7.592922999999999867e+00,nan,nan,nan,nan,nan,6.311906999999999712e+00,6.321664000000000172e+00,nan,nan,nan,nan,nan,8.118971999999999412e+00,7.573686000000000362e+00,7.280780000000000030e+00,nan,8.133755999999999986e+00,7.723446000000000033e+00,8.963532999999999973e+00,nan,1.005283799999999950e+01,8.546023999999999177e+00,8.743195999999999302e+00,8.502024000000000470e+00,7.983401999999999887e+00,nan,nan,7.223505000000000287e+00,nan,7.492437999999999931e+00,9.259880000000000777e+00,1.105825800000000037e+01,8.339804000000000883e+00,8.802142999999999162e+00,8.545524000000000342e+00,7.842439999999999856e+00,7.516938999999999815e+00,6.560203999999999702e+00,8.415350999999999360e+00,9.939700000000000202e+00,1.171318899999999985e+01,8.857011999999999219e+00,1.087303400000000053e+01,8.741595000000000226e+00,7.354553000000000118e+00,7.687833999999999612e+00,7.551724000000000103e+00,7.619369999999999976e+00,nan,nan,nan,nan,nan,8.100478000000000733e+00,7.901773999999999631e+00,nan
nan,nan,nan,nan,nan,nan,nan,nan,1.865792100000000175e+01,nan,nan,nan,nan,nan,nan,nan,nan,nan,nan,nan,nan,nan,nan,nan,nan,nan,nan,nan,nan,nan,nan,nan,nan,nan,nan,nan,nan,nan,nan,nan,nan,nan,1.212303299999999950e+01,1.175029499999999949e+01,1.220912099999999967e+01,1.087523200000000045e+01,nan,1.068375200000000014e+01,7.164195999999999565e+00,8.936185000000000045e+00,7.148928999999999867e+00,nan,8.086871000000000365e+00,9.240512999999999977e+00,nan,nan,8.191520000000000579e+00,nan,nan,nan,nan,nan,6.709768000000000399e+00,7.669453999999999994e+00,6.860108000000000317e+00,7.246555999999999997e+00,7.323743999999999588e+00,nan,7.022353999999999985e+00,7.414953999999999823e+00,6.693711999999999662e+00,6.767055000000000042e+00,7.019985000000000142e+00,6.490103999999999651e+00,7.504184999999999661e+00,6.315809999999999924e+00,nan,nan,6.514584000000000152e+00,6.683315999999999590e+00,nan,nan,nan,7.792454000000000214e+00,6.465918000000000276e+00,6.882868000000000208e+00,8.048457000000000860e+00,6.842713999999999963e+00,nan,8.081378000000000839e+00,7.120561999999999614e+00,nan,nan,8.291997999999999536e+00,8.531639000000000195e+00,9.419019000000000474e+00,8.889725999999999573e+00,9.186171999999999116e+00,nan,nan,1.035651099999999936e+01,nan,8.638583000000000567e+00,1.163401900000000033e+01,1.021164100000000019e+01,7.929152000000000200e+00,8.227190999999999477e+00,9.210753000000000412e+00,8.721382000000000190e+00,8.964904999999999902e+00,8.451206000000000884e+00,9.664327999999999363e+00,8.431238000000000454e+00,9.713411000000000683e+00,1.100879100000000044e+01,8.683590999999999838e+00,8.431324000000000041e+00,9.370914000000000854e+00,7.067584000000000088e+00,7.240840999999999639e+00,8.025230000000000530e+00,nan,nan,nan,nan,nan,8.753455999999999904e+00,9.511953999999999354e+00,nan
nan,nan,nan,nan,nan,nan,nan,nan,nan,nan,nan,nan,nan,nan,nan,nan,nan,nan,nan,nan,nan,nan,nan,nan,nan,nan,nan,nan,nan,nan,nan,nan,nan,nan,nan,nan,nan,nan,nan,nan,nan,nan,nan,nan,nan,nan,nan,nan,nan,nan,nan,nan,2.654289100000000090e+01,nan,nan,nan,nan,nan,nan,nan,nan,nan,nan,nan,nan,nan,nan,nan,nan,nan,7.717035000000000089e+00,7.980558000000000263e+00,6.292092000000000240e+00,nan,nan,nan,nan,nan,nan,7.507160999999999973e+00,7.005562000000000289e+00,nan,nan,nan,nan,6.690377999999999936e+00,7.126112000000000002e+00,7.872334999999999638e+00,nan,1.018618400000000079e+01,8.436234999999999928e+00,nan,nan,nan,8.424982999999999222e+00,6.856392999999999738e+00,9.426284000000000773e+00,7.446157999999999610e+00,nan,nan,nan,nan,nan,8.902604999999999436e+00,nan,7.740179999999999616e+00,8.310237000000000762e+00,8.147826000000000235e+00,7.819865000000000066e+00,7.009522999999999726e+00,6.505652000000000434e+00,8.418673999999999324e+00,8.345409000000000077e+00,1.000429500000000083e+01,8.248998999999999526e+00,1.435512699999999953e+01,1.106508700000000012e+01,7.504381000000000412e+00,9.704285000000000494e+00,7.684492999999999796e+00,6.637901000000000273e+00,nan,nan,nan,nan,nan,nan,7.125376000000000154e+00,nan
nan,nan,nan,nan,nan,nan,nan,nan,nan,nan,nan,nan,nan,nan,nan,nan,nan,nan,nan,nan,nan,nan,nan,nan,nan,nan,nan,nan,nan,nan,nan,nan,nan,nan,nan,nan,nan,nan,nan,nan,nan,nan,nan,nan,nan,nan,nan,nan,nan,7.583675999999999640e+00,6.613826999999999678e+00,nan,8.156641999999999726e+00,nan,7.707069999999999865e+00,nan,nan,nan,nan,nan,nan,nan,nan,6.065428999999999959e+00,6.421092999999999940e+00,6.416833999999999705e+00,6.738456000000000223e+00,nan,nan,nan,7.246213000000000015e+00,7.340381999999999962e+00,6.559529000000000387e+00,7.613358999999999988e+00,6.733297999999999561e+00,nan,6.538507000000000069e+00,nan,6.778494000000000241e+00,7.964688999999999908e+00,6.644397999999999804e+00,6.247221999999999831e+00,7.531996000000000357e+00,nan,6.278226000000000084e+00,7.293553000000000175e+00,6.597278000000000198e+00,9.157619000000000398e+00,6.570833999999999619e+00,8.012729000000000212e+00,9.147396000000000527e+00,7.509638999999999953e+00,nan,6.958459000000000394e+00,7.386979000000000184e+00,6.777445000000000164e+00,7.245524999999999771e+00,7.426681999999999562e+00,7.603594000000000186e+00,nan,nan,nan,nan,nan,nan,6.513607999999999620e+00,6.875447000000000308e+00,7.845269000000000048e+00,7.219522000000000439e+00,6.651112000000000357e+00,6.477549999999999919e+00,7.195796999999999777e+00,7.594109999999999694e+00,9.057377000000000677e+00,8.505243000000000109e+00,1.058644299999999916e+01,1.440231299999999948e+01,9.350324000000000524e+00,1.928754199999999841e+01,9.942187999999999803e+00,7.744792000000000343e+00,nan,nan,1.026306199999999968e+01,nan,nan,6.556064000000000114e+00,7.074997999999999898e+00,nan
nan,nan,nan,nan,nan,nan,nan,nan,nan,nan,nan,nan,nan,nan,nan,nan,nan,nan,nan,nan,nan,nan,nan,nan,nan,nan,nan,nan,nan,nan,nan,nan,nan,nan,nan,nan,nan,nan,nan,nan,nan,nan,nan,nan,nan,nan,nan,9.155373000000000872e+00,nan,nan,6.702619000000000327e+00,nan,nan,nan,nan,nan,nan,nan,nan,nan,nan,nan,nan,7.612542999999999616e+00,7.060462000000000238e+00,7.036453999999999986e+00,7.073845000000000383e+00,nan,6.722230999999999845e+00,8.139955999999999747e+00,6.694898000000000238e+00,7.180227999999999611e+00,6.775712000000000401e+00,6.315561999999999898e+00,7.056612000000000329e+00,nan,nan,nan,nan,7.811933999999999934e+00,nan,nan,nan,7.143572999999999951e+00,7.294729000000000241e+00,6.155691000000000024e+00,6.609535000000000160e+00,7.888875999999999777e+00,nan,6.513726000000000127e+00,7.644803999999999711e+00,nan,nan,nan,7.038998999999999562e+00,nan,nan,8.565723000000000198e+00,nan,nan,nan,nan,nan,nan,nan,7.970984999999999765e+00,8.229055999999999926e+00,8.386101999999999279e+00,7.849764000000000408e+00,8.208377999999999730e+00,9.194252999999999787e+00,8.527789999999999537e+00,7.147996000000000016e+00,8.640819999999999723e+00,9.747472000000000136e+00,7.941404000000000352e+00,1.108196500000000029e+01,1.222526399999999924e+01,1.248292200000000030e+01,9.060295999999999239e+00,9.815576000000000079e+00,nan,nan,1.362324800000000025e+01,nan,nan,9.015762000000000498e+00,8.277957000000000676e+00,nan
nan,nan,nan,nan,nan,nan,nan,nan,nan,nan,nan,nan,nan,nan,nan,nan,nan,nan,nan,nan,nan,nan,nan,nan,nan,nan,nan,nan,nan,nan,nan,nan,nan,nan,nan,nan,nan,nan,nan,nan,nan,nan,nan,nan,nan,nan,nan,nan,nan,nan,nan,nan,9.515655999999999892e+00,nan,1.061651400000000045e+01,nan,nan,nan,nan,nan,nan,nan,nan,nan,nan,nan,nan,nan,nan,nan,6.857225999999999821e+00,6.930182000000000286e+00,7.362644000000000410e+00,nan,nan,nan,nan,nan,6.950184000000000140e+00,7.988439999999999763e+00,7.215933999999999848e+00,nan,nan,nan,nan,7.637630999999999837e+00,nan,1.066335199999999972e+01,7.674170000000000158e+00,7.120039000000000229e+00,1.022557699999999947e+01,nan,nan,nan,6.993326999999999849e+00,nan,nan,nan,7.709532000000000274e+00,nan,nan,nan,nan,nan,nan,nan,nan,8.595231999999999317e+00,8.354727000000000459e+00,nan,nan,7.130709999999999660e+00,6.904803000000000246e+00,8.774902000000000868e+00,8.308324999999999960e+00,8.455871000000000137e+00,1.277835400000000021e+01,8.633660000000000778e+00,2.415026699999999948e+01,1.178420999999999985e+01,7.689682000000000350e+00,nan,nan,nan,nan,nan,nan,7.075919999999999987e+00,nan
nan,nan,nan,nan,nan,nan,7.402449999999999974e+00,8.248176000000000840e+00,nan,nan,nan,nan,nan,nan,nan,7.181494999999999962e+00,nan,nan,nan,nan,nan,nan,nan,8.866619999999999280e+00,nan,nan,7.365005000000000024e+00,nan,nan,nan,nan,nan,nan,nan,nan,nan,nan,nan,nan,nan,nan,nan,nan,nan,nan,nan,nan,nan,nan,nan,nan,nan,nan,nan,nan,9.913916000000000395e+00,7.856050999999999895e+00,nan,nan,nan,nan,nan,nan,nan,7.451080000000000148e+00,7.459655999999999842e+00,7.018660999999999817e+00,nan,nan,nan,7.781240000000000379e+00,9.272192000000000434e+00,6.756819000000000131e+00,6.518139999999999823e+00,nan,6.601148000000000238e+00,7.514238999999999891e+00,6.799246000000000123e+00,7.112912999999999819e+00,1.148744100000000046e+01,7.818489999999999718e+00,7.773133999999999766e+00,8.256883000000000195e+00,nan,8.461004000000000858e+00,8.184464000000000183e+00,6.783744999999999692e+00,1.224004399999999926e+01,8.574574000000000140e+00,8.237529999999999575e+00,1.045213500000000018e+01,9.069093999999999767e+00,nan,nan,7.070610000000000284e+00,nan,nan,9.351279999999999148e+00,7.179736000000000118e+00,nan,nan,nan,nan,nan,nan,7.937706999999999624e+00,6.786234999999999573e+00,9.683410999999999547e+00,7.782207999999999792e+00,9.797762999999999778e+00,8.447945999999999955e+00,7.535260000000000069e+00,7.129603000000000357e+00,7.613478999999999886e+00,7.571882999999999697e+00,7.326781999999999684e+00,9.338687000000000182e+00,9.832333999999999463e+00,1.246973599999999927e+01,1.719134100000000132e+01,1.020217199999999913e+01,nan,nan,2.324224099999999993e+01,nan,nan,1.027502299999999913e+01,8.446441999999999339e+00,nan
nan,nan,nan,nan,nan,nan,7.947396999999999601e+00,7.970492000000000132e+00,nan,nan,nan,nan,nan,nan,nan,nan,nan,nan,nan,nan,nan,nan,nan,nan,nan,nan,nan,nan,nan,nan,nan,nan,nan,nan,nan,nan,nan,nan,nan,nan,nan,nan,nan,nan,nan,nan,nan,nan,nan,nan,7.156615000000000393e+00,nan,nan,nan,nan,nan,1.011824799999999946e+01,nan,nan,nan,nan,nan,nan,8.303193999999999519e+00,1.294187600000000060e+01,1.008611800000000081e+01,7.867441999999999602e+00,nan,8.006705000000000183e+00,9.131093999999999156e+00,1.089780900000000052e+01,1.255184999999999995e+01,7.850469999999999615e+00,8.144520999999999233e+00,9.842990000000000350e+00,7.714202000000000226e+00,8.291916000000000508e+00,nan,6.754970000000000141e+00,1.016221999999999959e+01,6.865619999999999834e+00,nan,nan,1.240985300000000002e+01,1.119639600000000002e+01,6.954240000000000421e+00,nan,7.923866000000000298e+00,nan,7.544794999999999696e+00,7.630323999999999884e+00,1.010728499999999919e+01,nan,nan,7.589908999999999573e+00,nan,nan,1.193069500000000005e+01,nan,nan,nan,nan,nan,nan,nan,8.068198000000000647e+00,nan,9.107678999999999192e+00,8.660840000000000316e+00,1.389197599999999966e+01,1.094307700000000061e+01,8.930001000000000744e+00,7.531604999999999883e+00,8.056936000000000320e+00,9.067228000000000065e+00,7.546054999999999957e+00,8.024772999999999712e+00,1.159739800000000010e+01,8.900482999999999478e+00,1.507537800000000061e+01,2.057773399999999953e+01,nan,nan,2.475765699999999825e+01,nan,nan,1.197215199999999946e+01,8.424989999999999313e+00,nan
nan,nan,nan,nan,nan,nan,nan,nan,nan,nan,nan,nan,nan,nan,nan,nan,nan,nan,nan,nan,nan,nan,nan,nan,nan,nan,nan,nan,nan,nan,nan,nan,nan,nan,nan,nan,nan,nan,nan,nan,nan,nan,nan,nan,nan,nan,nan,nan,nan,nan,nan,nan,nan,nan,nan,nan,nan,nan,nan,nan,nan,nan,nan,nan,nan,nan,nan,nan,nan,nan,nan,nan,nan,nan,nan,nan,nan,nan,nan,nan,nan,nan,nan,nan,nan,nan,nan,nan,nan,nan,nan,nan,nan,nan,nan,nan,nan,nan,nan,nan,nan,nan,nan,nan,nan,nan,nan,nan,nan,nan,nan,nan,nan,nan,nan,nan,nan,nan,nan,nan,nan,nan,nan,nan,nan,nan,nan,nan,nan
nan,nan,nan,nan,nan,nan,nan,nan,nan,nan,nan,nan,nan,nan,nan,nan,nan,nan,nan,nan,nan,nan,nan,nan,nan,nan,nan,nan,nan,nan,nan,nan,nan,nan,nan,nan,nan,nan,nan,nan,nan,nan,nan,nan,nan,nan,nan,nan,nan,nan,nan,nan,nan,nan,nan,nan,nan,nan,nan,nan,nan,nan,nan,nan,nan,nan,nan,nan,nan,nan,nan,nan,nan,nan,nan,nan,nan,nan,nan,nan,nan,nan,nan,nan,nan,nan,nan,nan,nan,nan,nan,nan,nan,nan,nan,nan,nan,nan,nan,nan,nan,nan,nan,nan,nan,nan,nan,nan,nan,nan,nan,nan,nan,nan,nan,nan,nan,nan,nan,nan,nan,nan,nan,nan,nan,nan,nan,nan,nan
nan,nan,nan,nan,nan,nan,nan,nan,nan,nan,nan,nan,nan,nan,nan,nan,nan,nan,nan,nan,nan,nan,nan,nan,nan,nan,nan,nan,nan,nan,nan,nan,nan,nan,nan,nan,nan,nan,nan,nan,nan,nan,nan,nan,nan,nan,nan,nan,nan,nan,nan,nan,nan,nan,nan,nan,nan,nan,nan,nan,nan,nan,nan,nan,nan,nan,nan,nan,nan,nan,nan,nan,nan,nan,nan,nan,nan,nan,nan,nan,nan,nan,nan,nan,nan,nan,nan,nan,nan,nan,nan,nan,nan,nan,nan,nan,nan,nan,nan,nan,nan,nan,nan,nan,nan,nan,nan,nan,nan,nan,nan,nan,nan,nan,nan,nan,nan,1.193586999999999954e+01,nan,2.035844600000000071e+01,1.266575600000000001e+01,nan,nan,nan,nan,nan,nan,nan,nan
nan,nan,nan,nan,nan,nan,nan,nan,nan,nan,nan,nan,nan,nan,nan,nan,nan,nan,nan,nan,nan,nan,nan,nan,nan,nan,nan,nan,nan,nan,nan,nan,nan,nan,nan,nan,nan,nan,nan,nan,nan,nan,nan,nan,nan,nan,nan,nan,nan,nan,nan,nan,nan,nan,nan,nan,nan,nan,nan,nan,nan,nan,nan,nan,nan,nan,nan,nan,nan,nan,nan,nan,nan,nan,nan,nan,nan,nan,nan,nan,nan,nan,nan,nan,nan,nan,nan,nan,nan,nan,nan,nan,nan,nan,nan,nan,nan,nan,nan,nan,nan,nan,nan,nan,nan,nan,nan,nan,nan,nan,nan,nan,nan,nan,nan,nan,nan,nan,nan,nan,nan,nan,nan,nan,nan,nan,nan,nan,nan
nan,nan,nan,nan,nan,nan,nan,nan,nan,nan,nan,nan,nan,nan,nan,nan,nan,nan,nan,nan,nan,nan,nan,nan,nan,nan,nan,nan,nan,nan,nan,nan,nan,nan,nan,nan,nan,nan,nan,nan,nan,nan,nan,nan,nan,nan,nan,nan,nan,nan,nan,nan,nan,nan,nan,nan,nan,nan,nan,nan,nan,nan,nan,nan,nan,nan,nan,nan,nan,nan,nan,nan,nan,nan,nan,nan,nan,nan,nan,nan,nan,nan,nan,nan,nan,nan,nan,nan,nan,nan,nan,nan,nan,nan,nan,nan,nan,nan,nan,nan,nan,nan,nan,nan,nan,nan,nan,nan,nan,nan,nan,nan,nan,nan,nan,nan,nan,nan,nan,nan,nan,nan,nan,nan,nan,nan,nan,nan,nan
nan,nan,nan,nan,nan,nan,nan,nan,nan,nan,nan,nan,nan,nan,nan,nan,nan,nan,nan,nan,nan,nan,nan,nan,nan,nan,nan,nan,nan,nan,nan,nan,nan,nan,nan,nan,nan,nan,nan,nan,nan,nan,nan,8.620017999999999958e+00,nan,nan,nan,8.021964999999999790e+00,nan,nan,7.575732000000000355e+00,nan,nan,nan,nan,nan,nan,nan,nan,nan,nan,nan,nan,9.006596999999999298e+00,8.009695999999999927e+00,7.586729000000000056e+00,8.495058999999999472e+00,nan,nan,nan,7.049980999999999831e+00,7.272889000000000159e+00,7.282186000000000270e+00,6.564357000000000220e+00,nan,nan,nan,nan,nan,nan,nan,nan,nan,7.540564999999999962e+00,nan,nan,9.263476000000000710e+00,nan,nan,nan,8.636419999999999320e+00,nan,nan,nan,nan,nan,nan,1.017751299999999937e+01,nan,nan,nan,nan,nan,nan,nan,8.622572999999999155e+00,7.573891999999999847e+00,9.788361000000000089e+00,1.107666200000000067e+01,1.439997400000000027e+01,1.096171799999999941e+01,9.369799000000000433e+00,7.408566999999999680e+00,8.295443999999999818e+00,8.114777000000000129e+00,7.441315999999999597e+00,6.498369000000000284e+00,9.751265999999999323e+00,6.315862000000000087e+00,9.008976000000000539e+00,1.267218500000000070e+01,nan,nan,nan,nan,nan,2.442381400000000014e+01,1.382407000000000075e+01,nan
9.879689000000000831e+00,nan,nan,nan,nan,nan,nan,nan,2.354144600000000054e+01,nan,nan,nan,nan,nan,nan,nan,nan,nan,nan,nan,nan,nan,nan,nan,nan,nan,nan,nan,nan,nan,nan,nan,nan,nan,nan,nan,nan,nan,nan,nan,nan,nan,1.292794999999999916e+01,1.084146100000000068e+01,9.974607000000000667e+00,1.237385899999999950e+01,nan,9.317652000000000712e+00,7.870785999999999838e+00,7.981441000000000230e+00,7.684797999999999796e+00,nan,9.517713999999999785e+00,1.024897700000000000e+01,nan,7.154905000000000292e+00,1.153940799999999989e+01,nan,nan,nan,nan,nan,7.382143000000000121e+00,7.650439000000000433e+00,6.919954999999999856e+00,7.210046000000000177e+00,5.882215999999999667e+00,nan,6.203007000000000382e+00,7.106513999999999776e+00,6.722733999999999988e+00,6.958215000000000039e+00,8.613592000000000581e+00,6.549361000000000210e+00,6.828332999999999764e+00,nan,nan,nan,nan,6.128438000000000052e+00,nan,nan,nan,6.868329000000000129e+00,6.520215000000000316e+00,7.916444000000000258e+00,8.998723000000000027e+00,6.435005999999999560e+00,nan,7.468789000000000122e+00,7.231887999999999650e+00,1.037014199999999953e+01,nan,9.404109000000000052e+00,7.400908000000000264e+00,8.764214000000000837e+00,8.643105999999999511e+00,8.642245000000000843e+00,nan,7.939770000000000216e+00,7.735180999999999862e+00,nan,7.404817999999999678e+00,9.256660000000000110e+00,7.959132999999999569e+00,8.632732999999999990e+00,8.456723999999999464e+00,1.148961599999999983e+01,1.382987299999999919e+01,1.155350499999999947e+01,8.456003000000000824e+00,9.513469000000000619e+00,8.459258000000000166e+00,8.957917000000000129e+00,8.868028000000000688e+00,8.152585000000000193e+00,7.234054999999999680e+00,8.666607000000000838e+00,7.368909000000000376e+00,7.940541999999999767e+00,8.161922000000000565e+00,nan,nan,1.078837599999999952e+01,nan,nan,1.306371500000000019e+01,1.610176299999999827e+01,nan
nan,nan,nan,nan,nan,nan,nan,nan,nan,nan,nan,nan,nan,nan,nan,nan,nan,nan,nan,nan,nan,nan,nan,nan,nan,nan,nan,nan,nan,nan,nan,nan,nan,nan,nan,nan,nan,nan,nan,nan,nan,nan,nan,nan,nan,nan,nan,nan,nan,nan,nan,nan,nan,nan,nan,nan,nan,nan,nan,nan,nan,nan,nan,nan,nan,nan,nan,nan,nan,nan,nan,nan,nan,nan,nan,nan,nan,nan,nan,nan,nan,nan,nan,nan,nan,nan,nan,nan,nan,nan,nan,nan,nan,nan,nan,nan,nan,nan,nan,nan,nan,nan,nan,nan,nan,nan,nan,nan,nan,nan,nan,nan,nan,nan,nan,nan,nan,nan,nan,nan,nan,nan,nan,nan,nan,nan,nan,nan,nan
